Date,Cible,Brent,EUR_USD,EuroStoxx,VIX
2015-01-07,0.009699415158856453,-0.03784601982924296,-0.0006208717070699254,0.0,0.06024100192487092
2015-01-08,0.02683680919327754,0.0009785333317209322,-0.005332010274012311,0.0012074024405341888,-0.08570081919356187
2015-01-09,-0.021558047128507174,-0.0037146126244027577,-0.003314069355740079,0.03577718892455484,-0.11910923359252923
2015-01-12,-0.008769787050932934,-0.016679719179588548,-0.003373735503850117,-0.029402813798740435,0.03174597301073678
2015-01-13,0.011007534501379035,-0.05348234429320986,0.006327069728334633,0.013566016175911466,0.11680918709558497
2015-01-14,-0.026199796346641196,-0.017710313033589165,-0.0033009073829860514,0.01610806661167219,0.04897954417287975
2015-01-15,0.031453869950919366,0.04507401732653671,-0.004499345994830373,-0.014100880075093358,0.04474708658518822
2015-01-16,0.02818183802924516,-0.02094887012800506,0.0006482569125643156,0.02190854921673857,0.04236498448814063
2015-01-19,-0.00010131494895944855,0.0004195606992218881,-0.012603336567629353,0.014214369373643176,-0.06431436650126654
2015-01-20,0.001087486545090018,0.0,-0.006130007751373401,0.005827143551476732,0.0
2015-01-21,0.025983116325283013,0.006290691138535642,0.0027603766901020954,0.007457549212805725,-0.050596722419512186
2015-01-22,0.014827139362281342,0.021671120326230975,-0.004399387773624253,0.007645815364039521,-0.05228753343853643
2015-01-23,0.00610914960440558,-0.010401760845006436,0.005923740168954472,0.016184798803298595,-0.1299735126450129
2015-01-26,0.007685854305563622,0.005564724963238676,-0.023124580111494097,0.018027823648264052,0.01585367286155681
2015-01-27,-0.003948880628784106,-0.01291250371579189,-0.019502980561736605,0.009380491052820572,-0.06842733493935294
2015-01-28,-0.013693369872392872,0.029900303805469486,0.01098909812204485,-0.012213395156243978,0.10953600550574838
2015-01-29,-0.021370459463802133,-0.022782203390742994,0.010639768137864047,-0.00403848592827849,0.1869919482636646
2015-01-30,-0.004005712606359864,0.01361666661419858,-0.007558477129668395,0.0038315780292623725,-0.08219179360472739
2015-02-02,0.028577006506573726,0.07856707768029447,0.004794910507402328,-0.0060472017409870515,0.11780378771372657
2015-02-03,0.040407370131811206,0.03321378119994289,-0.002340951732540897,0.005570789374728102,-0.07343820021958614
2015-02-04,-0.014952847285752116,0.05771689219017562,0.002892156413198954,0.013076671922883643,-0.10808030614957465
2015-02-05,0.010085272784613797,-0.06475565549785756,0.010197043765431069,0.0003954383434037201,0.0577034047549001
2015-02-06,0.0007925039052365709,0.044497781650700396,-0.012099805787988194,-0.0019235867648710325,-0.08074192844497807
2015-02-09,0.010015191528154907,0.021742965332716135,0.013537018424613745,-0.003168136015641254,0.026112790747559567
2015-02-10,-0.016519531985744407,0.00934257651652537,-0.013735707342063086,-0.014834473189369035,0.07287439299101806
2015-02-11,-0.010894657589409348,-0.03273911282853137,0.0011100808001009987,0.010568257131655656,-0.07115901612475684
2015-02-12,0.009540651773897013,-0.0313663024666212,-0.00044160346681876295,-0.002657299762580001,-0.015670369410156537
2015-02-13,0.022668687551012257,0.04372483344896305,-0.000882333648256961,0.012883346935131046,-0.09551881010229057
2015-02-16,-0.005622722363658054,0.005959687241626099,0.008130961209320775,0.008772206169347374,-0.04237291823591893
2015-02-17,0.00093746703410628,0.0,-0.00034192887398565297,-0.004144935650178483,0.0
2015-02-18,0.007622635531596885,0.08956263189254443,-0.005791773876231532,0.0014970706040910997,0.07556165024223915
2015-02-19,-0.016528324644375442,-0.031984647993663184,0.0062384441848408745,0.007957128200030583,-0.022151922610416652
2015-02-20,0.002674918807772745,-0.0052866297914691,-0.0004103701777322666,0.006428538572041509,-0.010355977306624964
2015-02-23,-0.00020976308678233302,0.00016612085006739719,-0.0029213495365388864,0.000702378132669379,-0.0647481866310079
2015-02-24,0.013274691615268766,-0.0219196225185464,0.0012975205632153042,0.008322532275700567,0.018181833945029924
2015-02-25,-0.0007357711858926678,-0.004074731277576404,-0.004261228694772967,0.007819120156490555,-0.059752803170338264
2015-02-26,0.000183665477400341,0.05063077443622177,0.0005329870828207905,-0.0014998359823255036,0.010956944981906913
2015-02-27,0.005248940347930146,-0.02563689442919892,0.0021704473487005327,0.009362499035818983,0.0050577813621721646
2015-03-02,-0.009886030506373341,0.04213160076832634,-0.013928232325823187,0.006730199384632263,-0.04097769238511273
2015-03-03,-0.005579307439798527,-0.04857783359825307,-0.003873193061338487,-0.00219780831046823,-0.022488769662919794
2015-03-04,0.0011603492233080992,0.024857230760477966,0.0015315062556262582,-0.011690038245019019,0.06288341236372941
2015-03-05,0.003983769496522682,-0.007702412605330111,0.000279493703713829,0.009672800489504363,0.026695519099874554
2015-03-06,-0.006070419477258855,-0.0011560643386659963,-0.008954305473646285,0.009702972590522885,-0.013352044026379573
2015-03-09,-0.0008020003264321655,-0.012400793744653305,-0.004512011125288762,-0.00016302087395925202,0.08262107197748247
2015-03-10,-0.033948796858259765,-0.020090419757845646,-0.016865576664300552,-0.00202898249480421,-0.00921048627665777
2015-03-11,0.0007172691655762767,-0.036562436943111565,-0.0011591210771538796,-0.011918751162705576,0.10823373632299038
2015-03-12,0.0009699440608773221,0.020393714104029792,-0.011511899510185497,0.023068200732356825,0.010784919078251187
2015-03-13,-0.02342985638151814,-0.00799442261302652,-0.014937031829733827,-0.002252330599238128,-0.08595143395412796
2015-03-16,-0.005524676944988316,-0.04222150639102118,0.0073534322628197035,0.004089146874922678,0.03761348384152874
2015-03-17,0.014931203191770326,-0.02249862051275897,-0.013615662285804575,0.013823068041076247,-0.02437502145767212
2015-03-18,0.01603891187012607,-0.00018709434487529375,0.008712070075969303,-0.009331648449618979,0.0032030872411630273
2015-03-19,0.01051403214999691,0.04641586240073603,0.002374050241785275,-0.0009912129823437255,-0.10791823734676353
2015-03-20,0.029659050268482885,-0.026471106175558923,0.02377234840675002,0.0006024121241630098,0.007158155038223146
2015-03-23,-0.002122490812837552,0.016351265564181983,-0.01668624191490975,0.01507604432499221,-0.0746268130657316
2015-03-24,-0.001617794420562313,0.010845959461876609,0.014778276686364,-0.007254299785290019,0.029953869119557996
2015-03-25,-0.0018433915555156795,-0.0144849353561598,0.010934131393676827,0.008734714480662653,0.01565995828012623
2015-03-26,-0.00030398459491097024,0.02485935250792637,-0.003924815200944898,-0.01267907254895928,0.1336269978059188
2015-03-27,-0.004643822912871946,0.04798157058138952,0.005359699403703955,-0.0038680361366610905,0.023316102340374956
2015-03-30,0.006677002859474516,-0.04696737360697323,-0.006760489237631284,0.0025178525572366883,-0.04620256247457
2015-03-31,-0.011339219611091652,-0.0021272634676362534,-0.00013052790324119545,0.013256216759005568,-0.037159885685645655
2015-04-01,0.008723973510283164,-0.020962875927939106,-0.005025323200037679,-0.008160353457044467,0.053756011072874976
2015-04-02,-0.003684453861292051,0.0361095598209038,-0.008504503378015116,0.0047357886721408615,-0.01177242025015457
2015-04-07,0.03803652629647758,0.05768877388411786,0.012013541333229849,0.0,0.004771621980925289
2015-04-08,-0.011131714965940917,0.016861657953312514,-0.006046965979111696,0.014386558955577167,0.0027137016603897557
2015-04-09,0.01155286010736197,-0.060067670536658846,-0.010120584903829721,-0.006922798216222326,-0.054127212800296864
2015-04-10,0.009516457223588773,0.01836184467637536,-0.003591537227713437,0.010463272478488328,-0.06366233324683412
2015-04-13,0.0039900476208730344,0.02298036492970823,-0.010775757970984845,0.009246936065174571,-0.038961055992119964
2015-04-14,0.0006463415319086044,0.0010368303853200977,-0.005548917954294907,0.003149273074674719,0.10810808147259454
2015-04-15,0.01471529355639789,0.00863110646238563,-0.0034785770327849797,-0.011557206123467556,-0.019368688107373022
2015-04-16,-0.001887380455859992,0.03234638678379431,0.007016504587601835,0.005025728263222007,-0.06071689239749256
2015-04-17,-0.008054874905988108,0.0013262903093407274,0.0027866658336563876,-0.01362676380214023,-0.018691570737231822
2015-04-20,0.008372171329698566,0.050496674834581645,0.007378339683203672,-0.020702483789173498,0.10238094625379324
2015-04-21,-0.00904231848013709,0.0,0.005080779754110587,0.011973160313481834,-0.04247661180739404
2015-04-22,-0.005544090537426438,-0.021591787476935242,-0.005803639611723255,0.00036036291592433933,-0.0037594127832941693
2015-04-23,0.009124474035475524,0.010470323647066682,-0.0005370663400049436,0.0013739138197443879,-0.040754714102115286
2015-04-24,-0.005749258583553425,0.033795615293402914,-0.0014802230744337397,-0.0071446312090103214,-0.01809602637453467
2015-04-27,0.011256693180461574,0.006630691060808269,0.008316786081770111,0.004348458747873041,-0.015224325909650949
2015-04-28,0.0006269468847966605,-0.006893335733102135,0.004988814297946176,0.015479431883768324,0.06753457496194426
2015-04-29,-0.014828601588745568,-0.002930779516270743,0.0008267566439954521,-0.01485636294324022,-0.054115857038112836
2015-04-30,0.008257697284813478,0.018564309399333956,0.008380406821014708,-0.02645994706394117,0.07896861466239313
2015-05-01,-0.0004912317995976098,0.014277073111944816,0.013237203319521829,-0.00042023037344951497,0.0866318011702345
2015-05-04,0.0006510135066745693,-0.004791849366182155,0.009027745228146644,0.0,-0.12714779087410377
2015-05-05,0.0006598432015311554,-0.000150498591156345,-0.0025615628658635092,0.004798622933980701,0.011811068854911122
2015-05-06,-0.0008370080229622157,0.01610232872783479,-0.003288985702471603,-0.023776854064662567,0.11361867663851255
2015-05-07,-0.026474477307254385,0.003702606819155907,0.0033335193782932926,0.003234111509075266,0.05870015194144029
2015-05-08,0.018403626453321758,-0.03290535396193228,0.013870673307220915,-0.000511538223227026,-0.0013200993130648708
2015-05-11,-0.004714860461269603,-0.002288701919187286,-0.008334004280467489,0.02622736580678775,-0.15003307604717442
2015-05-12,-0.005006067939435681,-0.0073405066832750165,-0.004701511718801732,-0.006869490583191196,0.076982951105947
2015-05-13,0.0022015579060475354,0.030041547345967645,-0.004435549656303772,-0.01415673604734824,0.0007219693091775614
2015-05-14,0.0025326460619051194,-0.0007478769264335217,0.006912466303839349,-0.0055078713843362825,-0.007214966109124976
2015-05-15,-0.016735053688686812,-0.0032929386131196337,0.011498061400544435,0.0,-0.07412793901141956
2015-05-18,-0.0033778312687898215,-0.00030029500174377777,0.0048014629669170805,0.005529925231579913,-0.02825743038813644
2015-05-19,0.004588213152994865,-0.004506580338487498,0.0035136753843081348,0.004519895225890469,0.028271359011309283
2015-05-20,0.0021313460126639408,-0.03395201620604593,-0.01038610716641919,0.022651174765473625,0.009426617717876118
2015-05-21,0.009012062824199049,0.015776354095448974,-0.015850600736273313,0.0035308242070710705,0.002334609500436402
2015-05-22,-0.002574210602286131,0.023220085569357174,-0.004118285527832555,0.0014225651455035404,-0.05978264370513131
2015-05-25,-0.007268038649167548,-0.01758338071606924,0.0010000016108273613,-0.002597128055555231,0.0016515655103792604
2015-05-26,-0.014397729199637499,0.0,-0.010696150975556318,0.0,0.0
2015-05-27,0.00867904516324978,-0.025240958490936882,-0.001985882051857568,-0.016264628553731786,0.15910966916464342
2015-05-28,-0.0067890592518647,-0.026051472310279267,-0.007502323627592844,0.017564188517599666,-0.056187762324018786
2015-05-29,-0.008960881028927484,0.008378995266788092,0.0010246067651416002,-0.008732362322502962,0.0030143150318902023
2015-06-01,-0.006112562895823996,0.047618977953757025,0.005534912690249305,-0.021894352741212875,0.0398196631301424
2015-06-02,0.008473594959349184,-0.010372183198573692,-0.00021915980981057626,0.0011930193769074116,0.009393071749107529
2015-06-03,-0.00061962825939151,0.00940198267840442,-0.003189447040307769,-0.0036783214567363,0.019327093695666653
2015-06-04,-0.019363608887379424,-0.025805446355708694,0.020783551356337915,0.006156893234388283,-0.04073033237559609
2015-06-05,0.0010812331657924317,-0.027742954215201676,0.009670482357685639,-0.0076566861682418885,0.07686677909691086
2015-06-08,-0.006570789596043495,0.02063521875195251,-0.004438275055515528,-0.013038503921072753,-0.03399048257670745
2015-06-09,-0.0034218643694745587,-0.009793124832304878,-0.008897615308484652,-0.011880294089149701,0.07600280934600834
2015-06-10,0.01631219365545844,0.0349337801034173,0.015556452963885414,-0.003321507978419014,-0.05362980358862224
2015-06-11,0.0031919976839863327,0.012638713463894558,0.0016044342110643761,0.02016030497043153,-0.08638562383777126
2015-06-12,-0.018785108518464304,-0.008980157767060737,0.0011425006003165095,0.007211137389540712,-0.027987887903593744
2015-06-15,-0.01192233620978513,-0.01904471919586581,-0.0063060369615396406,-0.013834780102556787,0.07237348824071366
2015-06-16,-0.0007094445782355555,-0.019727545680358505,-0.0018400050395988021,-0.018471081689951596,0.11683604075109955
2015-06-17,0.005172656737240988,0.00031944509772707796,0.005085862983867706,0.004659596579686509,-0.03768680381853917
2015-06-18,-0.0006696153428542573,0.019798784011211046,-0.003102800893038382,-0.007333357694925935,-0.020931830576188637
2015-06-19,0.00119562275888709,0.006106203395456866,0.011381383444843962,0.006325884968464868,-0.09034485652528956
2015-06-22,0.02250723086406346,-0.019296633010344566,6.814974491020642e-05,0.0015505507200395119,0.058377595319172526
2015-06-23,0.0007703206664476658,0.005077748214849409,0.0001934272477661647,0.04058973828037771,-0.08739256903259651
2015-06-24,0.009757251325494376,0.017524420476480618,-0.0020996162076409863,0.008314605048113322,-0.049450559321762344
2015-06-25,-0.004214087549258616,-0.014895194960929725,-0.015585144308720156,-0.00414234526281454,0.0949628905703972
2015-06-26,-0.002644244344738996,-0.004567662747844925,0.003115480528033343,-1.1088235240430677e-05,0.05656108499654566
2015-06-29,-0.03085013744146718,0.0009493284473016672,-0.00035846842292086567,0.002896833577333613,0.0007137921997475427
2015-06-30,-0.015453314732702395,-0.01975972230739864,-0.020347664549454803,-0.04210290854284848,0.344507829244143
2015-07-01,0.00423805543838061,0.025479791546874297,0.022591827635104034,-0.012857059808930038,-0.03289129054039086
2015-07-02,0.010920855994361359,-0.02484670274042111,-0.007839072189334995,0.021020348521556542,-0.11738888883076282
2015-07-03,-0.008027283104909041,0.0009676080457201586,-0.00910273805855788,-0.009447192164272256,0.043505329788754876
2015-07-06,-0.02033599166791411,0.0,0.004833896591066145,-0.006205151298455225,0.0
2015-07-07,-0.022351695094152597,-0.08909294033326698,-0.008290269870579015,-0.022244450041989827,0.013102995911753457
2015-07-08,0.01626797481077961,0.00548280073530405,0.004905826731768315,-0.021101275049316692,-0.054085835621086376
2015-07-09,0.01725387962069887,0.003518043417898964,-0.003534203672930669,0.010111760155375293,0.2218769211291789
2015-07-10,0.01454732511398471,0.027344459143789246,0.005546563381724434,0.02780767221543945,0.01576802992616444
2015-07-13,0.0020718245658325287,0.002047413933375264,-0.0007190668798957578,0.0318067468311789,-0.15723582862362107
2015-07-14,0.009395179268311293,-0.014983842584271989,0.005965179360537531,0.017461941000993075,-0.1740938988982823
2015-07-15,0.0016913988551138237,0.01140881356647494,-0.012452284061309937,0.004667967370126869,-0.03812947823859225
2015-07-16,0.004323027541911699,-0.024952984555724034,0.0015961878920103256,0.004624146787997274,-0.010471229956700912
2015-07-17,-0.009670695671977777,0.008063086601652891,-0.005854768727755255,0.01449825551768158,-0.08465607893511407
2015-07-20,0.0005082091591060619,0.00017391995344095967,-0.005257993415770934,-0.0016510194357699515,-0.013212209079121462
2015-07-21,6.289379349024478e-05,-0.015125155162743709,-0.005122730347380866,0.004424655439411396,0.025104618872233475
2015-07-22,-0.01772056574165189,0.006884366798653563,0.00047682631799483843,-0.010475865536370588,-0.002448957793566686
2015-07-23,-0.004997056310957167,-0.01595371375887178,0.009649040679358345,-0.003393645474474627,-0.008183337093661147
2015-07-24,-0.013242896635127769,-0.015321585497707901,-0.0011801107211915074,-0.00025860674958910757,0.04290432860343918
2015-07-27,-0.024086219216310805,-0.011760476216670646,0.0056702422739880465,-0.0095304881919277,0.0870252688225992
2015-07-28,0.013102747833242612,-0.021054517277010132,-0.0015141702600819373,-0.02413886176215274,0.13537122571583526
2015-07-29,0.01948226370153272,-0.0031793899338224962,0.010724127396219085,0.011673453253718824,-0.13846158642740525
2015-07-30,0.009257042971137793,0.0015009724615353548,-0.0021689777491131768,0.006026803117402002,-0.06994044715263992
2015-07-31,-0.0057251614958599055,-0.0013113468232212044,-0.007403244401325337,0.0023101497394637516,-0.02959999084472653
2015-08-03,-0.005843637282323381,-0.02063406978956628,-0.004080268727305825,0.004715650794143933,-0.0008244211696197823
2015-08-04,-0.005372117155716727,-0.05152267140163569,0.0027202083408026656,0.00963980834293765,0.03630367476998697
2015-08-05,0.016326531404775618,0.009491139264103943,-0.001183181156478863,-0.004425880008311234,0.03503181255440824
2015-08-06,-0.010540868909318693,-0.00800163057508374,-0.006119636871587453,0.015870411895179792,-0.0376922900860126
2015-08-07,0.00889754644556425,-0.0014115687559755896,0.0012975219323574372,-0.0022519968169919524,0.10071944091358787
2015-08-10,-0.00023397904773022246,-0.018376410319064118,0.0021963250915382204,-0.008360412411695828,-0.027596231068145682
2015-08-11,-0.013271517714667872,0.03702940165520663,0.0034758939700150204,0.010209437594045134,-0.08663187239310921
2015-08-12,-0.005192901780656826,-0.024399911643710803,0.004737264158738208,-0.018955387902943266,0.12101394532350218
2015-08-13,-0.004193162118670472,0.009760055698613268,0.002274687260258146,-0.033525861016425074,-0.007293973828700451
2015-08-14,-0.012581229705517746,-0.00886022207130377,0.010770364510168218,0.00910914359532411,-0.00881703810331902
2015-08-17,0.00023291485046861293,-0.003860268929175237,0.0,-0.007144141673291804,-0.04892511924463905
2015-08-18,-0.013154464282930637,0.0,-0.006090043305764126,0.0019678642089075993,0.014809083023184844
2015-08-19,-0.019504419685418384,-0.00448699595111457,-0.0013515696186234827,-0.0007204378631765485,0.059139744778596626
2015-08-20,-0.008065069116565479,-0.03380457855880725,-0.004257874291125452,-0.018750406856819057,0.10587382466901651
2015-08-21,-0.029427293712952107,-0.011450401129655119,0.007904936297541187,-0.022263459947147846,0.2550819271900615
2015-08-24,-0.07352272579670222,-0.02488202217908575,0.010697606245615221,-0.03167455041382938,0.4644723918750533
2015-08-25,0.02953600107006941,-0.06093269937415802,0.012457658135525795,-0.053543638841550334,0.45344276419788976
2015-08-26,-0.019147696302213062,0.012180849718705256,0.01811596974290519,0.047055571288478815,-0.11585667712914927
2015-08-27,0.052593863425475784,-0.0016199883431465834,-0.002772274007746711,-0.014692318903109514,-0.15824543838146699
2015-08-28,0.02182317289660281,0.102457163796418,-0.018257447261945337,0.03470811122549633,-0.13918203680176378
2015-08-31,-0.008525491439217566,0.05235487367264624,-0.008121015141084098,0.0017709381738084673,-0.0019157526313554607
2015-09-01,-0.022284735852716564,0.0819181288974411,-0.0030165946088135387,-0.005160426041755151,0.09136280759383975
2015-09-02,-0.006485190009476634,-0.08476454336560413,0.0010552767505003224,-0.024742831832134105,0.10446708693189133
2015-09-03,0.025141639811152954,0.018966880562186095,0.006019366380027202,0.003176853172006666,-0.1691082653010212
2015-09-04,-0.03739420620268034,0.003564362478728267,-0.006853028334886102,0.02226730087492257,-0.01839783593058797
2015-09-07,-0.00228701435389748,-0.02111285888676173,-0.008032885311773708,-0.027473276110437816,0.08551341563903692
2015-09-08,0.010216226085773958,0.0,0.0023418749571417763,0.005571879790307266,0.0
2015-09-09,0.010765847452762803,-0.001814153426337839,0.0010718358794468141,0.011216527208231852,-0.10431653590350631
2015-09-10,-0.02264752060150806,-0.03917606237430549,0.0038888397698495503,0.011175534842756685,0.053413652372760856
2015-09-11,-0.011201964061717732,0.027532524341744358,0.0011893944140157764,-0.014935898134649683,-0.07091112220600326
2015-09-14,-0.0032679517642476563,-0.015340560633322453,0.006255229025333486,-0.010306895161048879,-0.04800984965131205
2015-09-15,0.020276766692466214,-0.03676777067313952,0.004707816083289185,-0.0038645095093339243,0.04525858631599067
2015-09-16,0.023793888461844454,0.0056071197373197545,-0.003211408739718591,0.010070467905044289,-0.0705154261638209
2015-09-17,-0.0044561510121187324,-0.00042891823516055805,-0.0031674617914708714,0.013776636756726246,-0.05279505260524853
2015-09-18,-0.03437060715119006,0.05299294547004507,0.00179546903442529,0.00123009171931443,-0.00983611185335409
2015-09-21,0.002954163603013038,-0.03280359719409909,0.009645239428679675,-0.030250719196479592,0.05392626915378673
2015-09-22,-0.029631693499971523,0.03054554267864229,-0.009553097515853759,0.00868461072782023,-0.09605032455316631
2015-09-23,0.007272462966441129,0.0032707209341422683,-0.008952704396805733,-0.03412228480829593,0.11420065611279684
2015-09-24,-0.01905664968477916,-0.027098650803495827,-0.006272076232996082,0.0012808443762970523,-0.013814677625364591
2015-09-25,0.02383274354509916,0.008795773171629495,0.006221512160082154,-0.01969159073115523,0.06055129703590434
2015-09-28,-0.02435158310832893,0.00892672454891219,-0.0009837218221332433,0.031072956834184984,0.006391202823493591
2015-09-29,0.0128021850131671,-0.02592589220355912,0.0020386953288304976,-0.023680110493641382,0.16977130309294908
2015-09-30,0.022725980033895404,0.018800156036750337,0.0026168805931965355,-0.003151841842264802,-0.02895400873542231
2015-10-01,0.01812279696279508,0.0029027449922705006,0.0022174283435552056,0.02337065473078148,-0.08684308350099357
2015-10-02,0.016935601198061274,-0.014058307219178667,-0.007451786745942268,-0.0101977552734005,-0.07959186787507977
2015-10-05,0.05012502949364065,0.00922630434213989,0.0019140391753817987,0.006233160915640523,-0.07139684068622598
2015-10-06,0.029018214713936803,0.02327028686950805,0.002997632948807283,0.03309715210900932,-0.06685766871176824
2015-10-07,0.024658720844054998,0.054213160790767656,-0.00283237570542616,0.009309268243857138,-0.007164856214813109
2015-10-08,-0.0013268848720653925,-0.011363566230699895,0.0065016088441813835,0.0019595148834044007,-0.051546392766154026
2015-10-09,0.008472745524241857,0.03350861766315494,-0.0024840588590764323,-0.00044629973029819414,-0.05326084579096346
2015-10-12,-0.013679489643543022,-0.007540013514311328,0.004176144727765729,0.007860592988224502,-0.019517804311067755
2015-10-13,-0.008862382016706694,-0.052991468844611145,0.007356438964750023,-0.0009168295993395859,-0.05327867982886125
2015-10-14,-0.0030715304448930745,-0.012434795914463836,-0.0012718839315483121,-0.008021989819761766,0.09276437804097948
2015-10-15,0.0019757987867928817,-0.0018277853273763744,0.0025958227273639167,-0.00922302956194243,0.02037354888495657
2015-10-16,0.01281257615702902,-0.008952236576728834,0.007952533167141729,0.014801489305437343,-0.10981704793009306
2015-10-19,-0.01691741430432453,0.00041060271278148264,-0.009355970882470088,0.008064651083063534,-0.062305239492885245
2015-10-20,-0.008299552360895782,-0.002462526842027968,-0.0006248753447615218,0.0021777212898110854,-0.004651205821354698
2015-10-21,0.0065421903624700945,0.002057158462569486,-0.0028208848306928713,-0.004987734919054021,0.051401901287956964
2015-10-22,0.01670168811970189,-0.017655525077308165,0.002202671679858881,0.0050710779533227335,0.06031750875806052
2015-10-23,-0.00400666992617027,0.004806757873941914,-0.0005220280727630255,0.02471712790234215,-0.1347305898732356
2015-10-26,-0.011973149730370966,-0.0018718833020043846,-0.02353599273905338,0.021681349207996137,0.0006920573711997058
2015-10-27,-0.02421105276668119,-0.009376969101907107,-0.0054660540176395545,-0.003272207374538927,0.05739971794719434
2015-10-28,0.021734625914678007,-0.0153554801888508,0.004138649294579855,-0.009837195258584175,0.009156333791500382
2015-10-29,-0.007360216998986202,0.0478529758182753,-0.0026157993765257848,0.011854468933612639,-0.07128971871120093
2015-10-30,-0.00785428107519992,-0.005096840038503192,-0.009792364670887621,-0.002250801678609915,0.019539409243679584
2015-11-02,0.0066368327990250315,0.015573814510498885,0.005936707047880407,0.0014179710032975468,0.03148528740291501
2015-11-03,0.03802540298030207,-0.015536731969879258,0.002921937945224995,0.0047597790740279144,-0.06104844690938638
2015-11-04,0.0038708767913441613,0.03586800506583021,-0.0009033163874566652,0.0023816950474959686,0.02756186246196246
2015-11-05,-0.018975779113148034,-0.03878114461748039,-0.00472551579413949,-0.0010224649404374508,0.06671253573409142
2015-11-06,-0.0021127204746804926,-0.012350808279196213,-0.00874872298479501,0.0024221258498826614,-0.02965828699927331
2015-11-09,-0.006131596544745581,-0.011671558537595494,0.0014692713335564545,0.006010161236672973,-0.04784054869793675
2015-11-10,-0.0005662362121096794,-0.004850264679827632,-0.013835355988871645,-0.01437336668687439,0.1528262767423123
2015-11-11,-0.00858642736686153,0.005297732724630855,0.0024317402352773687,0.002059407055035045,-0.07445523376681251
2015-11-12,-0.03915538000337552,-0.03435913365520782,-0.002040166257928022,0.006720388914444486,0.05035967992219903
2015-11-13,-0.007981955180571043,-0.03820126495390841,0.002367851661998044,-0.017608055886102703,0.14383570673148016
2015-11-16,0.008289324061057812,-0.010213362435622653,0.004834278085237287,-0.007984782955399505,0.09308650007356323
2015-11-17,0.0317706534270501,-0.0006878876146989565,-0.0106357861339621,0.00047017040480712424,-0.09561753404327611
2015-11-18,0.012517289628360758,-0.00022951206540200442,-0.001122239175204931,0.026681684911093795,0.03744495104016665
2015-11-19,0.0037262843592302994,0.013082389231504399,-0.0041297241541460306,-0.005799643061893511,-0.10562631395970634
2015-11-20,-0.01227529354120995,0.0009062282754974671,0.002453995013387056,0.004956412198665605,0.008308568930502691
2015-11-23,-0.0010727961048715613,0.01086463419920114,0.00526656430500827,0.0010206120741849123,-0.08946436283496895
2015-11-24,0.014382612489357497,0.00380658271884049,-0.007938201480457985,-0.0020825620958848656,0.00969616134073159
2015-11-25,0.0014541708759669054,0.028775307788108773,9.57840456268233e-05,-0.010350426965830328,0.01984637784173726
2015-11-26,0.012758947621736164,0.0010841118434194996,0.00017037845636669324,0.015385957131324846,-0.04645327750257788
2015-11-27,-0.010137635163651718,0.0,-0.0017743892564051622,0.01056020345545372,0.0
2015-11-30,0.0008398415362058839,-0.028373350889038473,-0.0019301317657413053,-0.002752550042748436,-0.004608274967605519
2015-12-01,-0.0041004410662507556,-0.0055728933704541905,-0.002021322757389532,0.005004302387329851,0.0667988943685216
2015-12-02,0.00027859065788526927,-0.0038108491664787802,-0.0009516000747492592,-0.007645926497479305,-0.09051451707597413
2015-12-03,-0.031467503461065006,-0.04387932062334077,0.00500483074575464,-0.003155493329114245,0.08452622799381904
2015-12-04,-0.023996107644658555,0.031772144523243284,-0.0012098339395217872,-0.03612917593369369,0.13827786197605163
2015-12-07,-0.03322613963068224,-0.01916058735547943,0.028545173695213588,-0.0037657215717376014,-0.18221977247469578
2015-12-08,-0.00992336950223723,-0.05279070832008537,-0.002927824698325421,0.008844843034601757,0.06954758297014618
2015-12-09,0.015066145017261556,-0.011539435943664578,-0.004593567319035707,-0.018674428303430357,0.11111112449038019
2015-12-10,-0.0030737016576686447,-0.003725725718707107,0.005534087591859249,-0.006141090487795542,0.11420455598387824
2015-12-11,-0.03126719336121451,-0.009473973132205882,0.011381609745304333,-0.0022091932835160977,-0.01376850838144017
2015-12-14,-0.02578329916706068,-0.045305795565061535,-0.00633896040313664,-0.020416092613618098,0.2611168147475327
2015-12-15,0.03614698436182484,-0.0002636998721327055,0.003273214962167037,-0.019970583097338568,-0.06806067605383559
2015-12-16,0.004003493095494082,0.0139768623308687,0.0008245063652065898,0.03257795512588846,-0.07831055060029035
2015-12-17,-0.007036640150334672,-0.03276988585771212,-0.00516201372972902,0.0016257915339989992,-0.14749403532500582
2015-12-18,-0.004606870304798653,-0.00026884436414098545,-0.005643780194730885,0.01838435030018859,0.06047031840973682
2015-12-21,-0.01476215382757349,-0.0080688336363135,-0.002797894415359825,-0.013836508543965786,0.09292503586349055
2015-12-22,0.0121399827685608,-0.014371002674735678,0.0023806451002967854,-0.014631725927452766,-0.09661835392686213
2015-12-23,0.04553699350586996,-0.0066024174372495414,0.003961352657004813,0.0004077356092162532,-0.11229948105839693
2015-12-24,0.006275480997487148,0.03461644915180817,0.003394516187773089,0.022511716861533193,-0.062048232709396745
2015-12-28,-0.013201726962938623,0.0,0.00557277537829437,0.0,0.0
2015-12-29,0.00422325790386426,-0.03351809127003147,-0.0003618671169611787,-0.009185543476751046,0.07433291571203293
2015-12-30,-0.012684417789073291,0.03194980933284142,0.0008450970943074676,0.017746112911693812,-0.04908337854497835
2015-12-31,-0.005501944222661,-0.035194543499156405,-0.0043056607474738495,-0.007935373171742643,0.07524881825636309
2016-01-04,-0.014025220455482601,0.0,-0.0068520930021604975,0.0,0.0
2016-01-05,-0.004168472662884244,-0.0016093766244185126,-0.00046677878725343014,-0.03747588836765303,0.13673815506064346
2016-01-06,-0.01985628916022351,-0.021493901814082172,-0.0024361372030363704,0.004186731366395469,-0.06570051015584788
2016-01-07,-0.02373054228432181,-0.06013176103277118,-0.006978129118013876,-0.012174266691218905,0.06463288470205808
2016-01-08,-0.03859315297122784,-0.014022773843279102,0.0025115788964840124,-0.01740508630179438,0.21369594880635545
2016-01-11,-0.011835111918956734,-0.005925948531539382,0.013635580932217062,-0.016601385580468753,0.08083235199138561
2016-01-12,-0.00812882572016014,-0.05961251998452288,0.0013785581885210618,-0.001971333333279701,-0.1003332457925521
2016-01-13,0.014320640530328554,-0.021870004544991217,-0.007589664336749347,0.012277471435049314,-0.07530864120008185
2016-01-14,0.02029316216888888,-0.017822460581050303,-0.0012904642443472003,0.002727907063632573,0.12238540649912721
2016-01-15,-0.02803864834518675,0.023754577149107226,0.003875405701209589,-0.015951741029896493,-0.05035680352864047
2016-01-18,-0.00557817491517304,-0.0006445522823426142,-0.0024866815033844913,-0.02365080010954035,0.12818369924959572
2016-01-19,0.015043165493160945,0.0,0.005623801410034268,-0.005788384003847402,0.0
2016-01-20,-0.05503382024885828,-0.072557239064591,-0.0022880082669158863,0.015364261412182945,-0.0358993783963617
2016-01-21,0.03708861540289443,-0.03059808974658862,0.0016479181916557728,-0.032846915327520154,0.05911711940998576
2016-01-22,0.05237768957143726,0.04913919944306522,-0.003295766625946994,0.02127594701793134,-0.03262050067244582
2016-01-25,-0.015300108512844801,0.10017095060430026,-0.001379393487719649,0.026933490436791496,-0.16298240143978016
2016-01-26,0.02471101569315992,-0.0522063483295111,-0.005799128462548264,-0.007088469513371054,0.08102056640911481
2016-01-27,0.004665540330696864,0.04262292580526372,0.00500327082593266,0.010347213416908918,-0.06832296664983095
2016-01-28,0.027651595497450405,0.04088048013364398,0.0010972959946609073,0.003504926901666261,0.027111138237847276
2016-01-29,0.018929451251875912,0.02386709824609201,0.003959650601896625,-0.021045073368451073,-0.029857226994124297
2016-02-01,-0.023073054528643517,0.02508121286889109,0.0026577337494810838,0.022041258948922282,-0.09901870231043552
2016-02-02,-0.05543690271649513,-0.0014393508733998583,-0.010154779567405514,-0.007907837676382368,-0.010891149128407829
2016-02-03,0.00022164776574358966,-0.05678862738521684,0.006592904421440338,-0.022892976814314014,0.10010010239350309
2016-02-04,0.053049004285208236,0.07090463350460618,0.0022717767915581,-0.01870698477798538,-0.015013645613228266
2016-02-05,0.006114413181776819,-0.016552563239165652,0.015471940292968833,0.0029931908343108216,0.008776006346669751
2016-02-08,-0.02760665628217135,-0.011607594945116428,0.009822411750006088,-0.008918237639672033,0.07051277460711147
2016-02-09,-0.031831993292818196,-0.03464475213148721,-0.004903881349764272,-0.03272219956942446,0.11206163102135425
2016-02-10,-0.007720139571644062,-0.07785892001608019,0.004017161796092905,-0.017474668777923252,0.020769265981820828
2016-02-11,-0.04041813404539011,0.01715041104873216,0.008952991441609548,0.01920337980198239,-0.009419743458024432
2016-02-12,0.06218989496397879,-0.025291850933407134,-0.000800888294402502,-0.03897382595107879,0.07036890109153449
2016-02-15,0.017510222355958855,0.10978047914298994,0.003282205532217697,0.028283549421179943,-0.09737028537840331
2016-02-16,-0.0005552998743220497,0.0,-0.0081276913116195,0.028195100268565643,0.0
2016-02-17,0.03870775467284038,-0.03537171113868709,-0.004626080607256444,-0.004449783123578688,-0.05078736328947053
2016-02-18,-0.01212722343957486,0.07209445844694651,-0.00241884576687057,0.027101352116727373,-0.07465786390881946
2016-02-19,-0.0113020942036318,-0.006376846976902217,-0.0021578888493676285,-0.000886927786452496,-0.030031380203156988
2016-02-22,0.038075493694996444,-0.03704785597981641,-0.0010777409623446976,-0.008324216129919626,-0.05129384169640505
2016-02-23,-0.025322145255128475,0.050893680418028886,0.001168061359324346,0.021894380875355113,-0.05601565939678543
2016-02-24,-0.030461182075560884,-0.040933935576809466,-0.00862394615890183,-0.01585939265034264,0.08255936278412279
2016-02-25,0.023440688341495042,0.03426508488016622,-8.82068233815092e-05,-0.023252878146649114,-0.012392766184689874
2016-02-26,0.04270924774158554,0.025573992212075458,-0.001189491781177221,0.02027484605516605,-0.0777026426813272
2016-02-29,0.01146493732591991,-0.005384030503741033,0.0010032290793346998,0.017981383197159362,0.036629975574759666
2016-03-01,0.012235567166801206,0.024786404114047977,-0.009165226332887633,0.00566376995057194,0.037354860730328676
2016-03-02,0.012714679268424844,-0.0002780688321109004,-0.0032013371060571894,0.01719083173321745,-0.13868606228370617
2016-03-03,0.01599268070983793,0.02697445065069437,-0.0011963651431659006,0.008593674696267373,-0.03446330983379342
2016-03-04,0.009907799098580916,0.003790939303859542,-0.0006413174376633801,-0.0030672886498041008,-0.022820326867544316
2016-03-07,0.003821046573002825,0.04451042728520127,0.0073577831603117705,0.008125136337308048,0.009580828748653625
2016-03-08,-0.019140658465969667,0.0547520368039458,0.004111755701719844,-0.005353353825814144,0.029062856072337162
2016-03-09,0.0042707607225597926,-0.02913806616706338,0.0020048998059725154,-0.006315626998836699,0.07608067238050409
2016-03-10,-0.02943093282930635,0.035813319402232535,-0.0010893965260511118,0.0047201447792994955,-0.017675410945770076
2016-03-11,0.02093432632206192,-0.024835657787750542,-0.0013627161764127038,-0.015052120023574034,-0.0158124816311096
2016-03-14,0.00027874221611832545,0.008489392236324278,0.017237219645811264,0.03467776762846797,-0.08587253753884172
2016-03-15,-0.014338276373199621,-0.021292414541902005,-0.000938131821971,0.005914480887446061,0.0254545500784209
2016-03-16,0.017017555777574245,-0.019984748930572338,-0.0059062695138417665,-0.008011054304269738,-0.004728127857288822
2016-03-17,0.021602415051356738,0.041042851928209334,0.0006331996781279159,-0.0016822820006093808,-0.10985750384244664
2016-03-18,-0.0025720578653763426,0.030002455480697243,0.009895143372377513,-0.006188648411911912,-0.036691140702655
2016-03-21,-0.007922511360673365,-0.008184885534289976,0.008828060656284942,0.00547794069864449,-0.029085812660977983
2016-03-22,0.003778673540602758,0.008252430735237626,-0.003440202338077847,-0.0035950414344164683,-0.016405170356701415
2016-03-23,-0.015305803288640193,0.006018295486039715,-0.003820199804535185,0.0008068699579637517,0.02755620852009466
2016-03-24,-0.012959799551793364,-0.031586495953718985,-0.0011559188669088005,-0.0028873794011412546,0.05434011996778643
2016-03-29,-0.01580472083581308,-0.004203713519244201,-0.0007142132819546454,0.0,0.03392130310474695
2016-03-30,0.02961649337529652,-0.028060617215547645,0.0038312653772156757,0.006073577737985891,-0.09317585942389806
2016-03-31,-0.01568673168030149,0.003065889978437264,0.007972204599380639,0.013055466272688276,-0.018813262007877807
2016-04-01,-0.026986792969338258,0.008660218215073234,0.0037744214930781617,-0.012867568331863755,0.028761016045710575
2016-04-04,0.0004408026582847224,0.001515186252601275,0.003971520155554131,-0.017188388254880338,-0.06093185945643298
2016-04-05,-0.021891040882263364,-0.04967224478775867,0.0009111707989557516,0.0030474590660956036,0.07786255529672892
2016-04-06,0.006740571118363292,0.004775810871169073,-9.10550644512842e-05,-0.024281948677788656,0.09206800292289019
2016-04-07,-0.004143244512530102,0.052020102357184905,-0.0006146253192974571,0.006577061298228104,-0.08625161589660046
2016-04-08,0.03350890537571016,-0.010291160789201892,0.0020186604071505965,-0.012989123954128767,0.14691268079539554
2016-04-11,0.006088378687687875,0.06365707081173233,-0.002718353037830301,0.014072410265949964,-0.04950496276539118
2016-04-12,0.0158865568245569,0.021220868705010387,0.0025542954159876174,0.004206759690026374,0.05859378856257624
2016-04-13,0.037150800158495735,0.04342742741387595,0.0008672785705876596,0.006107627492079937,-0.08671585655377767
2016-04-14,0.0020613724726744795,-0.011411911774559802,-0.0024477091243334526,0.0330036982603894,-0.06801348167924248
2016-04-15,-0.008291628242700891,-0.007695793350822155,-0.00930524911166175,0.0071302440562823755,-0.008670511866767816
2016-04-18,-0.0037756205046553712,-0.016879600271240247,-0.0008001862697506468,-0.0021301265992001994,-0.007288657399667997
2016-04-19,0.019220644208557774,-0.004408320961381662,0.002655602256659062,0.003172515544247023,-0.019823752302349784
2016-04-20,0.01172773299927273,0.02610111712578611,0.0008029258529465011,0.015978942918106753,-0.008239745858303338
2016-04-21,0.014154101672445796,0.04019987524042201,0.004475637611547123,0.009486066254473124,0.0030211452072894662
2016-04-22,-0.0004961797193285636,-0.027729268098677373,-0.004804624797673518,0.002918015420111164,0.050451813988406036
2016-04-25,-0.016701881896990105,0.013024968492124644,-0.00115180598285336,-0.003353700527417347,-0.05232971700483369
2016-04-26,0.014106252527844476,-0.013965884717161092,-0.005133943770589289,-0.007481407626347414,0.06505292279169761
2016-04-27,0.027286528992576737,0.028327386447790426,0.0031102056980327752,0.001177154924927315,-0.008522719191002448
2016-04-28,0.003341737216970453,0.03148226003207388,0.002666631687048726,0.0029282419972962437,-0.013610285090552288
2016-04-29,-0.02047409918463,0.020347585380734667,0.0026509938668533017,-0.0015972246973052773,0.10530136245911392
2016-05-02,-0.007245773440019439,-0.0002076925978390376,0.0023733463784081366,-0.031106111104558187,0.03153742009296501
2016-05-03,-0.02605121090220419,-0.0006233657454459696,0.00943406129783142,0.0014497464757663447,-0.06496812206885616
2016-05-04,-0.010842929430572227,-0.028066497233828924,0.0054052238364381555,-0.01925745057170891,0.06267030362183146
2016-05-05,0.012248419412007697,-0.045561520173587944,-0.0018176723512414172,-0.011919155320376906,0.028846079781212453
2016-05-06,0.004999195187536128,0.008740461653613973,-0.0009538577405892035,0.0,-0.008722703819522226
2016-05-09,-0.022238675396773655,0.007998236475812881,-0.007573632043958556,-0.0006499062898766006,-0.07479570030145943
2016-05-10,0.01232747671869483,-0.03835128729850401,-0.0015828700124570494,0.006466130148752747,-0.010190256079042004
2016-05-11,0.0030736539519646278,0.043318802277766855,0.0,0.007828559817891767,-0.06451610158353138
2016-05-12,0.005847776532065567,0.045694156314593615,-0.0011943994494666432,-0.007472384745245031,0.07776958598990169
2016-05-13,0.002155630848414155,0.010084104460519328,0.004627989621766249,-0.007187042449460335,-0.019060567799137118
2016-05-16,0.007648923350294878,-0.005199667023276344,-0.004380185998552388,0.0072117903690429586,0.043719647544205875
2016-05-17,-0.0009648040223420214,0.023834399874688383,-0.00527364761534832,0.0,-0.023936147446166123
2016-05-18,0.003347870446964681,0.006330356358306366,-7.921335242178085e-05,-0.0062705836228100775,0.06062666015985352
2016-05-19,-0.03500865933856728,-0.0071022419397488434,0.0,0.006242097145212844,0.024405916627425306
2016-05-20,0.015118433094030234,-0.0024524612944274438,-0.008226410538654472,-0.012586112912492009,0.023824458870537413
2016-05-23,-0.008799262943895195,-0.0018438875241896246,-0.0015128779446443863,0.01470938875356742,-0.06919780279977295
2016-05-24,0.014091019647790711,-0.007594473261728907,0.0014028329417130614,-0.009867792872780834,0.040789466667043195
2016-05-25,0.026122044744966304,0.0053775004019831485,-0.000504809553903196,0.02631845538283839,-0.08849555281523214
2016-05-26,-0.001528575616315364,0.02324626730974777,-0.006961217486073257,0.017102301059284786,-0.03606105790654868
2016-05-27,-0.007020303902118867,-0.0030157121193633563,0.0018858629101818902,0.003138836874419626,-0.033812901169287035
2016-05-30,0.0022396771813856984,-0.005444655312217828,0.002965871697392375,0.002367151586416094,-0.023082681502041957
2016-05-31,-0.013983592020083443,0.0,-0.007332520573385626,0.003745364390876915,0.0
2016-06-01,-0.010649133503762453,0.007502005964602487,0.0034559962162050706,-0.008585742186280942,0.08155485549980424
2016-06-02,-0.003131382376428108,0.0004025046954403422,-0.0011136711230264051,-0.008065977612074726,0.0007047377855924353
2016-06-03,0.0009396009044106793,0.006638540276251215,0.004766559853420338,-0.001615756400720425,-0.04014082411834319
2016-06-06,0.024527008086634994,-0.007993635462840043,-0.0033121441200332224,-0.011968270555693383,-0.011738800151776196
2016-06-07,0.022751643013034412,0.01833198748189102,0.017843763806153712,0.0014511362428546448,0.0133629805444071
2016-06-08,0.007701914125620972,0.01760631855748751,0.001147774526210954,0.012921829616042269,0.02930407204272578
2016-06-09,-0.011240848428889968,0.020800927748638065,-0.0005451684147652625,-0.006883283742815771,0.0021352122821303166
2016-06-10,-0.014517328806057736,-0.010664589154330772,0.004334757925811061,-0.010176298901029224,0.0397727572905624
2016-06-13,-0.011820478792557746,-0.02714147885861029,-0.008067667286345337,-0.02606863133232873,0.16325138574281683
2016-06-14,-0.02536941762580493,-0.003759446734554306,-0.006631662188737231,-0.019782861439627153,0.2313563398619609
2016-06-15,0.004872675066829479,-0.01032763969861239,0.004539075631321499,-0.019744066102567626,-0.02241293890053586
2016-06-16,-0.0009921988891969196,-0.017258691124823478,-0.0069072880054985575,0.011840538684286361,-0.017561005383003092
2016-06-17,0.028487592904932708,-0.03634883703538905,0.004426245036899701,-0.0038865137300740926,-0.03823230256952259
2016-06-20,0.02438510753078042,0.0419580334786378,-0.0009451934899983305,0.010594783290019283,0.002064997751455744
2016-06-21,0.005033128114091383,0.03009972365360647,0.00862529003733603,0.03289026751897994,-0.05358057786473247
2016-06-22,0.0015864385183239071,-0.0005923512949710386,-0.0022985658831186084,0.008311655946605878,0.005987953074449548
2016-06-23,0.02003922538115129,-0.014618685882733518,-0.006390338752806923,0.003696903751576164,0.14556280306769365
2016-06-24,-0.04353011092755791,0.0206495340264794,0.0068989244522741355,0.019994576674881914,-0.1851676930640893
2016-06-27,-0.004956582616241971,-0.0491062661067182,-0.0003736788254172785,-0.0861692146033034,0.49333334660184547
2016-06-28,0.022412737554948953,-0.025821111422020038,-0.025437870857757172,-0.028331265915126025,-0.07414595615067732
2016-06-29,0.047327139047320256,0.030110305094084966,-0.0018946552251383197,0.022699293329522252,-0.21383649056174336
2016-06-30,0.017695379798156274,0.04178671681315582,0.005348762635305926,0.026646902981296794,-0.11253336588541663
2016-07-01,0.01603047879492092,-0.018375820864652614,0.004885190856261046,0.011496465401083622,-0.06069707405373037
2016-07-04,-0.006457391977868858,0.003220608825065474,-0.0019768856284785308,0.006395019590548001,-0.05502237046579883
2016-07-05,-0.002263704509153123,0.0,0.002248500525576791,-0.007231933165630977,0.0
2016-07-06,-0.016278106470615283,-0.037720727575431545,0.0013486654017149657,-0.01723496137538494,0.05484085584551335
2016-07-07,0.015247301126675902,0.017514599012155685,-0.007269647438516436,-0.018312109926818865,-0.03979460132189794
2016-07-08,0.008639016041023129,-0.04918028173572164,0.0030743370960637506,0.006782857666261188,-0.013368971173472688
2016-07-11,0.00865167027740299,0.007758551375337985,-0.0029987529183332917,0.020830153618639713,-0.10569108370094371
2016-07-12,0.012394602513549105,-0.010906722408891678,-0.0019658249392385807,0.016670152124536486,0.025757587689451578
2016-07-13,-0.00907368420137633,0.04800002639358114,0.001271646239479507,0.016677481841463893,0.0007385693434276419
2016-07-14,0.007249108144369761,-0.04559527219953852,0.0004425327317907346,-0.002488562566113184,-0.03763839274560021
2016-07-15,-0.0016073684771485224,0.023994825997105007,0.002895717843960144,0.012620782716137313,-0.016871186171195762
2016-07-18,-0.011591666382980518,0.00506653333076712,0.000999556468977314,-0.0014917521063119166,-0.011700438541416891
2016-07-19,-0.00010850245947778096,-0.013652625867380919,-0.004763841432411153,-0.0032041575656653887,-0.018153156631860234
2016-07-20,-0.003672174268468812,-0.006388399550879553,0.0016939082181295362,-0.006127088196824504,-0.037781296560141064
2016-07-21,0.004401536614710562,0.010930096939584244,-0.005264458418638318,0.012230852690527705,-0.016708421453927036
2016-07-22,-0.006783168525090348,-0.020563863550125516,0.0005400016885199754,0.0005190647256760883,0.08241285264476494
2016-07-25,-0.021413382780484918,-0.011039007095419384,0.0012135637438472902,0.0012598965287666797,-0.05651486077627299
2016-07-26,-0.0008600249186484684,-0.021229972316935686,-0.005660682953456786,0.000333079957096416,0.07071542391218455
2016-07-27,-0.001673997536527046,0.0033541526629521368,0.001890428187363291,0.001910363745902588,0.013986037822560693
2016-07-28,-0.024621941913398632,-0.031201197782663614,-0.00030758972216493596,0.0069086168718888175,-0.01685825776347516
2016-07-29,-0.004924671758547124,-0.017713375572599444,0.007795610789262497,-0.011128556626433417,-0.008573628786544218
2016-08-01,-0.017401448391082135,-0.005620648107226733,0.0009865334523546654,0.008313917702528206,-0.06682392795800418
2016-08-02,-0.01642749985520155,-0.00023547625409303663,0.007549695340717699,0.0,0.04802019379272915
2016-08-03,0.0032474139867959364,-0.01531216759002707,0.0,-0.02801295624634237,0.07475886949725496
2016-08-04,0.01758914295188922,0.031100460784409423,0.004566067724080414,0.0014035453124592312,-0.0381451184178907
2016-08-05,0.009973911542753622,0.02761026643935427,-0.006021740830530975,0.0073100619253987364,-0.03421458725738313
2016-08-08,0.00817127929600884,-0.0004515795292444613,-0.0015032240960558552,0.014108142918932254,-0.08293073483446689
2016-08-09,0.0051976439172280635,0.025299275362631102,-0.004058777165842797,0.0030971281861653654,0.009657563947461423
2016-08-10,-0.004834409260831914,-0.00903282337354716,-0.000532002549398336,0.015508297566549034,0.013913030209748545
2016-08-11,0.010745282556752556,-0.02067586293109025,0.002901274495737516,-0.003538901928918703,0.03344771427328208
2016-08-12,-0.00025481578223455575,0.045175975321982476,0.006353936619138967,0.010127703781063424,-0.03070538420767588
2016-08-15,0.005896882467372892,0.020199832464862677,-0.004232905836947021,-0.0013414390318642333,-0.011130146493515958
2016-08-16,0.003746950918362154,0.029380396371156525,0.0025013537896478866,0.0005615746025882107,0.022510841955691197
2016-08-17,-0.010836524173797824,0.01820064314141079,0.0015322103102499707,-0.009997854008124585,0.07027941525957981
2016-08-18,0.009376308350949972,0.012593925201092926,0.008220219730275424,-0.01181951502932499,-0.035601325214929425
2016-08-19,-0.008261958256991256,0.020862606767525715,0.002033833009813746,0.00495212598125927,-0.062346128086053776
2016-08-22,-0.011567115703223477,-0.00019646927988048457,0.004471617839838071,-0.009047540217833161,-0.007874028887570272
2016-08-23,0.003799801922659718,-0.03380505472868378,-0.004519249190807928,-0.0026379065134354285,0.08201060781851455
2016-08-24,-0.0016114476459300753,0.016273377533435163,0.0018677759791474458,0.011268815033487645,0.008964926860100197
2016-08-25,-0.0026472123397461114,-0.018214568936910425,-0.0016274394741642162,0.004963743396640075,0.08642969991382277
2016-08-26,0.011690834083187681,0.01264014151943793,-0.0032776955622942916,-0.006946824217927472,0.01338292250768558
2016-08-29,-0.005475604131855161,0.005033219432577063,0.002370999196825707,0.0075878576626846606,0.0014673150345880792
2016-08-30,0.008687280830907343,-0.013221151274454335,-0.00806363569749946,-0.003939763682303199,-0.05201465626292967
2016-08-31,-0.0140063859823083,-0.01806738570795663,-0.0005932011253045877,0.010755377688844492,0.013910379521855365
2016-09-01,-0.01076064109959888,-0.027496341652402,-0.003535651588412514,-0.0025142678173719624,0.022865868395705258
2016-09-02,0.027143065984593817,0.00021254934818459859,0.0006696223394135892,-0.0018655806388570007,0.00447089907610132
2016-09-05,0.009389051590675471,-0.004675821669994251,0.0035843813769822486,0.020629728748549958,-0.11127596817048191
2016-09-06,-0.011595861876780633,0.0,-0.003460253646213496,-0.0006754070576073801,0.0
2016-09-07,0.014083508280237448,0.00918207289484596,-0.0007808118713308332,-0.0024369164281246025,0.00333897471250455
2016-09-08,0.0061650943125931374,0.015234897297384586,0.009002973486589294,0.007002892557876006,-0.006655646783166214
2016-09-09,-0.017037619658255714,0.04189250011269974,-0.0011240166046414535,-0.0026263797693502067,0.047738749458166696
2016-09-12,-0.01238029653877154,-0.03960798740653937,0.0027050870759555146,-0.009839368876769727,0.3988808696899744
2016-09-13,-0.0239575582142272,0.006457016957486017,-0.002686684260607586,-0.01320583944851017,-0.13371429443359373
2016-09-14,-0.00676839854094304,-0.025248369793218428,0.0002136855011789507,-0.012639014984171193,0.1774406702594271
2016-09-15,0.001121006001921961,-0.026539278991416726,-0.002210085688133967,-0.0033280040076223427,0.016246442688021556
2016-09-16,-0.011444140089693114,0.016139622750139804,0.0025530989757001077,0.0029917088197439767,-0.10143330840671827
2016-09-19,0.016921971588484148,-0.017600336813449635,-0.00012368914152427468,-0.012953261105686287,-0.05705517760927059
2016-09-20,-0.00849031171795219,0.003932713641588981,-0.007777373556463463,0.011263115098799181,0.010409879544790224
2016-09-21,0.0026071294325656913,-0.0015233883277903093,0.0019900846181244436,-0.0011622610521723198,0.02511270766442819
2016-09-22,0.01902523935371107,0.02070620620799568,-0.002386919591079395,0.005841700313412357,-0.1645728563444202
2016-09-23,-0.0011203936363274325,0.017510135869361676,0.003514613728614613,0.023308456015054935,-0.09624058004622238
2016-09-26,-0.014615749160194166,-0.036936035254366284,0.0015133874616966025,-0.006350541236037066,0.0224625202834301
2016-09-27,-0.014487839192793672,0.03181519075814143,0.002596306874433685,-0.018609632488380767,0.1798209963390236
2016-09-28,0.006804347075794174,-0.029144610303888374,0.0009449354736030813,-0.001693547831343234,-0.09655169782967399
2016-09-29,0.05060714769756025,0.05916896527687876,-0.0026926801190115812,0.006822992463940469,-0.05419847461617522
2016-09-30,-0.005059293485249139,0.011296016990563373,0.0004826993764646126,0.00015712250176247444,0.1315577134200292
2016-10-03,0.007696608942345566,-0.003655570654752749,-0.00048246649019068055,0.0035633049528984717,-0.05206850728071133
2016-10-04,0.016004346223056243,0.000815269052394596,0.001348115713973863,-0.001245733268006699,0.021068452503753887
2016-10-05,0.010225383605955892,0.03604889028044633,-0.0021635460424137554,0.010338502584625653,0.004421549076348397
2016-10-06,0.000833691974878,0.019461405528873987,3.3602890188833e-05,-0.0010628719931093933,-0.04695527057587301
2016-10-07,0.007469743870765304,0.01253370041518842,-0.00022415352006621703,-0.0015530456951688976,-0.011547314947901732
2016-10-10,0.023401974062330872,-0.011045477716566166,-0.005683693355176489,-0.006953318867081726,0.04984418863261819
2016-10-11,-0.012237200814039617,0.0,0.004702674868286794,0.01172775192864961,-0.007418355429618995
2016-10-12,-0.001188117091755203,0.00924320314684235,-0.00501336891279025,-0.004964183041774262,0.14798202730202759
2016-10-13,-0.005243564563983875,-0.011448167828047029,-0.007079590528031532,-0.004191066397063348,0.035807304884656554
2016-10-14,0.011638536553557918,0.0042462343210682985,-0.004525922593985765,-0.010967307478006227,0.04902581358430247
2016-10-17,-0.013429327968718227,-0.0015375363873592063,0.003436451413574071,0.01685688316300893,-0.03415216756051487
2016-10-18,0.005693005159851328,-0.008277195358244116,-0.007414140193630958,-0.005444276565149786,0.005583017404082069
2016-10-19,0.00854263285253735,0.003105587072796734,0.0043620659278120755,0.012719701369318992,-0.057371955831403976
2016-10-20,0.003961311879033573,0.019156305300377152,-0.0035125462768069715,0.0029373090166229243,-0.056937166280297546
2016-10-21,0.0022017217702311465,-0.02449206655926317,-0.00016463708382985498,0.006770401841316609,-0.04580151661352294
2016-10-24,-0.0019412238155390356,0.0077850856922201395,-0.004077068056276056,0.00033153793927187536,-0.029818170720880666
2016-10-25,0.0031267206095181486,-0.006179986527001691,-0.004374811867711936,0.0052670724716870065,-0.02398798284587278
2016-10-26,-0.012025275346618403,-0.013019785869904488,-0.0006525382335154095,-0.0020848374162188987,0.03379412940964488
2016-10-27,0.013341864834684173,-0.015948048015163252,0.0010887853899097522,-0.002082629719949325,0.057949459937637116
2016-10-28,-0.003952878165903673,0.009803955241190376,0.0022696955406378283,0.0013599378875588375,0.07865167862085842
2016-10-31,-0.0178597111202423,-0.015058492527214584,-0.0010682051967778605,-0.0019220761873047776,0.05403651666226161
2016-11-01,-0.0074797260412774085,-0.028364511635095457,0.007733138638746251,-0.007790880318019333,0.05373680686758586
2016-11-02,-0.021109470112133266,0.0006211717281170426,-0.001031514644415088,-0.010506537159397755,0.08792497344413852
2016-11-03,-0.0001611692301340765,-0.03041591485640227,0.007629466274130747,-0.014216953130716137,0.04094828937233741
2016-11-04,-0.006709807733296398,-0.010883528160215317,0.0036621877604354758,-0.0022414599891077414,0.14285715696057877
2016-11-07,0.015516949292878798,-0.016612657355238647,0.00044407215237929343,-0.0063763325250022485,0.01947465156981787
2016-11-08,0.009243931757127677,0.012505477664019438,-0.00011102244586103094,0.01853086597770326,-0.16881390962997522
2016-11-09,0.0008356532965131761,-0.0023835451075744363,-0.004420880636759716,0.0047020889402094035,0.0016034574085257436
2016-11-10,-0.004145739355365441,0.006950471078646325,-0.002997121525096569,0.010868486508646802,-0.2326574018104749
2016-11-11,-0.02745100426868463,-0.011216575731613831,-0.008933144168590035,-0.0031737665757829436,0.025034746440350863
2016-11-14,-0.010921224038544156,0.0,-0.002831281617497239,-0.005438889998768293,-0.038670264835491186
2016-11-15,0.02656794656106709,-0.030759158872570525,-0.005953629430410667,0.003227711115383336,0.021877167556336508
2016-11-16,-0.0028920612523766764,0.05671844340433441,-0.006880313144165595,0.003263346837178993,-0.07665743727681185
2016-11-17,0.009515740658850228,-0.006815754837576349,-0.0021454703883946324,-0.007659674824460727,0.026178039227042982
2016-11-18,-0.01048473430836914,-0.003002345838335585,-0.0019271627601300523,0.005098511443758724,-0.026967921163110087
2016-11-21,0.019257467417274892,0.007958677533370428,-0.0078079323898924136,-0.006890666570780191,-0.03745318245039286
2016-11-22,0.0053705332572207,0.043533949828346685,-0.0036515628049164084,0.004018727390870058,-0.03346305777514691
2016-11-23,-0.00048742188509794576,0.004498924317812847,0.005159869454052668,0.0037455390365244146,-0.0008051714026091616
2016-11-24,0.0022167079834891266,-0.003460874850202078,-0.0004785688337957117,-0.0040042259656623,0.0016116404520216676
2016-11-25,-0.004999019282182142,0.0,-0.008330703550515128,0.002790176369775521,0.0
2016-11-28,-0.007372688704684401,-0.034933586472327804,0.0015843421102759159,0.002558634778130342,-0.007240559161564519
2016-11-29,-0.012137597776796627,0.021168500517980027,0.004775530538632333,-0.01035954677513451,0.06564015039922944
2016-11-30,0.03776716352093975,-0.038557225241180326,0.0008496710220731174,0.007166491877800496,-0.019011407395610358
2016-12-01,0.024704245880682058,0.08818456357043147,0.0025556034551939,0.004341133183044521,0.03333335797608128
2016-12-02,-0.008980919545732288,-0.0001981798293748671,-0.005295992668654326,-0.006760407203708629,0.05551386161691929
2016-12-05,0.0032973689534827044,0.07927071091110793,0.006707148529435658,-0.00522936402034524,0.0035536739032948628
2016-12-06,0.0011571944270410046,0.008813800042335673,-0.00760847728608427,0.012477113308434928,-0.14022659761218048
2016-12-07,0.014130868946285938,-0.018383661208214774,0.016566266756818937,0.015726806900540513,-0.028830343622043952
2016-12-08,0.00719310581834844,-0.017244581863770647,-0.003430560434579788,0.013377359208101236,0.03647161209220218
2016-12-09,0.001914137462006175,0.016792441314121387,0.003874264380708814,0.013859555273776802,0.034369890926038815
2016-12-12,0.01853338521895372,0.008164825503612194,-0.013064239313035575,0.00368825310391685,-0.07041141765418613
2016-12-13,0.003931661581687636,0.025032150742114068,-0.006961185467786013,0.0004910238308808434,0.0757447100700217
2016-12-14,-0.0015867484760468769,0.0005387429472794025,0.008938935171528328,0.011753222694146803,0.00632910771622841
2016-12-15,0.0033532540560489896,-0.03266331039038073,-0.0011692748882591308,-0.00772389256427497,0.036949630777348696
2016-12-16,0.019022153930153125,0.002226325203852797,-0.010829519600935922,0.011841053444867633,-0.030325976592536774
2016-12-19,-0.002543979777662094,0.02202885258469034,-0.009064387457410228,0.0029233107967245875,-0.04612980096541075
2016-12-20,0.00919811612623056,-0.005252688287200158,0.0029886884988181706,-0.000426446834933758,-0.04016391629334615
2016-12-21,-0.0019362830742850983,0.007829576101823887,-0.0042248098493339326,0.006617804320903309,-0.02220326456318089
2016-12-22,0.005198744127663801,-0.016079483544422457,-0.001475419977454595,-0.002640692179833315,-0.01572046764191315
2016-12-23,0.0025363951503018325,0.01083364235230233,0.003670882169340306,-0.0003791149535656846,0.014196969025133344
2016-12-27,0.0013928643676542156,0.0,0.001641438252592442,0.0,0.0
2016-12-28,0.004656812651779733,0.016860049088985196,0.00020911943159651614,0.0013928223638444148,0.04807694151300268
2016-12-29,0.003738640124847962,0.0023177227270738676,0.0005126572884317504,5.793492954242474e-05,0.08006672697854822
2016-12-30,-0.0023019459859398572,-0.0014230136840557295,-0.004333534363994307,-0.0021227677263354616,0.03243243880154001
2017-01-02,0.005092728825699111,-0.00017809621734776737,0.015196821937547789,0.005733919880929417,0.05011219760873842
2017-01-03,0.008173726413212271,0.0,-0.004568828440610462,0.0,0.0
2017-01-04,-0.0005090795147447887,-0.011758415016083545,-0.006359652624358891,0.007445631649276585,-0.08475780510089415
2017-01-05,0.0009261578970891823,0.017847446222879038,-0.0038345156784235224,0.0007541432586442021,-0.07782100936292924
2017-01-06,-0.0018052965003023669,0.007616016864124164,0.0077706268201145345,-0.0003165161994330701,-0.015189898681965852
2017-01-09,-0.010119559380773876,0.003691318100292884,0.010001377034090986,0.0014171547498977866,-0.029991463511701788
2017-01-10,0.003888974431583536,-0.03782836961705116,-0.0069826670834416404,-0.003673389636440927,0.021201478026736664
2017-01-11,0.0064299283970821,-0.023662163624965094,0.0053896182614066035,-0.0008340993693087828,-0.006055419200482692
2017-01-12,0.0027794885398744937,0.027218476903159816,-0.00341890387699062,0.0005232518470361658,-0.020017366998950403
2017-01-13,0.007652586778225279,0.01651542418534757,0.004292019067757558,-0.006420911688422515,0.02486676085964845
2017-01-16,-0.008215275662114755,-0.009998171315396376,0.001804836083313388,0.0114522582766734,-0.02686312137274227
2017-01-17,-0.007826406176711043,0.0,0.0011160953639486326,-0.008967210876629994,0.0
2017-01-18,0.0018526337377349027,0.0003606935525426458,-0.002417566912655489,-0.002880529286418576,0.05699023770354539
2017-01-19,-0.008010187849981643,-0.027943086671130324,0.00884631894508403,0.002727504332049824,0.05139003054409175
2017-01-20,0.004757762932540451,0.004451069855655687,-0.00645104705533206,-0.0011141232164542103,0.024038477703429928
2017-01-23,-0.014944580880955663,0.024556902415099113,0.003005979317866281,0.002768677629583438,-0.09702658818678078
2017-01-24,0.004276933008198869,-0.004685567279976599,0.005067641240300125,-0.00800132835044065,0.01993071894895504
2017-01-25,0.0014474913806093077,0.003802264823704382,0.004390395606266306,0.002593915788701162,-0.059473299550954706
2017-01-26,-0.0060844420598223925,-0.006493448855910744,-0.002982562043283732,0.013597277077618486,-0.02348683670958751
2017-01-27,-0.005613165200350563,0.02106027249182274,0.0021718067352010095,-0.002110554165434153,-0.016651276428180206
2017-01-30,-0.020257499545419427,-0.012802297283337372,-0.006420364222734398,-0.004760224891865894,-0.004703686754145675
2017-01-31,-0.0063266187182258364,-0.005223359386460347,0.002903525942814511,-0.01229368741888659,0.12287336484965561
2017-02-01,-0.00037377353488811843,0.008509889998164821,-0.0005033636575444422,-0.009820039522299373,0.009259230270842744
2017-02-02,0.001228812878432776,-0.0007181492814980484,0.008891559113678227,0.008741190966581991,-0.015012456625316362
2017-02-03,0.01470347061485977,0.016169628608447617,-0.0033702284934149507,-0.0016293172524687316,0.010160870558459933
2017-02-06,-0.004412267861179135,0.004420084758308684,-0.000527327184098314,0.0059933425813738506,-0.08046940600080965
2017-02-07,-0.017978956962227028,-0.01918676511598094,0.001973286307072275,-0.010632104538498388,0.03646304546887791
2017-02-08,-0.008923345807339444,-0.012024443089811654,-0.0036848588353365352,-0.0008029180681293768,-0.007036053167217893
2017-02-09,0.011841241889609555,0.0012715657728310514,-0.0060652039383213285,0.0007201134072982729,0.014171820013527237
2017-02-10,0.005155834535853517,0.00925257884820918,0.0013258307123169555,0.01227594455919978,-0.04978163356500542
2017-02-13,0.006191413882759751,0.019234220281859615,-0.003144288409358209,-0.0021233699701798114,-0.0027573283690845996
2017-02-14,-0.0024605176958825323,-0.0195767300778783,-0.0036637644435899563,0.010517178062478205,0.0202764336976633
2017-02-15,-0.004729170845912882,0.006835781023064813,-0.0019818553870826205,0.0011073093645532772,-0.029810292032830477
2017-02-16,-0.006614725343977538,-0.003930698872698035,-0.0019041322447906905,0.004478864163058649,0.11452518827964431
2017-02-17,-0.012242454038733733,-0.001793694603068996,0.0027473211674677867,-0.0038119817986242976,-0.017543862444632907
2017-02-20,0.0021316846150210753,0.002875109488320593,0.006115228463020372,-0.0006734984906378028,-0.022959222152102332
2017-02-21,0.015338145806873316,0.0,-0.004271977702834273,0.0010819097865946148,0.0
2017-02-22,-0.008116688044431775,0.015230217760357823,-0.0016232376737422838,0.008133156548762122,0.00696256965184161
2017-02-23,0.005169480570316705,-0.014472285510633842,-0.006346313119163338,-1.7985222288574576e-05,0.014693178978214982
2017-02-24,-0.00805705630067538,0.01325217901942466,0.0011398418605113037,-0.0015901854485237399,-0.0025553435737702968
2017-02-27,0.0011101480021467602,-0.010427715332169907,0.002879003032955074,-0.008959277674851163,-0.020495283547082077
2017-02-28,0.0056116917102626744,-0.0010716444274387893,-0.002996992533197518,0.001576821696416264,0.054054042818229675
2017-03-01,0.020997545763304964,-0.0060790300506475825,0.0029847640571236678,0.0031154801443287194,0.06865177115224363
2017-03-02,0.0005740761313670443,0.00017985827497324358,-0.0014268959926961866,0.021264498379546914,-0.02941177338985901
2017-03-03,0.0024552214913913795,-0.009352457865775654,-0.003150221226062011,-0.0016193706310677625,-0.05821367978126024
2017-03-06,-0.00214595544326035,0.014887430420561287,-0.0024802802950946168,0.005518916496895621,-0.07197293406170036
2017-03-07,-0.0007191932216635832,0.0019677422656845245,0.010535499846702434,-0.004680607319003882,0.02554742080261274
2017-03-08,-0.009449979145044807,-0.0016068586910363836,-0.003882557517749352,-0.0006907369465564139,0.01868327779566159
2017-03-09,-0.01227187027712042,-0.05025031564028659,-0.0008561622611157338,0.0013293472149338292,0.03580784753204491
2017-03-10,0.016538344539198818,-0.017322575279038133,-0.0021516004262148725,0.005979954888704064,0.03709954020191675
2017-03-13,-0.0030332286057623468,-0.015711816754188868,0.0029407277055000236,0.0018710653874811634,-0.0520325474307588
2017-03-14,-0.015244760463690684,-0.00038934121431832835,0.010551025943817516,-0.00022832776461334525,-0.026586575471627127
2017-03-15,0.010001169106868954,-0.00837391076832239,-0.0036107226385362345,-0.004702124333454072,0.08370042091065732
2017-03-16,0.010396007074873611,0.017478461043788807,-0.003661411797412417,0.002909351543532779,-0.05447155007352211
2017-03-17,0.003030400367602659,-0.001351084596965535,0.011822479042923772,0.008987097709740599,-0.03611350577481365
2017-03-20,-0.006882777220194629,0.0003864832318845046,0.003426324693639682,0.00245640974541228,0.006244397376093946
2017-03-21,0.00032882505370233445,-0.0027047796404234825,-0.002943527856582917,-0.0031695569608020113,0.005319186262151998
2017-03-22,-0.004820409810975886,-0.012785739269057572,-0.0004939042056647525,-0.002286518998192988,0.09964727506489868
2017-03-23,0.002184856701026435,-0.006279428975141443,0.0069631497061644065,-0.0026009195510959815,0.02726544870146186
2017-03-24,-0.007408154226228277,-0.0015797396785469653,-0.002060828622453159,0.009202789171252945,0.024199801388582465
2017-03-27,-0.005223472935067974,0.004746793062713639,-0.0005823378938569768,-0.0023260749601364816,-0.012195110427418387
2017-03-28,0.00793666533957956,-0.0009842369647925509,0.006086550392845558,-0.0020353381717952423,-0.03549382999945916
2017-03-29,0.008695916376977494,0.01142860750846686,0.0010534834008790739,0.008125993312509738,-0.0776000213623047
2017-03-30,0.009692094257887881,0.021235073037366936,-0.0039808697853092045,0.0029436493261749686,-0.009540300019495351
2017-03-31,-0.005183623750318038,0.010301429499996573,-0.005369189494051185,0.0018157031132219892,0.010507870819386644
2017-04-03,-0.00645077221245377,-0.0024546309604466243,-0.006743423403340887,0.005557779250059847,0.07192373712735933
2017-04-04,0.009521723299568186,0.0054892502513526065,-0.0017069780298106796,-0.007995015833195507,0.0008084259478053912
2017-04-05,0.007490499062629534,0.019766552299953055,0.00011732285338572623,0.002510832565562282,-0.04765752400112433
2017-04-06,0.00216939155955422,0.0035075216508899665,0.0009612642031981977,-0.0026079037624539003,0.09329943893374204
2017-04-07,0.008795117510929392,0.009749793475829271,-0.000736440065688071,0.004892612942578589,-0.03878975847033306
2017-04-10,-0.0018413234554248148,0.0063764309110989625,-0.0026079227997661825,0.0017853146223480998,0.038740882077134886
2017-04-11,-0.0012446556826124684,0.01339605071116412,-0.005883617110320483,-0.004393874708887857,0.09168611621355272
2017-04-12,0.0001464378906896139,0.004465880708187209,0.0014730477104787365,-0.0029880999295589517,0.0725978284870048
2017-04-13,-0.00852620379984039,-0.006580098433165538,0.00129461378124196,-0.00044092554542640716,0.04644995203150981
2017-04-18,-0.02749207213930997,-0.009482891126941673,-0.0005516709521382612,0.0,-0.08145364584133163
2017-04-19,-0.007623008604890143,-0.008489906349734455,0.0032038844332133998,-0.011159245636864101,-0.016371062320340357
2017-04-20,-0.0009451140041871753,-0.03570776291249678,0.007907136917610913,0.00328759064842421,0.03536756076168546
2017-04-21,-0.008372921365233247,0.0011335985819964645,-0.0012751281128192682,0.005565651789935622,-0.05224384934373416
2017-04-24,0.022467299084021935,-0.01943767807829111,-1.0680427804499182e-05,6.976399401481537e-05,0.03392229744529862
2017-04-25,0.0007895192601368728,-0.006928418335156228,0.014842949307033004,0.03985439006323466,-0.25905672810706337
2017-04-26,0.0028845483090967536,0.009689922767163628,-0.000836684217813688,0.001615715827286035,-0.00738006665866664
2017-04-27,-0.01641650606259661,-0.005374256957722423,0.005835799935681951,-0.001241906942761939,0.008364326270766664
2017-04-28,-0.000689198866266949,-0.00733309668763249,-0.0017672641505214193,-0.004308793404135036,-0.045161355535925374
2017-05-02,0.0032858816328703764,-0.004059522256542825,0.0039811951266213175,0.0,-0.0656192290362636
2017-05-03,-0.002142040012289866,-0.02057456063417562,0.0001309307074914834,0.005230903724060321,0.04747779547090514
2017-05-04,0.00032735242329825126,0.006539869937418175,0.0024495480094361977,0.0022469444639279246,0.008498597855628676
2017-05-05,0.02033327325306929,-0.047450281629653035,-0.004268494483888996,0.011608193185778992,-0.020599275350412838
2017-05-08,0.004838139608160985,0.014882128774494241,0.008499797741160053,0.008520170801806337,0.010516219529262294
2017-05-09,0.0048168523956408915,0.004888018043285536,-0.001491319722426554,-0.00455886548901252,-0.07568583350596314
2017-05-10,0.00807661103287353,-0.012363206495036194,-0.003409457703688168,0.00191371773437643,0.019447243754458388
2017-05-11,0.0004716404561093124,0.030576681560921193,-0.003745114475203981,-0.0009153232647997056,0.025100401510290693
2017-05-12,0.0014653937227142773,0.010951796568929861,-0.0014784487785168832,-0.0060865397602924975,0.0381978787331656
2017-05-15,0.010144003602184815,0.0013787609650004473,-0.0005324023584492021,0.0038553271004613254,-0.018867995824705996
2017-05-16,0.00664662746988387,0.019276151441680156,0.0057368796869232686,0.0011985812470693968,0.0019231210093542117
2017-05-17,-0.0036544238953564734,-0.003280551330498982,0.004985776975336753,2.7485161364637634e-06,0.022072892567399194
2017-05-18,-0.010276090486383652,0.01084215957502277,0.010217454571270101,-0.0156676385437704,0.4638498320189939
2017-05-19,0.00816371246142115,0.005746011153441533,0.005622856425677947,-0.006307162941932454,-0.05965364310925958
2017-05-22,0.00018450061435200857,0.020948435040556213,-0.003834215050707246,0.006959154478494156,-0.17871759296242995
2017-05-23,0.0012677247545277621,0.004849810083437989,0.008213137179417185,-0.0029216479575518983,-0.09219266280682037
2017-05-24,0.000890440368195411,0.005197746418153626,0.0030345825164299622,0.00517261139944547,-0.019213177702065543
2017-05-25,-0.007120558712353471,-0.0035088169169384953,-0.005298987392550969,-0.002339316234034272,-0.06529848804370886
2017-05-26,-0.00841766724689826,-0.04633061605665212,0.004615861514984054,0.0,-0.0029940803667591886
2017-05-29,0.0007437372574370752,0.013408520281424696,-0.0017937266377162642,-0.002119013836963002,-0.018017953516060725
2017-05-30,-0.001800693691496343,0.0,-0.003095828075526108,-1.957752652759215e-05,0.0
2017-05-31,-0.00983674165449272,-0.005944417338840879,-0.004206650450045868,-0.004953961555943076,0.05810394194116553
2017-06-01,0.004832107609024546,-0.029513865254502614,0.0038318428032897422,-0.0018616886536191313,0.0028901476532217085
2017-06-02,-0.01108060082466659,0.0003975443692652014,0.006431314550834566,0.003496867805649284,-0.04995192235460266
2017-06-05,-0.0013234920486113373,-0.007550189832911225,-0.0024675137548544335,0.006952595918254589,-0.01415574706398015
2017-06-06,0.0028267627275332385,-0.009609600298394083,0.005798381206417069,0.0,0.03282048152043271
2017-06-07,-0.006543214587434158,0.013139229738074354,-0.0021275399601946576,-0.01047940487061838,0.03773586156474562
2017-06-08,-0.0023532731448799304,-0.04110130890851327,0.0012962107333662765,-0.0015024123293428948,-0.005741575793062337
2017-06-09,0.007813451710434627,-0.0041614805914383934,-0.0014406964924613685,0.004237946638732337,-0.022136716873013107
2017-06-12,0.0057595380063509465,0.006059358792916969,-0.006252378455307017,0.006226412302471562,0.053149603342816265
2017-06-13,-0.0005979063798356813,0.002907567709487857,0.001534773000145373,-0.011745480814536857,0.0710280600401274
2017-06-14,-0.014493007160233181,0.008904541251261833,-0.0005150637524415913,0.0039278675510137084,-0.09075043266938687
2017-06-15,-0.010688930419881412,-0.035303800854016076,0.0011321271010444889,-0.003013098986374585,0.02111326923397261
2017-06-16,0.007375342538420815,-0.001702166618184786,0.0006168448852073016,-0.0061147518439856885,0.024436021317488565
2017-06-19,0.009135011656989156,0.009590809473587925,-0.006141900802764444,0.005224827988147496,-0.04770637819154999
2017-06-20,-0.021377257241614767,-0.009710768310003726,0.005503223180462813,0.010073759972972773,-0.0009634131764529874
2017-06-21,-0.004221055791321722,-0.018972487583530318,-0.005683693355176489,-0.005285582555129009,0.04725166601019182
2017-06-22,-0.003636502881137852,-0.026075635615014692,-0.0006793441927142041,-0.0017720913001733063,-0.010128882150526874
2017-06-23,-0.0018410296315941228,0.008924621343205708,0.002713658021074039,0.00039667226655715204,-0.025116321652434603
2017-06-26,0.0023373634947616573,0.007076507876733862,-0.0015721002852027155,-0.003397326617044727,-0.04389304432874974
2017-06-27,0.0021279467813291597,0.00636804808294289,0.004412276023639805,0.005102062961038767,-0.01197613111289031
2017-06-28,-0.0003331983920808838,0.017892202968854853,-0.0013643431779222226,-0.006580999658029274,0.1171718026044366
2017-06-29,-0.011249096343714071,0.014147906234171836,0.013913098906810362,-0.0007404975064098096,-0.09312844914712981
2017-06-30,-0.012071275197649148,0.002325022034693758,0.0038359027970225057,-0.01820569446950393,0.1405782537338538
2017-07-03,0.017429355809083707,0.010544074637426792,0.005183140022908317,-0.00848383606562908,-0.02272721020491575
2017-07-04,0.0006195417766527619,0.03672792578216422,-0.0016221172229486935,0.014506658419598972,0.0035778140215712018
2017-07-05,-0.01559123546547179,0.0,-0.004525806268817711,-0.003534008919028886,0.0
2017-07-06,0.0001633703871580979,-0.038043465741515514,-0.0009883622131555692,-0.0003046609405098488,-0.013369034637671362
2017-07-07,-0.009247265966167003,0.00669595498417852,-0.0011686762854835608,-0.004700381475658211,0.13279135569589107
2017-07-10,0.0036453457836237066,-0.02910001056158118,0.006866245421522477,0.0005141532113102087,-0.10765553314006848
2017-07-11,-0.0005936957344063373,0.003639520166445198,-0.0018360141755821013,0.0041052618892070125,-0.007149233843252278
2017-07-12,0.015041955229214995,0.013651863802616848,0.0,-0.003904497879916091,-0.019801919005665303
2017-07-13,-0.0003156435061486736,0.004629655273228783,0.006150085802023142,0.014648663085400138,-0.05417815739093634
2017-07-14,0.0019083853364306735,0.014243746681417147,-0.004795927622542107,0.003584430528374538,-0.03883500629100978
2017-07-17,-0.00047794373348947206,0.010119820260155787,-0.0013115312019776892,-0.0005357788433377753,-0.03939387926020299
2017-07-18,-0.006233253454766423,-0.010018435493671873,0.006265629708904763,-0.002719797815437297,0.03259720909374075
2017-07-19,0.003341647078231702,0.008674142906348825,-9.183217234198793e-05,-0.010712859917086592,0.007128375832377021
2017-07-20,0.008071975364444836,0.017608530050465143,0.00657179795232854,0.0062092799799673415,-0.010111261678291239
2017-07-21,-0.011294697770706463,-0.008048320316670576,-0.0018445336119830014,-0.00022570738794824852,-0.021450463632813332
2017-07-24,-0.003819402677534759,-0.02515208687543713,0.00869828494294711,-0.013653426479346753,-0.022964537451029665
2017-07-25,0.011830725787881727,0.011235894411151248,0.004555875441164092,0.0004229674433895436,0.007478702036981089
2017-07-26,0.004566613259369763,0.0329218588282536,-0.003666275551012843,0.00589896172165183,0.0
2017-07-27,0.0034736740821128356,0.015338654304008159,0.0004890718808658878,0.00508124338434679,0.018027579087207313
2017-07-28,0.005118706236640551,0.010202088391405795,0.0071658282629512016,0.0005585348275520818,0.0531249223897885
2017-07-31,0.0033498983731968432,0.020003859889707876,-0.003354691317881242,-0.007274232607564213,0.01780418509281545
2017-08-01,0.010603232907512231,0.0024752678404826867,0.005016134873488509,-0.005297377001767578,-0.002915425955530182
2017-08-02,0.005761714429266984,-0.00037987572999098607,0.006538741344806143,0.0,-0.016569207846155454
2017-08-03,0.0016024312065954043,-0.0051301624982722505,-0.0010866257920078004,0.002887480757972849,0.01883048340039606
2017-08-04,0.005461687203056361,-0.00668453561379756,0.0033775736778360876,0.002037986855454088,0.015564187895738879
2017-08-07,0.0039074823824136,0.00788309672454579,0.0028522959141332738,0.011839415161809974,-0.03927201761410959
2017-08-08,0.0023270661716800665,-0.0009538198933048969,-0.008963250192756678,-0.00045898920331266524,-0.009970032946928886
2017-08-09,-0.005218062191416499,-0.004391818730710262,0.0019116520801309989,0.0028038775307965835,0.10372605249914524
2017-08-10,-0.009063959862814719,0.010740341002040577,-0.003926016534221866,-0.013420050805485029,0.013686096533594094
2017-08-11,-0.017277569674437148,-0.01518025095785458,0.0005881051250842262,-0.01006498943355949,0.4437445014579371
2017-08-14,0.002959619761073099,0.0038535056331832074,0.0007415154707228755,-0.00792183893661591,-0.03304243493729775
2017-08-15,-0.0032268713122853474,-0.02629556568154734,0.004694742959430176,0.013010980429201568,-0.2050290301900941
2017-08-16,0.004609618404188535,0.0013798481264708506,-0.00420395221710268,0.0032602459490489455,-0.023519867286897922
2017-08-17,-0.0073864220695798455,-0.010433046993241324,-0.002935338331250592,0.0065455649700003615,-0.02491695944230643
2017-08-18,-0.0034447339765607357,0.0151183273246982,0.002814122331320279,-0.006485763584283655,0.3245315582534989
2017-08-21,-0.0005246086969910765,0.03311782249330353,-0.004990802340272604,-0.00460429799829043,-0.08295819588617415
2017-08-22,0.007542692241094384,-0.020106247131017718,0.003479765051245698,-0.006529252446645373,-0.07503510738600017
2017-08-23,0.0017848212958950782,0.00406502294024258,0.004736625588263044,0.009364620236830268,-0.13949956462850044
2017-08-24,-0.0014459376278109781,0.013495291639752827,-0.0042108938864631185,-0.00490804888506835,0.07929511791027188
2017-08-25,0.00020361463324070073,-0.010081772538968803,0.004620213054587374,0.0017739907649672038,-0.0016326904296875
2017-08-28,-0.0017600559864071608,0.007109894799682159,-0.0012155423160857826,-0.0017940249818315657,-0.07767782868546402
2017-08-29,-0.006690885504349893,-0.009921779417622845,0.01268090306259384,-0.005095176537337598,0.0035460959929021207
2017-08-30,0.005760771324522573,0.0021198807409026355,0.001004992546837169,-0.009590695876029343,0.033568915608245486
2017-08-31,0.0075551027335376926,-0.021923065185546875,0.0005506166238591348,0.004571719182435707,-0.0410256025693454
2017-09-01,0.0045600443731201685,0.029885970104654325,-0.006434367134864782,0.005217838761071514,-0.05614974148371832
2017-09-04,0.00023178771580438054,-0.0011455015667714008,0.0014291962983425943,0.006549790675137723,-0.043437207886589335
2017-09-05,0.006487546257584816,0.0,-0.0023170401538554763,-0.003908371196299609,0.0
2017-09-06,0.0014588166922933632,0.020259965204011188,0.0008919502269502111,-0.0027867767418688905,0.20730497572272832
2017-09-07,0.004390222837843442,0.015361552611770524,0.0025756404571504188,0.003782657284983948,-0.0490596443379504
2017-09-08,-0.008247329572077633,0.00535057032186681,0.00031011834583960507,0.004036304701544813,-0.0068787551950854064
2017-09-11,0.007397056418951682,-0.013029966549817473,0.008492529534312121,8.71005193103791e-06,0.04935062211353536
2017-09-12,0.002383503136579516,0.001115681938507418,-0.0009493881946254223,0.013777341004343802,-0.11468649805673115
2017-09-13,0.008413469746236246,0.007986632688653739,-0.00484360432249209,0.004969720524118815,-0.013979461782811065
2017-09-14,0.0046514896993787485,0.016399472676273286,0.0012693001604815457,0.0030120008790996966,-0.0075614295163465295
2017-09-15,-0.005459374343260455,0.0056200394153111954,-0.007015506368619584,0.0009480429368307064,-0.0057143256777808515
2017-09-18,0.0031062085165779276,0.002704123091413546,0.002610841196752256,-0.0030993885407432087,-0.02586202250397429
2017-09-19,0.007211303370133056,-0.0025170692617216828,0.0013012212761127628,0.0031829845261284184,-0.001966613334673628
2017-09-20,0.008647980190517898,-0.006128337335854717,0.0018536756644800256,0.0012589364167883144,0.002955732785520304
2017-09-21,0.00585649143339273,0.02085603080537579,0.002782246730022697,-0.001594334732720415,-0.03929278587557794
2017-09-22,0.005016032524435905,0.002487109386594799,-0.010043745126784076,0.00398236838735766,-0.01124740896529941
2017-09-25,0.01163456191636573,0.007620065618471061,0.0061877381690282895,0.0005169621167815386,-0.008273001352106957
2017-09-26,-0.00047558571773466857,0.037988037710623423,-0.0015385191117365249,-0.0010193265302858023,0.06465066482733817
2017-09-27,-0.0007747378339557446,-0.00982720817614624,-0.00599894575432236,-0.00040425454096271185,-0.003917723967049813
2017-09-28,0.003463166075335237,-0.00924019701436618,-0.005869543380414122,0.0053133542450638505,-0.029498543607109462
2017-09-29,0.0026140581858938674,-0.00846289577812509,-0.0030901611562736964,0.0023824376581860207,-0.03242144868637886
2017-10-02,0.0006234946310068786,0.002264432476236866,0.0027333756006684418,0.008757957038006303,-0.004188477597292017
2017-10-03,0.007845536272356771,-0.0246785186139854,0.002172564253142495,0.002180854148859046,-0.006309192236870653
2017-10-04,-0.010553723449693278,-0.002138256132727556,-0.006230663267346004,0.0008438247842426083,0.006349250881240609
2017-10-05,0.011194564910161686,-0.0035714421953473297,0.0011748437546192925,-0.00300079828993971,0.012618284192532636
2017-10-06,-0.007056512631064345,0.02150539031087395,0.0008229680123190697,0.00518236267628569,-0.045690605278166374
2017-10-09,-0.00042546346212050484,-0.024210545054653254,-0.0038182300255964474,-0.002828243382568596,0.05005441340050498
2017-10-10,0.0025098320743348426,0.00305649023565735,0.002571595986453845,0.001992587809135138,0.07046635565352988
2017-10-11,0.0030800664902214856,0.014697968836132391,-7.045475703104653e-05,-0.0032433072808475405,-0.02420135545463864
2017-10-12,-0.0013022352083831474,0.00582932366718758,0.006238223505342644,0.0023896513612295944,-0.022817415077099112
2017-10-13,0.0020928882360610377,-0.012117995141386007,0.004283504773412883,-0.0005127955587587163,0.0060913161034243934
2017-10-16,0.0032658098760641185,0.016355523003472205,-0.0028396050152021957,-0.0002745747443239077,-0.030272471781440546
2017-10-17,-0.0027927341359898863,0.011369626494618146,-0.0015004181765808644,0.0004771665477869558,0.03121750275260582
2017-10-18,-0.0020271815702221363,0.0010377269734989092,-0.0016513054394394766,0.00041594223168983646,0.04036332778643237
2017-10-19,0.0003520690955757799,0.004664831596079777,-0.001918743283792046,0.0032928603398183487,-0.023278439866581846
2017-10-20,0.004094826637317491,-0.015821185889963285,0.0019815712255766282,-0.004854012043367328,-0.0019860481326166024
2017-10-23,5.21960374355405e-05,0.0090861517023062,0.004478521531023016,0.0008356309966301989,-0.0079601912624645
2017-10-24,0.00987751430219456,-0.006580105075588483,-0.007968911565727876,0.001048525613707163,0.11033093263128113
2017-10-25,-0.009188687314510982,0.016733535245655684,0.00047040109147666875,0.0005042642599086822,0.008130095308852558
2017-10-26,0.0019349347870141198,0.0018857670529977,-1.1759566737046256e-05,-0.00532584652263457,0.006272374173952322
2017-10-27,0.007690401298396691,0.01471595877071974,0.005248376628478324,0.012735765045932768,0.0062333616519982815
2017-10-30,0.014239665366593232,0.019224273259956126,-0.015524057973586802,0.0041323076813615245,-0.1327433605912578
2017-10-31,0.005508709206144713,0.007610901879912424,-0.0028083304001996767,0.00272434956864287,0.07142855057563491
2017-11-01,0.008057808284363347,0.00771752699884809,0.004148392956145219,0.0032139380781264215,-0.030476161411830405
2017-11-02,0.007149889985705408,-0.0013035362188325017,-8.163686205087117e-05,0.006382762825714483,0.00196458776913655
2017-11-03,-0.0019424992814720543,-0.010931668683869078,-0.0019768373834866404,-0.002325919225067752,-0.026470540111589225
2017-11-06,0.005857734858494575,0.023919511522406012,0.0028454487786415683,0.00031444157829674246,-0.07955689200142912
2017-11-07,0.008193166576510091,0.03544380472142383,-0.004018754460072271,-0.002059603246668873,0.028446309129240177
2017-11-08,-0.0008702698517468003,-0.009024397800711514,-0.00019736601049391567,-0.006406241432791671,0.05212773879549304
2017-11-09,-0.006882547711800617,-0.0031401625459969162,-0.0009977009455318653,-0.0010194629476131256,-0.011122407131747947
2017-11-10,-0.008439060821052854,0.00693020341907169,-0.0003595474860088599,-0.011638734078932678,0.07361966121547847
2017-11-13,-0.0025743106980271233,-0.006413262090645078,0.004309337267471847,-0.005187540549307923,0.07523809160505013
2017-11-14,-0.011206781921292394,-0.005667515865194872,0.0012244501079825554,-0.005353721501183295,0.018600534885431896
2017-11-15,-0.017479585436326123,-0.015041177410300088,0.0003266182194900935,-0.005074845467260447,0.007826100225033938
2017-11-16,-0.00955699656819973,-0.0054653618002182824,0.01096731430075737,-0.0029974053561862,0.13287316148215633
2017-11-17,0.0012312718120714254,-0.008243063364114178,0.0,0.005381157644329226,-0.10434119372568007
2017-11-20,0.0014962634259680547,0.022164286128154354,-0.0013072429264127106,-0.0048642525956891225,-0.028061217456067378
2017-11-21,0.006470116752016419,-0.00797193862035439,-0.0038714957745441536,0.00393237734195262,-0.06824152806822803
2017-11-22,0.004473242421421479,0.005625176265741327,0.0007983624272778211,0.005028951087349576,-0.08638498678377493
2017-11-23,0.0004769879788229144,0.011986575094422358,-0.000340330412908485,-0.004657355502512006,0.015416297971388548
2017-11-24,-0.002033937436572227,0.0,0.00660437339400155,0.0026441458672175067,0.0
2017-11-27,-0.006869688821183884,0.008528125681142251,0.00331916513149233,0.002564314790606037,-0.02125506434357527
2017-11-28,0.01530105479693685,-0.0003131922576341539,0.006118271224082594,-0.004805600598498105,0.02068250338026756
2017-11-29,-0.0029659316713723607,-0.003602749713135789,-0.0018095565656847112,0.005462924056662821,0.016210724343189487
2017-11-30,-0.002560911256453746,-0.007860399232862636,-0.004774818788897961,0.0017915277822724285,0.06679961058139239
2017-12-01,0.0018216828671558938,0.007288846142036176,0.00033192898229006396,-0.005565593833247506,0.05420560131261243
2017-12-04,0.008073930854924471,-0.0012584240481589015,0.003902567768893972,-0.0118713486326113,0.0132979233825814
2017-12-05,-0.0020045284017412013,-0.016380546354278436,-0.003225838124783831,0.01379708897147136,0.021872265382774758
2017-12-06,-0.004804496701599344,0.006565249678194052,0.0006646044362246251,-0.0015798531382394954,-0.02996578530178895
2017-12-07,-0.004428072231355255,-0.026089713231379874,-0.0029345920957166705,-0.0025206059054136976,-0.027360941573685515
2017-12-08,0.0030650022280720446,0.016007832778430542,-0.002419865382143338,0.0032457074355551896,-0.0780399795487926
2017-12-11,0.005829287444013342,0.019292616530873774,-0.002719408871930007,0.00512717672187013,-0.05708660752133654
2017-12-12,0.016954319264674094,0.020347017105366794,-0.00018824889440482995,-0.00257277432791736,-0.025052168374686046
2017-12-13,-0.00813128174318247,-0.020868793289057885,0.0006477021765123325,0.005063951280511292,0.06209849188764216
2017-12-14,-0.0050025178294484385,-0.014209054684413913,-0.002970821153550296,-0.0051661913846540175,0.026209700290543703
2017-12-15,-0.0024712094918528846,0.013933420334988345,0.007941802213491833,-0.007127808835590166,0.030451813030375918
2017-12-18,0.008910420861882984,-0.0012636523348495965,-0.005145619656430234,0.0012119775011829592,-0.10200187971121033
2017-12-19,-0.004225360588547333,0.002846754807511065,-0.0026658432506035945,0.01373107154717057,0.01167724583719143
2017-12-20,0.0003823304141337876,0.006150439845243882,0.003464546211443098,-0.007535823417782139,0.05246589863692619
2017-12-21,0.013178783176703105,0.011912199539521717,0.004843127424547955,-0.008254676876688571,-0.030907225742323297
2017-12-22,-0.0010039685413657702,0.0052664804854829494,0.0031120812336458137,0.005103268673100736,-0.010288104806842169
2017-12-27,0.003480123855328273,0.027126385334351077,0.0013891584109138044,0.0,0.035353575248085356
2017-12-28,-0.002452707451421047,-0.008654047011507293,-0.0012333064843425001,-0.000906168701005905,0.021463440685737467
2017-12-29,-0.004603556778779734,0.004214310189765591,0.0036178299996894037,-0.007284119873223527,-0.02769818094143406
2018-01-02,0.0033658260758650895,0.0,0.00529426468468408,0.0,0.0
2018-01-03,0.013313398144413976,-0.00045043213189455145,0.0005525059930118204,0.0,-0.11503618736210486
2018-01-04,0.017285031414031815,0.019077612271119593,0.004318758861985739,0.0016894947262513504,-0.06345965303826762
2018-01-05,0.0034095372226589094,0.0033903798547985087,-0.004395843731925475,0.016809692060664627,0.007650344417148736
2018-01-08,0.0014368581077655225,-0.006610796977517874,0.0048636858782689085,0.010857748445560533,0.0
2018-01-09,0.00308454720575115,0.002366105090448656,-0.0026000394900196344,0.0024448373713157334,0.03253798069916325
2018-01-10,0.0012619963191482693,0.015343773004684813,-0.0055662873149811,0.0017752674867088647,0.05882347048478298
2018-01-11,0.006176217310858767,0.005521610797777354,-0.0034356260046385367,-0.003599366977202978,-0.025793673695410413
2018-01-12,0.003493751424362442,0.0008671270322910818,0.002247715809897244,-0.004041765837965228,0.006110022554106864
2018-01-15,0.001323247650766098,0.00880740097512156,0.007189162495073287,0.004831420777105855,0.0283400536161873
2018-01-16,-0.010209811460560936,0.0,0.012472721027119826,-0.0002214600536275535,0.0
2018-01-17,-0.005523328309144963,-0.010304868933733502,0.006244646858903913,0.0028240552538485453,0.14763779749288775
2018-01-18,0.0006748976692743288,0.0033260408165427524,0.00023310480835259106,-0.002548303412708508,0.021440823608199766
2018-01-19,-0.00826529003511528,-0.0010089319342077019,-0.007115374172313782,0.002250312154787437,0.026028583004898964
2018-01-22,0.010577223415792036,-0.010099509059287137,0.004319485371886866,0.007777093861359052,-0.07774139022143589
2018-01-23,5.360458072706242e-05,0.006121529882072929,0.0015442078323903985,0.004442216957699641,-0.021295538158310312
2018-01-24,-0.0004126803685246168,0.0134724079620685,6.128010640571446e-05,0.0019125441193015291,0.006346387143536081
2018-01-25,-0.000155729504409415,0.00814750860896929,0.004407034097177132,-0.0079160600198116,0.03333332187778648
2018-01-26,-0.003819061026171892,-0.001559628700629645,0.00656731096708385,-0.0035875045878309697,0.00959020524118448
2018-01-29,-0.004319308435462558,0.0014200294905033495,9.918784301454764e-05,0.004754627282603785,-0.04317789320329979
2018-01-30,-0.01782426665630915,-0.01503116291906359,0.0028832806660605836,-0.0011980756625042943,0.24909749529661251
2018-01-31,-0.0029486250816189905,-0.006334616285714967,-0.0037762496543305435,-0.009961471373737374,0.06864160395890595
2018-02-01,0.002736274021405601,0.00043474949508603977,0.002295770848100842,0.0007042459451029881,-0.08451656546477693
2018-02-02,-0.01729709424663352,0.0004344500792330397,0.000732764144278919,-0.008849369560376519,-0.005169844536294876
2018-02-05,-0.012542925121617957,-0.007237984753139193,0.007355873169887062,-0.015114558788864363,0.2850778858789582
2018-02-06,-0.026194420856041012,-0.013998236495204375,-0.005041091441751022,-0.012633117264456484,1.1559792516603906
2018-02-07,0.023993388818315513,-0.011239309455202351,-0.006357090824531175,-0.024103374809338107,-0.196677390477199
2018-02-08,-0.017326398304757778,-0.02019142180372757,0.0010896513674667485,0.01755567112856471,-0.07505003450150693
2018-02-09,-0.017219181181736598,-0.010685461071746505,-0.009139738824166632,-0.02235331399631113,0.20663539981343337
2018-02-12,0.011960755895565741,-0.03116797900262469,-0.0006008013016098879,-0.015192626610583182,-0.1315002910616373
2018-02-13,-0.0035548919836048873,-0.003185232680734007,-0.0006494849380261902,0.012705994272294019,-0.11871985268389751
2018-02-14,-0.002956061351670055,0.0020770261670923773,0.004158724034000194,-0.00811105718381211,-0.024990288236790614
2018-02-15,-0.002256384638684957,0.02614794894339223,0.004064377397143604,0.008650330020594899,-0.22867437891433284
2018-02-16,0.008874545044224025,-0.00046610905861377283,0.009188381801677359,0.0058756092231559975,-0.006749795772083567
2018-02-19,0.0010519094954099713,0.007927786294415151,0.0029133778536047927,0.010965847983610333,0.017250388822956486
2018-02-20,0.007304385105080043,0.0,-0.0073354603053779055,-0.0055474522863177,0.0
2018-02-21,-0.0006290503970726354,0.006323314084917486,-0.0010662864839592334,0.008008133937150497,0.058581775469182196
2018-02-22,0.0016311690338866407,0.002605335922533536,-0.0051067549655630096,-0.0014323293500367873,-0.02815533558085659
2018-02-23,0.005720396859439721,0.014827289022511403,-0.004335586347391951,0.0005335255999405764,-0.06493512061359841
2018-02-26,0.007438487581752436,0.013857481208062072,0.0036487320821019242,0.002759323520777013,-0.11912391154018309
2018-02-27,-0.00024891015218782747,0.002822796735965527,-0.0032069517189410313,0.00631126642461588,-0.04184351667437969
2018-02-28,0.002010338527459706,-0.012888929578993014,0.0023152774549177746,-0.0014870444058361354,0.17658227393497672
2018-03-01,-0.010285749606421887,-0.01275699398407959,-0.006922334724479118,-0.0055147202880863055,0.06777838722644836
2018-03-02,-0.021567394209631125,-0.0010641486184741478,-0.003194101254276882,-0.011573280666307917,0.13198986808738677
2018-03-05,0.008689286336195553,-0.020392578854977805,0.006528162810397475,-0.021890677118276414,-0.12817086109366038
2018-03-06,0.00861650694885017,0.018176139801507674,0.003632962028863096,0.009194696852206974,-0.04389997976788962
2018-03-07,-0.005219003991431603,0.0038144643959070468,0.0017148512838880414,0.0007570184097942523,-0.01975434815416921
2018-03-08,0.001478666131285833,-0.022039892954227036,0.0064938961550604635,0.005807269920774516,-0.03267975825291858
2018-03-09,0.003125718137018211,-0.011345908751772216,-0.00016138874583759844,0.010635502502698735,-0.06869365414593254
2018-03-12,0.0009144061174136686,0.029555057937100893,-0.008700747242001095,0.002126989201973073,-0.114873063303214
2018-03-13,0.0008400180774089846,-0.008245547917876572,0.00017222754338819257,0.0026136052506786633,0.07786880894223391
2018-03-14,-0.007846273102248244,-0.004772864867734872,0.0025049078334542507,-0.009368733159395348,0.03612171471128467
2018-03-15,-0.0015555420630763428,0.0038675742939446867,0.004275448803297444,-0.001875025241553585,0.05382257738439855
2018-03-16,0.0151206569106808,0.0035445116211587635,-0.0013490517486015596,0.0068269062268393466,-0.03714448094322875
2018-03-19,-0.020671862790832773,0.016738272296031642,-0.005366700104590616,0.006815797971950754,-0.0476190448816719
2018-03-20,0.011502740736443159,-0.0024164935044134195,-0.002308799625633573,-0.012395957552741255,0.20379748279477994
2018-03-21,0.012720875977775417,0.02074178734123522,0.004564607286908551,0.005093109990176314,-0.04311249606145551
2018-03-22,-0.010218795913154258,0.030406453684866497,-0.006885565378181413,-0.0032355744325223146,-0.018681326282152133
2018-03-23,-0.001993808816914263,-0.008060998254695084,0.007816095488087926,-0.01553939296487028,0.30683087093850103
2018-03-26,0.0058654899527746385,0.022347891514909124,-0.0018364604103372484,-0.014969244255546799,0.06555272821949254
2018-03-27,0.01185938047838945,-0.004684091071041396,0.0023843820845586006,-0.005867097197809312,-0.15440289597940582
2018-03-28,-0.005316922202566428,-0.00014264312376910393,0.008346521319475997,0.011660032210848215,0.06990010772029942
2018-03-29,0.0067618712716553215,-0.008272740350954266,-0.003982928774167616,0.004311204280629255,0.016444481743706607
2018-04-03,0.004683830690653794,-0.037427029729017014,0.0009235128642599566,0.0,0.18277424393490338
2018-04-04,0.007565944816545711,0.007096442360510435,-0.0017455142626162656,-0.004334394871151281,-0.10668926199096018
2018-04-05,0.029271899763873677,-0.0014680871914768412,-0.0011542031731180957,-0.001965931202255411,-0.04928914202488288
2018-04-06,-0.0005889272171860083,0.0045575595896458765,0.000675729861065566,0.026823491818565026,-0.05583245073292675
2018-04-09,-0.00025506787494487354,-0.01785454687561061,-0.0028668079178540973,-0.0063703126362412155,0.1346356475795858
2018-04-10,0.01903187045710249,0.022947413224874813,0.0016198671529901176,0.001980575630581294,0.013029348051544432
2018-04-11,0.005811640829468168,0.034814265644953934,0.004152599457122541,0.007007608227678652,-0.05971525572226477
2018-04-12,-0.00023239000797721973,0.014358060668935968,0.0033009309184357516,-0.005545591226221669,-0.011235933070416815
2018-04-13,0.000848197676305081,-0.000555105701950942,0.0006928037696238842,0.007094171740510413,-0.08646245157063659
2018-04-16,-0.005001995051705788,0.007775690281737857,-0.003390605609685071,0.0011701696969361741,-0.05840994792185128
2018-04-17,0.004626843878804725,-0.015982414340654505,0.00023436369242313404,-0.0020185501558874774,-0.048822538134374205
2018-04-18,0.01904482880984119,0.0022403201653811156,0.004260379303768547,0.010714746887083626,-0.07910625049454578
2018-04-19,0.00825616072746053,0.02654374793623715,-0.0009651184794344791,0.0037321209567724445,0.022950844686539407
2018-04-20,0.0002806762186264115,0.0040826811194609736,0.00048278455409289656,-0.0012288542617729936,0.02307690050475042
2018-04-23,0.007767194929924541,0.0037950499312755515,-0.0027160017803659064,0.002179731917272054,0.057644055164203234
2018-04-24,0.012767694834313115,0.00877668845944335,-0.005842116657322816,0.005397546701799261,-0.03199046416031859
2018-04-25,-0.0161206017640797,-0.0113773053746129,-0.00524987383052844,-0.0006205916622225027,0.1028151951950691
2018-04-26,0.015301539745014822,0.001895469651929771,0.0026564143873653023,-0.007134907921553024,-0.009988917902509331
2018-04-27,0.0026673714017459438,0.009999971132020669,-0.00569636407493701,0.0057948754583987405,-0.08968611927044345
2018-04-30,0.0016347095720548415,-0.0013379512574158703,-0.005098069250610404,0.00363659178428577,-0.05110837040663996
2018-05-01,0.002412238615044582,0.007100733971473927,0.0010909323947758676,0.005041517255035544,0.03374435190867309
2018-05-02,0.0007284345969112427,0.0,-0.0034309910205799765,0.0,-0.027620874176295995
2018-05-03,-0.0027649971847365875,-0.02407872293046709,-0.007422782869638822,0.004883337132512322,0.030987766494718016
2018-05-04,0.01245323254451621,0.003544194848245086,-0.003382061959303573,-0.006941862519685649,-0.004383259068758805
2018-05-07,0.00966730632161831,0.01697908113780988,0.003201024774800665,0.00608366107987135,-0.07106913131303927
2018-05-08,-0.013418825437420956,0.017363368167134574,-0.0028572229693840656,0.003830307971063096,-0.00135412709165883
2018-05-09,0.02922903032088901,-0.017329653755491226,-0.001778117783750477,-0.001770404691524452,-0.0027118618205442813
2018-05-10,-0.005990630707165638,0.031529734915993535,-0.005518567539894659,0.0033334760622945048,-0.08769544245463712
2018-05-11,0.007208597307749735,0.0033674671585737226,-0.0017415490223751107,0.0,-0.014158012889526561
2018-05-14,0.006011428263160812,-0.004517858120641982,0.005934897250166937,-0.001182150720968278,-0.04383975387560857
2018-05-15,0.00911141330593146,0.014393160928676929,0.0029044280524377353,6.169386286436485e-05,0.02213444229953576
2018-05-16,-0.005372563735866272,0.0025565248582397615,-0.0017539073934901284,-0.0004066340158973558,0.13147716698696743
2018-05-17,0.012660337014317347,0.010837670162102464,-0.009243950202825535,-0.0004039910867155161,-0.08270676887778083
2018-05-18,0.001596569991679601,0.0002523243285690313,-0.00033087668404485626,0.008232126859243794,0.0007451735339034649
2018-05-21,0.0033150664895330952,-0.009962180140292376,-0.0018400451940925322,-0.005127783748456904,-0.0007446186637822816
2018-05-22,-0.0035215311975982933,0.009043422050106109,-0.002423958215423405,0.0,-0.025335331643439485
2018-05-23,-0.025758575391828315,0.004418056914011093,0.0021934890121912964,0.003774733109529471,0.010703390224721554
2018-05-24,-0.014659472000375281,0.0028905788339290694,-0.00033015821412107904,-0.012664278107359372,-0.04841152272280502
2018-05-25,-0.02200990957957542,-0.012656667889791806,-0.006651355991797336,-0.005663771226820713,-0.003974577983950622
2018-05-28,-0.005472926115694739,-0.029826100353020468,0.0010667618428481518,-0.0018172454471637733,0.0550678809866183
2018-05-29,0.0034715556188047816,0.0,-0.002875428438939065,-0.009307784649051687,0.0
2018-05-30,0.025736140168893657,-0.013736303221113522,-0.005301880425141681,-0.015649048331452642,0.28744327639782363
2018-05-31,0.0038161871570125405,0.027987805112534403,-0.007535216942765155,0.0038067433760151648,-0.12220921395049544
2018-06-01,0.00801310607690701,0.0011612430695564502,0.011083886334456894,-0.010037237017025857,0.03279790753380385
2018-06-04,-0.0020447144480424395,0.0,0.002221677519788967,0.013764295734202125,-0.12767337835813253
2018-06-05,-0.007556765487173915,-0.02964293763267123,-0.00210032824127937,0.004641622542539414,-0.05349184732453616
2018-06-06,0.007521693467801553,0.0011953292176420938,0.002737951201332356,-0.00368346194055047,-0.026687610572700193
2018-06-07,0.015396413144530588,-0.0002652778428630098,0.0021927346739083475,0.0011658299322014898,-0.061290266015153305
2018-06-08,-0.009996657214330407,0.026008480209638307,0.005055982908024781,-0.0003034104077600519,0.04209619902625272
2018-06-11,0.01150012507235624,-0.011122615283832293,0.0008256799721879649,-0.0036042773458145883,0.004122027226969083
2018-06-12,-0.00830527965406976,0.0,-0.0009544638670138106,0.00954947971128628,0.013957312974918867
2018-06-13,-0.00782743439043082,-0.007585689746267277,-0.0008360043524021643,-0.0013332181922935948,-0.0008097351071211234
2018-06-14,0.01644537163325292,0.0113336932193,-0.002196853815365496,0.00114512696565372,0.04862231931736094
2018-06-15,-0.019725141359908882,-0.010424751689248835,0.0050654713259681294,0.013665534730658457,-0.06336937568895418
2018-06-18,0.004589941713002403,-0.032920725831276476,-0.020426599495713016,-0.006262942527408555,-0.011551183551541389
2018-06-19,-0.002567941437102391,0.025871375726059798,0.002539486751588216,-0.010947189166877092,0.027545984139392576
2018-06-20,-0.009539508012740413,-0.003450949289536598,0.0030007027580272183,-0.009043270707673634,0.0844841532414351
2018-06-21,-0.011491720229386049,-0.004528555660537115,-0.0036270917556433524,0.0012517243812784073,-0.041947595776401614
2018-06-22,0.030304818695806812,-0.022611651864000826,-0.0008221216561060674,-0.010492524382475943,0.14464428357994286
2018-06-25,-0.02321180834378424,0.034223133409435835,0.002309538249867682,0.01119141350586128,-0.05942622029758937
2018-06-26,0.006803885343153311,-0.010853734767720002,0.004792807450570757,-0.021033860606886945,0.2585329954680733
2018-06-27,0.02482125574643586,0.02114270213683267,0.0035458973772095614,-0.00014543178966464065,-0.08136179189956849
2018-06-28,0.0005689201416503864,0.0171668880867466,-0.004485290687215593,0.008433444262642364,0.1249999850239587
2018-06-29,-0.0022816390411549703,0.0029630986781843394,-0.0074354242825039885,-0.009304873340633124,-0.05918478363893154
2018-07-02,-0.00783780169744247,0.020423943461138405,-5.7833382129168776e-05,0.008937720753534384,-0.045103870129143964
2018-07-03,0.011323638394055221,-0.02693856147885787,0.009996784442930728,-0.006888366134426338,-0.03045368343513366
2018-07-04,-0.00012041224778776745,0.005950828800933561,-0.003120034991428211,0.010120997016341393,0.03461532019064184
2018-07-05,0.012768644080570693,0.0,0.0014690584867949052,0.001670397335391538,0.0
2018-07-06,-0.00589414195397701,-0.004758265643226345,0.0002681876303234354,0.008467068674679501,-0.0724906547003974
2018-07-09,0.011784654268955733,-0.003618022761405104,0.0028772098465015272,0.0022000129416699377,-0.10688045109749944
2018-07-10,0.011531239980478225,0.01244973514296377,0.004818454594461397,0.003465270656349828,-0.050860157890520896
2018-07-11,-0.021887154833277096,0.010119135629761189,0.00039975606866438085,0.003719214147744898,-0.00394005033206124
2018-07-12,-0.002529799278981485,-0.06923660971612966,-0.0025447016071965534,-0.014671872098321215,0.07832276457501397
2018-07-13,0.0014137779371155383,0.014305114448711187,-0.0042855011041584845,0.006761404274206795,-0.07703596345699171
2018-07-16,-0.016031364144958777,0.011820079501471126,-0.0009332123761051081,0.0026266362270026544,-0.03179647225406612
2018-07-17,0.001988022106589641,-0.04632955540066519,0.001132836238333823,-0.001580517485905819,0.05336614139936113
2018-07-18,0.0005476779884853733,0.004454445163299292,0.002599533353754291,0.00244120799873615,-0.06001555016899285
2018-07-19,0.007471051862471638,0.010254958789007063,-0.004801065622979439,0.00797688449023859,0.0033167463069041503
2018-07-20,-0.0039023901275312967,-0.0043895704818417425,-0.0006522460547092601,-0.003856492604355277,0.06363632064578728
2018-07-23,0.0007638831094024338,0.00675114151843248,0.0008158396966100323,-0.0033442014841661427,-0.0007770185680464614
2018-07-24,0.00360414740655964,-0.00013688430644920313,0.007444375325635244,-0.0017283030546313416,-0.01866250214039078
2018-07-25,-0.0021080338199588877,0.005201271496179993,-0.004069511859595587,0.008471217658108987,-0.016640256739405612
2018-07-26,-0.004519492630891057,0.0066720839798510845,-0.0007362066255334199,-0.004266088051855577,-0.00966961217039064
2018-07-27,0.007182879446797445,0.008251056510665933,0.004448548149435849,0.011766079709456756,-0.01220501375068006
2018-07-30,0.0013693867538251785,-0.0033539039029971685,-0.008056971819692449,0.0051064674105458785,0.0733113150312188
2018-07-31,0.011231952107011852,0.009153322072898984,0.0015042796510340573,-0.004215796566964025,0.09439758412260324
2018-08-01,-0.009969520173332913,-0.009603857662794035,0.004027299309011356,0.0037524966249427028,-0.10028052470009752
2018-08-02,-0.00796537891405145,0.0,-0.0015196184947060543,0.0,0.024941519620195196
2018-08-03,0.0033632171662918617,-0.010774451875526059,-0.0020298875316873133,-0.01596374672819123,-0.0730038073000544
2018-08-06,0.004355607319412221,-0.003267499982861133,-0.0068473952277203765,0.003802001480096573,-0.04511888892478966
2018-08-07,0.015212815456210301,0.007376054122118836,-0.0020464967350711794,0.00025848452493049123,-0.031786930811503855
2018-08-08,-0.0027955732671327374,0.012203410520391866,-0.00036982591684764365,0.0060488812516921175,-0.030168601488713476
2018-08-09,-0.010509593362947434,-0.031748194214844316,0.0038869294031265156,-0.0030733110861855817,-0.007319297481462206
2018-08-10,-0.015176772808653816,-0.0029053553959494938,0.0006734641857293333,0.00015164447602500353,0.03870968309008038
2018-08-13,0.0005043969857996081,0.01026776560154019,-0.007478994461084021,-0.01941824024612704,0.16770180238515042
2018-08-14,-0.0054853586206570215,-0.0027468336073110944,-0.011212409102833498,-0.004844933138654306,0.12310029668257583
2018-08-15,-0.0174447721813439,-0.0020658521500896976,0.0006842021899073902,-7.038497430444934e-05,-0.0994586833499882
2018-08-16,0.002134314835259943,-0.023461178163421748,-0.00498080630055997,-0.014770714295227805,0.09992485963755926
2018-08-17,-0.0004412979200936566,0.009468600179737052,-0.00012482300979799188,0.005501500422420813,-0.08128418757861378
2018-08-20,0.009662495411180472,0.005599909340192388,0.002388010955532316,-0.0013678860204853205,-0.060223009474275835
2018-08-21,0.005967979442033329,0.005290230317851474,0.005833203078767113,0.006145967858564028,-0.011867133554614995
2018-08-22,0.006794340562675916,0.005816343640359101,0.004688443233400008,0.005301043014942275,0.029623690339424025
2018-08-23,0.0006234763454763445,0.02960211492748921,0.0074323314978568256,0.002497323810327412,-0.04743387814637445
2018-08-24,0.008171668083395681,-0.0006685667715886634,0.0006950676455279581,-0.0002689688535066903,0.013061212033641523
2018-08-27,0.00451359733028552,0.014585792706103051,-0.0035783983078884196,0.002392310504981454,-0.03384368101999047
2018-08-28,-0.003567254905302797,0.005143753511186899,0.009144337754020793,0.008335687524156254,0.014178488702180525
2018-08-29,-0.001239430797520887,-0.003411653842723128,0.0029793875380470514,-0.002442105602241118,0.027960539214994196
2018-08-30,-0.0016246191108019354,0.015668235539459063,0.0006546323554694755,0.0024828543824777505,-0.020000000000000018
2018-08-31,-0.013792477681874563,0.008166933606464477,0.0015808572704292256,-0.007274001102547389,0.10448977412009719
2018-09-03,0.008396069061363809,-0.004500430618859963,-0.003849395505841957,-0.011101777620756925,-0.04951959272114581
2018-09-04,0.00013359020561356147,0.0,-0.005452411025046566,0.0006160181410541643,0.0
2018-09-05,-0.01686042475466204,0.009687419500622463,0.0012428484833599818,-0.010494841785981257,0.023328164754584213
2018-09-06,-0.00901097175230888,-0.011513388089555487,-0.002491129718552476,-0.01302033388374757,0.05699088211976577
2018-09-07,-0.0046712341299433024,-0.009965014578986686,0.004200319378601769,-0.005932575301271337,0.053199121440381525
2018-09-10,0.0015810707756229354,0.004313749425551405,-0.0013014936799229382,-0.0007857654965540695,0.015699692962430234
2018-09-11,0.01458326886844589,0.007028516239200089,-0.005075289652726522,0.0048339450760708225,-0.04838711434753651
2018-09-12,0.014124129847181921,0.02184302380791081,0.003014905215417807,0.0007191542545299523,-0.06638415187236713
2018-09-13,-0.005348176094927419,0.008601066609846608,1.1616684766790897e-05,0.004511388833208674,-0.006051431323006673
2018-09-14,0.0015590836879800045,-0.019563551547354008,0.002860858097059049,0.002128249196338139,-0.05859972889231746
2018-09-17,0.0008134969640610038,-0.0011512403035792707,0.005378188128950967,0.0032846438159666036,-0.024252238763970202
2018-09-18,0.004192602269304531,-0.0005121435268067298,-0.005372562806159498,0.00044256753698856954,0.1333886206345103
2018-09-19,0.0013487597997120886,0.012555998580668692,0.0034540896185308867,0.003690809064600842,-0.06505850317752004
2018-09-20,0.003878917289864244,0.004681801243795025,0.0009226873411831704,0.0030073598535413915,-0.08131352345229803
2018-09-21,0.0033284877009207756,-0.008816178390230411,-0.0004553048991460251,0.010259594008300787,0.004255335381690539
2018-09-24,0.016872400283820532,0.001270725633971681,0.008678831564500333,0.008136633575289265,-0.010169481662661628
2018-09-25,0.024104067250417843,0.030456774156569555,-0.002115127565657682,-0.005937407445939846,0.04452050432386789
2018-09-26,-0.002725695399140767,0.00825130324533041,0.0001645452636427347,0.002738675376518618,0.01803280905477811
2018-09-27,0.002894629002772912,-0.00647375584354104,0.0008704655560571872,0.003909571063734241,0.03784221128354881
2018-09-28,-0.004581727525663733,0.004671808457354043,-0.0012453796102303016,0.004846900715692604,-0.03723820660402799
2018-10-01,0.0058321492507465615,0.012236906327243835,-0.009461223483405279,-0.014664686058509568,-0.023368248623588994
2018-10-02,-0.0006398647011859512,0.027321108593804544,-0.0027504212446839427,0.004401024109317975,-0.009900980750178201
2018-10-03,0.0016992139071525896,-0.0021181489534630726,-0.0023966412508881207,-0.007372215280756822,0.004166682561238533
2018-10-04,-0.0030713646122316383,0.01757072889325384,-0.0022294163309379833,0.0048657535967624455,-0.03651456656373575
2018-10-05,-0.010881896993237253,-0.019816885691618435,-0.0065300304727187175,-0.00892675996279546,0.22480626076939414
2018-10-08,-0.016644665428153033,-0.004965691178208331,0.0036397522018474238,-0.00876129385818969,0.042194051795244825
2018-10-09,0.015363200067214885,-0.0029705321901328796,0.00039173804285597136,-0.010697932141296218,0.05870444692808752
2018-10-10,-0.006509640238155516,0.012990064239299048,-0.002471276723194915,0.0036468548596910733,0.016571079403144617
2018-10-11,-0.031442840417124564,-0.022470631318933787,0.0011161622934408033,-0.016524264349423334,0.439498392415999
2018-10-12,-0.0026615504921871,-0.03405938532181185,0.002295205842824277,-0.017665053311274548,0.0879791175222544
2018-10-15,0.006246175907608713,0.0021180932521875917,0.004949103265734278,-0.004605532725307726,-0.14691753977371724
2018-10-16,0.003087588447737969,0.0043515911077096625,-0.003373011342656995,0.004996292121941748,-0.0004692740090311842
2018-10-17,-0.005896568269863622,0.00779902070231242,0.0027799876800456147,0.014630702688035901,-0.1727698840206624
2018-10-18,-0.010284016414764322,-0.016705571172754397,-0.0007060887366547863,-0.004377808082931645,-0.012485880262460669
2018-10-19,0.005424203435910324,-0.009494092532876919,-0.006428907457512012,-0.00970990215344325,0.1528735578005025
2018-10-22,-0.014043936285916917,0.0061798191210964415,-0.0035526885741700154,-0.0002397627063781549,-0.008474580300092738
2018-10-23,-0.02334231136265567,0.0006267617513524559,0.004316082180734426,-0.006456288433298041,-0.0125691306018898
2018-10-24,-0.005988895499081233,-0.042465230012429855,-0.0036122815085490867,-0.015407134322302007,0.054480637885772065
2018-10-25,0.003704660694112294,-0.0035322378837953083,0.00045883747589914314,-0.003377926187439262,0.21825208390050332
2018-10-26,-0.003972851372998613,0.009452556623490427,-0.006440624007078677,0.010883780102562524,-0.04003171808192241
2018-10-29,0.01031989850232314,0.009494126189730112,-0.001877250156367749,-0.009325625924766379,-0.0024772695145908186
2018-10-30,0.000539969443248837,-0.003607400138925354,0.0018350998067984126,0.006392581477883796,0.022351031412989997
2018-10-31,0.0313109110833405,-0.018489691537270758,-0.0019794069309048146,-0.0024723366277960013,-0.05465588420123868
2018-11-01,-0.0259856293789489,-0.005796369650629796,-0.0026210758262471545,0.01600827701083052,-0.09079232567875262
2018-11-02,-0.008396263522478742,0.0003974927628416225,-0.002614095481043077,0.0020953651908555138,-0.08902493784271404
2018-11-05,0.014094050056987236,-0.03536421415821611,0.007651635381950683,0.003183296755275844,0.008790076264358015
2018-11-06,-0.006646079783376668,0.004668355476350472,-0.0005014754689950385,0.0009209171073587541,0.02306503589501041
2018-11-07,0.011672419240252419,-0.014213488336107916,0.001346619983840558,-0.003092648638509221,-0.002504971911518883
2018-11-08,-0.00832259415418742,-0.0008317975998661797,0.002242044736443516,0.012078240822214648,-0.17830232366988052
2018-11-09,-0.010244183338552629,-0.019703041139977895,-0.00038883559320357364,-0.002636904738178125,0.02200480987605502
2018-11-12,0.004636891004969945,-0.006652529519492911,-0.005741074675465474,-0.0025049750362146073,0.03827759110527551
2018-11-13,-0.022963995554676857,-0.000854909637116763,-0.003816487317488404,-0.010964552364754354,0.177995394236643
2018-11-14,-0.004606375892793113,-0.06631490792555006,-0.00808810665799875,0.009624051208014794,-0.021026909004084215
2018-11-15,0.012677987058405615,0.009928234515953482,0.006922533588078261,-0.006034433092386493,0.061438537168431395
2018-11-16,0.0009899758107239272,0.007562008155328481,5.6594723917280376e-05,-0.004695275514684738,-0.059764727424172825
2018-11-19,-0.008255248589296901,0.002101461781395919,0.001155015031003126,-0.0029997298643735792,-0.09209210183905447
2018-11-20,-0.015845855044470003,0.00044935258144018775,0.00786430419997286,-0.00641671817628553,0.10804856988803202
2018-11-21,0.017254233129875212,-0.06378203440389685,0.0035968657063256693,-0.01400486932424605,0.1184079161988838
2018-11-22,-0.012138599909716052,0.01519271999816496,-0.007210096528688648,0.012143450859538163,-0.07473311118264614
2018-11-23,-0.028763036343490905,0.0,0.001400751225303587,-0.0086368954705357,0.0
2018-11-26,0.0215526616406209,-0.07372401290050346,0.001299977264267449,0.003371011115934852,0.03461544457272181
2018-11-27,-0.004288960882373479,0.02857143413221186,-0.005770744798348049,0.011315787098097552,-0.12174724830399308
2018-11-28,-0.002691601383025618,-0.004464293316918999,-0.00035140248707166144,-0.001982544619565929,0.006349250881240609
2018-11-29,0.0067407264809838385,-0.024082391379962487,-0.0030505557939733974,0.0005906093422987091,-0.027865440267598407
2018-11-30,0.003830273719306221,0.012763785252273507,0.0061730609388910285,0.0018526943475831725,0.01622504857343432
2018-12-03,0.01822788053438003,-0.013443106362365231,0.0021305226680250478,-0.0003245045383332146,-0.03831831748917813
2018-12-04,-0.002367475597509716,0.05075795586282794,-0.004434890019770932,0.013192056098495497,-0.09020471434946853
2018-12-05,-0.013979719873977428,0.006321984325297958,0.001112715552509469,-0.008006242729389768,0.26155712271131226
2018-12-06,-0.03974545097777055,0.0,-0.001054786760268711,-0.012222303196284368,0.0
2018-12-07,0.025701945043443437,-0.03253866620785428,0.0005447130829194791,-0.03311782084652026,0.021697240496892922
2018-12-10,-0.016232503044877944,0.026806472841178985,0.0022635879349817145,0.004133399913595293,0.09627177710070955
2018-12-11,0.009712519165030317,-0.027566028842501922,0.002303016380289069,-0.013581700576616451,-0.025398199062172333
2018-12-12,0.0079590940212525,0.00383524324753437,-0.003895309912609113,0.012704741563303035,-0.03886922192979203
2018-12-13,0.0006160765437970469,-0.0008305521001144012,-0.0029439813237839285,0.01723220519152413,-0.013786817153199848
2018-12-14,-0.0040482227800195765,0.02161262184675472,0.004447013736577077,0.0013513486975309519,-0.03774461791699035
2018-12-17,-0.010984145932107578,-0.01903990185705917,-0.0008636638486140269,-0.006288160579278279,0.04745760582760128
2018-12-18,-0.017061946119259024,-0.011114767460403852,-0.005076417971386138,-0.009361118281810854,0.13361079099064765
2018-12-19,0.008417005885620962,-0.05619866221300818,0.003881647191652293,-0.007677123784038398,0.043229993725663274
2018-12-20,-0.018079282774174532,0.017419185676699644,0.0022524055418104982,0.003700499792328671,0.0
2018-12-21,-0.0005663188481926004,-0.05048922291406743,0.0012414097661410661,-0.016818562810818505,0.10946048652899609
2018-12-24,-0.0013758842672740301,-0.009751587749339818,0.005911731388308583,0.00018334593887514572,0.06095847430385293
2018-12-27,-0.014240607177174736,0.07925500105514516,0.001016065012271694,0.0,-0.15691710272524007
2018-12-28,0.023750617898840993,-0.042408689581835746,-0.004749041800903631,-0.021079046505760313,-0.014797789056146593
2018-12-31,-0.0024237082930064213,0.000766888720175718,0.006138464056676618,0.016739493993522148,-0.05407206212914606
2019-01-02,0.010860424216641388,0.0,0.004643244708864236,0.0,0.0
2019-01-03,0.0025455693083508146,0.02063198189763038,-0.002727909868198375,0.0,-0.08654605650419012
2019-01-04,0.023968548982427212,0.018940100499314827,-0.012529146529702495,-0.010671286367411215,0.09603796363173966
2019-01-07,-0.003569065241559218,0.019839152729499432,0.0064473312242818714,0.0295093811607674,-0.15992147269793522
2019-01-08,-0.0006408446104462784,0.004731869107350795,0.0017001675155818852,-0.0026990827340410695,0.0009354751425985075
2019-01-09,0.009484514066699515,0.02424558425350498,0.00607275035194621,0.007021284523662796,-0.043457958960452236
2019-01-10,5.0096933319717284e-05,0.04632148074695297,-0.0020620147536288824,0.005008297747772339,-0.0239374590891408
2019-01-11,-0.008285330060366266,0.0039062774061076055,0.008631489238603907,0.0017881306516223106,-0.024024001663345507
2019-01-14,-0.0038871886947988155,-0.019455265191345328,-0.003878884068224897,-0.0018499482862220917,-0.06717945979191708
2019-01-15,0.005692283721301021,-0.024636208251439973,-0.004343374419858104,-0.004840362742113524,0.048378182239134926
2019-01-16,-0.0059219500081300796,0.027970802919708104,0.0011128148567545182,0.004212556207970675,-0.024646005289767015
2019-01-17,-0.0036215058522619894,0.011213725462072777,-0.004886350046035215,0.0029888436397909057,0.023655942206107117
2019-01-18,0.02212494930316981,-0.002283095080645503,-0.0016414103181224826,-0.002557461969505126,-0.051470661894021164
2019-01-21,-0.004474963856298882,0.024844727855208637,-0.0004783813266034942,0.021362771313972573,-0.01439646935605643
2019-01-22,-0.011155329961411664,0.0,-0.002375367747233459,-0.003141979304445486,0.0
2019-01-23,-0.011110280192321595,-0.019138767916072275,0.0003296575934785828,-0.003926318214583779,0.1685393330665903
2019-01-24,0.007493651186692578,-0.005853668461000994,-0.00046596104255325344,-0.00021529362795957852,-0.06153840510802655
2019-01-25,0.001896953959304078,-0.0008177827536748339,0.002129587067182692,0.004556421587532,-0.03227464412607961
2019-01-28,-0.017115875629858685,0.009003097654064263,-0.006561824992528664,0.011812626050672792,-0.0778189179910741
2019-01-29,0.012977281862686244,-0.027741711573732175,0.008799478296548369,-0.008209927410914197,0.08323770129672337
2019-01-30,0.008174231665369236,0.023193715711167684,0.0014859055187195214,0.005147756566443951,0.013778394804977001
2019-01-31,0.01900548627798278,0.005381634584100237,0.0004688060911626213,0.0026384270301773594,-0.07684262299233602
2019-02-01,0.0022836433192796415,0.0038929092916371033,0.0045721316074203155,-0.0007306288944963768,-0.06172141347711391
2019-02-04,0.0020498747279593297,-0.00032316138246746284,-0.0033203826269594394,0.0037000933079103238,-0.02595053187056462
2019-02-05,0.02243251492514094,0.0103442605575772,0.0005040323105429678,-0.0018669005893335866,-0.025402717652831308
2019-02-06,-0.001987435672905639,-0.008478624116588729,-0.0016581708047050947,0.015746268374663863,-0.010171637130852895
2019-02-07,-0.015864208506826422,0.011455293477193873,-0.0023048017136692023,-0.0007122894379778533,-0.012202927688332643
2019-02-08,-0.003981993537763795,-0.016908559288788094,-0.0038531703871318435,-0.019294993458680243,0.06436935743992156
2019-02-11,0.004540475388024638,0.0076261138708468845,-0.002392479741115894,-0.0048051557501046505,-0.03970681361522943
2019-02-12,0.007598397014584202,-0.009500807843558334,-0.001279588983948976,0.009564293222252607,0.015903307617898044
2019-02-13,0.005305967847476611,0.014794340306355291,-0.003992851395924202,0.00794156315055461,-0.03381339717118825
2019-02-14,-0.008544774408207056,0.019064442106925483,0.004930589046378886,0.0036418137389329086,0.014257894297040163
2019-02-15,0.01266400963592342,0.015091952134275388,-0.006150587103886607,-0.006154880403216989,0.036421706627348005
2019-02-18,-0.002567674162808157,0.026018279589839377,0.0026995517431898097,0.01840915759415629,-0.08076445877921923
2019-02-19,-0.0014033185182760015,0.0,0.00023725025268528377,0.0010921832819128507,0.0
2019-02-20,0.003309470429392151,0.0030188218602593686,0.0012330288394324374,-0.0016580816904503415,-0.002012054545821984
2019-02-21,-0.001428828371765482,0.009480886557500012,0.0027449212844001813,0.006198683917690628,-0.05779567540746344
2019-02-22,-0.0007172873931548159,-0.00014910757241271,0.0002950014334945905,0.0012916011247505743,0.03138370656326539
2019-02-25,-0.005658031461352779,0.0007455352912677515,-0.0002949144333140863,0.002098874822665797,-0.0656984651977136
2019-02-26,-0.001261536929833773,-0.03516091349492301,-6.799641163912629e-05,0.0028924678712345386,0.0991857979190276
2019-02-27,0.0011219472120975553,0.00694868643295532,0.0022280586566212346,0.0028384238359124847,0.021548800444713967
2019-02-28,-0.0034081348719330697,0.018095389077481983,0.0022558243915535847,-0.0019913078362702175,-0.030982219160517688
2019-03-01,-0.002915759445641634,-0.00542251263234228,-0.0011379817523223812,0.004718573077679977,0.005442171751297131
2019-03-04,0.0053195760891935895,-0.014538832382557265,-0.0005914274446008339,0.004196178545550211,-0.08186739242272834
2019-03-05,0.0038241736782810656,0.009220815689796602,0.00021612558930117487,0.0015156605728197103,0.0781135183091417
2019-03-06,0.0028001231475003516,0.0028932914070964877,-0.0033898816606553472,0.0030357128662823474,0.007518773466629547
2019-03-07,-0.0007193343081285756,0.001973842274722637,-0.0026684297776490284,-0.0007574017641399644,0.0678426062094939
2019-03-08,-0.01751643354969336,0.004697760236759718,0.0006109592703660294,-0.004758314235846939,0.05400256631702249
2019-03-11,0.004917506687755831,-0.008446533366689435,-0.010224132032449207,-0.007631049837490411,-0.03254978363837502
2019-03-12,0.0008622483116659252,0.012777669525117163,0.0030440151064905496,0.006346644880682817,-0.10716507134672604
2019-03-13,0.015793204476874156,0.001351702244151154,0.0023869618457559305,-0.0001482823846289394,-0.03907881848735939
2019-03-14,0.0035342499719888307,0.013199413634038537,0.0025057890853388276,0.005902026449608799,-0.026143834305291547
2019-03-15,-0.0011844863171798226,-0.004737226948443363,0.003863930829871798,0.005590599647347982,0.006711420851004624
2019-03-18,0.01493258122814515,-0.0010411972531457758,-0.002001644997434049,0.013180626278631147,-0.04592591744882091
2019-03-19,0.005021563688048569,0.005658088634565628,0.0010074681462122204,0.0005492673647222723,0.017080765921899888
2019-03-20,-0.0075549611222084185,0.0010364183280329176,0.0014510758697108272,0.006216184158509108,0.0351145057062483
2019-03-21,0.006905268003773261,0.013163724029195967,0.0016463550313727815,-0.0107421875,0.025811166442818223
2019-03-22,-0.016936765398687364,-0.009343056783188919,0.006434020762722037,-0.0014766961735629414,-0.020129384330890843
2019-03-25,-0.006037097916035424,-0.012231090828019764,-0.004629667781540836,-0.01831380996123355,0.20909753513324247
2019-03-26,0.0032320978611933837,0.0026853693637747256,-0.006958252476328197,-0.001588151491809242,-0.009101918852961188
2019-03-27,-0.0037872146727228793,0.011307873033523874,0.0017652605545475097,0.005771902553827868,-0.10104100589339193
2019-03-28,-0.0005653986364004641,-0.0020597232180981084,-0.0036192180213564518,0.0007561340742432421,0.032016301334052644
2019-03-29,0.00810532987446814,-0.0001474588819174727,-0.0020477843846290478,-0.0005267847405276971,-0.04752470834876099
2019-04-01,0.006273670952395394,0.008404595950886051,-0.0019316303301136761,0.009463005190917473,-0.049896067345927775
2019-04-02,0.0031253854275376156,0.009065693114713946,-0.0005498689178314864,0.01004559531325988,-0.022611263220579714
2019-04-03,0.002304872448147218,0.00521664395316046,-0.0016136592061790633,0.0030484225453604186,-0.0029850718650553665
2019-04-04,-0.006889113611275126,-0.0008650019549154564,-0.0001680841407932787,0.011738406807149993,0.028443123069318066
2019-04-05,0.010108788901354618,0.0012985712084185863,0.003846475502299551,0.001854100332474573,-0.011644821694133722
2019-04-08,0.009008237517863634,0.013544593535220528,-0.0018746903030062434,0.0016095734580683363,-0.05596467107154646
2019-04-09,-0.00726403487075596,0.010804693997703119,-0.0005610103836299896,-0.002729512421961955,0.02808117152271894
2019-04-10,0.006151413662894438,-0.006891671930877474,0.0032868820627189876,-0.006061583432358408,0.08345974220982688
2019-04-11,-0.004542342726915023,0.01586181471322412,0.0009351247909736848,0.002174262032975438,-0.06862742020741086
2019-04-12,-0.002641703327806111,-0.012547072128247905,0.0008457988323447019,0.0031215411360907552,-0.021052611199678495
2019-04-15,-0.0033540502801294356,0.010165201215446729,-0.0013963867106355776,0.003635736175990667,-0.07757297952163933
2019-04-16,-0.00814496071392845,-0.0051712471111200475,0.003934172506313338,0.0007627646238095309,0.025811778520777207
2019-04-17,0.005804581971112037,0.007586413503964051,-1.1282911303256427e-05,0.0037386744464265043,-0.011363587103598194
2019-04-18,-0.001207576043191938,-0.0013942899110300777,-0.0017604703698442803,0.00414911317367217,0.03448276402057804
2019-04-23,0.022783228184506954,0.028761979431907392,0.0007646358213686533,0.0,0.027295278704807746
2019-04-24,-0.020042241169575314,0.006347936451801983,0.0012835261166872503,0.0013203239607821882,-0.011272169280415079
2019-04-25,-0.0024913918570286797,0.000805228249544987,-0.0030754762768938626,-0.00034824972808233934,0.07003262451565884
2019-04-26,-0.012812046181396789,-0.0029502644710134307,-0.006312881219592614,-0.0030576913050545107,0.008371358736922963
2019-04-29,-0.009278978454231831,-0.02958973763809747,-0.0014923747591043535,0.002431324435932636,-0.039245317567069615
2019-04-30,0.013050360156189655,-0.0015246099518391176,0.0012043116734206105,0.000437100035507898,0.029850756331933237
2019-05-01,-0.004570101879389425,0.010549724133424698,0.003131870076250376,0.0036209004133171963,0.0007627939850283205
2019-05-02,-0.006215124426129426,-0.008516520887248191,0.0027590878682304254,0.0,0.12804880486507653
2019-05-03,0.00019695720974099995,-0.019811586299941286,-0.0013553414770735017,-0.007309519859982183,-0.02567568307727497
2019-05-06,-0.01175926287804426,0.0014134059946444566,-0.002435731065745683,0.0038837262695479158,-0.10748961043925498
2019-05-07,-0.022939389255852354,0.005504578659813131,0.001096226728920291,-0.011286297000214218,0.19968917775266748
2019-05-08,0.0055821922660609,-0.019090407792435093,0.0014338184202291604,-0.01784317992860107,0.2512953510290572
2019-05-09,-0.01234369285058116,0.007012099490889545,-0.0009624563281716014,0.004733707932675468,0.004140782865927672
2019-05-10,0.0024740183686582373,0.00028416430703326334,0.0006494636731757542,-0.01947468107136785,-0.015463878503069517
2019-05-13,0.0030853495441089764,0.0032675573082532328,0.0021209636993082537,0.0030859394012521246,-0.16020939292289793
2019-05-14,0.011980023582106591,-0.005522506010767758,0.00128099622605915,-0.011981380504967665,0.28117194913420174
2019-05-15,0.0040518274582695595,0.014381239620661734,-0.0003481922963568529,0.013129401264454277,-0.12116787657235606
2019-05-16,0.014707993461622326,0.007439623739326606,-0.0024985821238935335,0.00636079968070824,-0.08970094018772068
2019-05-17,0.007014662167258545,0.011843474199155324,0.00024651556053667534,0.015588735487885641,-0.06995137073275715
2019-05-20,0.0014600298443204023,-0.005645877810555033,-0.003005642400352837,-0.003757435029623668,0.043819494961774064
2019-05-21,0.0055234811245302344,-0.003323609843683517,-0.0007370057657791751,-0.01630640260883054,0.021929788656569915
2019-05-22,-0.005171649180932898,0.0029178696805725046,0.0002904073849743227,0.004964709958305669,-0.08338440841258887
2019-05-23,-0.03523014508517989,-0.016486595128497372,0.0,6.199920770777467e-05,-0.013377913833897748
2019-05-24,0.0035911458033889843,-0.04549930729308449,-0.001171325515886501,-0.017574532304450607,0.1471186492402674
2019-05-27,7.114292905234058e-05,0.013724915523261494,0.0026060336834154985,0.007062996016131473,-0.06323875236403576
2019-05-28,-0.001196262853412881,0.0,0.0022418843339460093,0.003981283936199453,0.0
2019-05-29,-0.015332845255305372,0.020672559593466255,-0.001410352939174686,-0.004512411108179126,0.10410091979930125
2019-05-30,0.0021151061967431364,-0.009413830500123122,-0.002066653901392268,-0.015244007569914841,0.02285712105887283
2019-05-31,-0.0028521297924947917,-0.037148946220730616,-0.002984744284602603,0.0,-0.03351957509812453
2019-06-03,0.00824892233084673,-0.03559151764703872,-0.0005565852978207664,-0.005270202541785007,0.08150288494762292
2019-06-04,0.0029991606051153843,-0.04977514639174818,0.0038550003250341636,0.006032757740569217,0.008017185099885582
2019-06-05,-0.006717998334191048,0.011259831187192537,0.006466649149158066,0.010081152113070146,-0.1002121546040522
2019-06-06,0.007545085140882701,-0.02162336818125188,0.0006865524129822109,0.001937897205758654,-0.05185616949754901
2019-06-07,0.009700119620058234,0.017153176356729416,-0.0022233824627768684,-0.00046109644905301117,-0.009944055058717649
2019-06-10,0.004062911075772761,0.026268895649129487,0.0042287443571003,0.011972757017687519,0.023226548951449155
2019-06-11,0.005196940220602538,-0.015800284176558876,0.0038714871766898362,0.0,-0.02208586954156
2019-06-12,-0.020656442940224912,0.0,-0.00018112820970772603,0.006725180598943004,0.003136774909103357
2019-06-13,0.0008365222782181584,-0.03724513823607767,0.0010082874848489354,-0.004254568941890802,-0.00500312225460775
2019-06-14,0.0017242818466857528,0.022344507675702507,-0.0029933009529046206,0.0011427635500238509,-0.005656829255251683
2019-06-17,-0.005846931774275532,0.011417337017825213,-0.0013423121942293115,-0.0033358084629847573,-0.03413400583248416
2019-06-18,0.017867323352068643,-0.017255276951888887,-0.005619736054805369,0.001189640002768444,0.0045811943535238875
2019-06-19,-0.004161606145183998,0.019691512799173472,0.0006733588790275302,0.02059580470770328,-0.013029365340009424
2019-06-20,0.011834986743464651,-0.005149657192908275,-0.0023515592807045183,0.0005242155556830497,-0.05412539376048964
2019-06-21,0.01055794216297016,0.042542822167599637,0.0035963319394261006,0.003873021432320378,0.029309147140966996
2019-06-24,-0.006357706864228596,0.011636928402064983,0.005082990533778808,-0.0003345240663032989,0.044067770747815205
2019-06-25,-0.0044652771642738065,-0.0052146680031369685,0.007889659172591434,-0.0032737570441161434,-0.009090869682878533
2019-06-26,0.008220439131085056,0.002929423984247226,0.0013679296106814398,-0.003244026518270604,0.06684144446034601
2019-06-27,-0.008375432617327113,0.022136737040057808,-0.002660493599308089,-0.00040941022599860766,-0.004299852531964188
2019-06-28,0.0011119617551946053,0.000902469392632943,0.00042085088626131473,-0.000165575558012665,-0.024059186408098787
2019-07-01,0.014907245212991693,0.0,-0.0001591937147512601,0.009095468733732348,-0.04677621905139906
2019-07-02,-0.005757042300997088,-0.022389262582080516,-0.0007045888946014545,0.006880333848880982,-0.06763922475131423
2019-07-03,-0.008622385664070717,-0.040885277167728495,-0.006817681434481249,0.002970586122741148,-0.08036984926859081
2019-07-04,0.0034091270909018165,0.022756380356119044,0.0004969057714576675,0.00930732288255176,-0.027842273925349992
2019-07-05,-0.004055743389585975,0.0,-0.00045158493327723814,0.000994178902555598,0.0
2019-07-08,0.005645562824600862,0.0064243758080528846,-0.00019178324944402192,-0.004562426060000124,0.056483695734640404
2019-07-09,-0.004658239061355374,-0.0018683285117573334,-0.005175866546490382,-0.0011961436080950572,0.0512048432868184
2019-07-10,0.005650174294660674,0.0007799571249689219,-0.0010094279101561243,-0.003975869448202496,0.009312329089232074
2019-07-11,0.005694126058506166,0.044420173183440825,-0.0006948888470127423,-0.002344890795284549,-0.0752306890090424
2019-07-12,-0.0016345017680787037,-0.007312423183749361,0.004514813137107554,-0.0013679884837960454,-0.007674553326533884
2019-07-15,-0.002629095591457705,0.0030066835196926878,-0.0005738722932974172,0.0002573554002671674,-0.041763337131312306
2019-07-16,-0.0054796613185476755,-0.003597090218503518,0.0017471838155604935,0.0013123423702379178,0.023405968831091695
2019-07-17,-0.02227622471354318,-0.032039783021315826,-0.0009122557209516602,0.005465144074005002,0.014195532111145992
2019-07-18,-0.01432091362309068,-0.010722589635903002,-0.004395125846612946,-0.005617156068527418,0.0863142021761425
2019-07-19,0.002697020322049363,-0.027175613358199735,0.0015496194528008544,-0.0053547254615522455,-0.03149610061898722
2019-07-22,0.004851614757099776,0.008719536781307102,0.00283797110649453,-0.000760917536867578,0.0679970505876657
2019-07-23,0.009494905797890326,0.012646023457548283,-0.003836731081830025,0.002798703062971697,-0.06366782618945466
2019-07-24,0.006234964953997835,0.009010488849909848,-0.0010869658775174429,0.012306928604087997,-0.0679970505876657
2019-07-25,-0.006354966310774331,-0.010183323002235345,-0.004895445604800708,8.43086648028013e-06,-0.04282315436599449
2019-07-26,0.0027016842440334052,0.00332382215033733,-0.000791075725082413,-0.0064394691694795725,0.05550953547921389
2019-07-29,0.0014885485702379648,0.0011042703186341374,0.0003343336238736949,0.0040796173262609425,-0.04552589749812441
2019-07-30,-0.004224669885250276,0.00393948949900258,-0.0012578507383255166,-0.00025248976031067016,0.05509869117609689
2019-07-31,0.004415839601230949,0.01585311804653,0.0009805837562772979,-0.017235305888398056,0.08651595193124617
2019-08-01,-0.016568228127104883,0.006952981145776693,0.001338864668436468,0.0011551178616444613,0.15638460003383692
2019-08-02,-0.026851843034998397,-0.07165871260021994,-0.007728002186327854,0.0,0.10856078839281391
2019-08-05,-0.016790243397232618,0.022975196523114638,0.0006425735328396964,-0.026170724984644567,-0.014549536467340696
2019-08-06,-0.011791791993329581,-0.03360798249911301,0.002632558396775675,-0.0193092020674851,0.39636566157376074
2019-08-07,-0.009342574431710382,-0.014546108119143808,0.012222036561796434,-0.0058201230255879866,-0.17974786697302148
2019-08-08,0.010783791414714436,-0.045978947194013076,-0.0032724860429519387,0.0055686427560657226,-0.03371345079839605
2019-08-09,-0.007387340570392216,0.020451743468628436,-0.0002352914396145378,0.019755314297338566,-0.13237557485912876
2019-08-12,-0.004175074691564122,0.020041786158499608,-0.001532626973702711,-0.012336357394957531,0.0626847708756546
2019-08-13,0.015622374228521382,0.0006834258732548726,0.00190537791611467,-0.00215671930843786,0.17362275784366643
2019-08-14,-0.022665286843810212,0.046610885375804045,0.0008750984193242051,0.009201684277088562,-0.16927452200071014
2019-08-15,-0.012666355689981942,-0.029690044330765497,-0.0036772366987478655,-0.020392225193254232,0.26141551392919693
2019-08-16,-0.0009122482350443403,-0.02101546754573158,-0.003019839816450376,-0.0018000796554549225,-0.041628962009672255
2019-08-19,0.021755179026256677,0.007041041570242879,-0.002667292846995184,0.01410391449165771,-0.12795094205730695
2019-08-20,-0.010877640258555754,0.018758565829940066,-0.0017750133088455522,0.012048332374101633,-0.08608555558733899
2019-08-21,0.017645752482957522,0.0048543202658564155,-0.000964196016010388,-0.0056274538590087575,0.036729909363647284
2019-08-22,-0.003431724700581599,0.004497758841480959,0.0013206089644373087,0.01333040190367063,-0.09714284624372205
2019-08-23,-0.014604627596006281,-0.006301842005359215,-0.000632149682732841,-0.0062505622787696336,0.05569620910238671
2019-08-26,0.0005782367150298229,-0.009679539954626004,-0.000609655232012396,-0.01168458171304776,0.19124703091688589
2019-08-27,0.0008186463796188334,-0.010785294708505755,0.0053264446441778635,0.004375823015858149,-0.02767997590232607
2019-08-28,0.014435626112311603,0.013798936082896063,-0.0035310081699094775,0.006458917787897311,0.051242224987373186
2019-08-29,0.012809290063099277,0.016467877408408382,-0.0012309884431378482,-0.0015102012285732602,-0.04726731214751967
2019-08-30,0.003001153008212113,0.009753680545820265,-0.0003769751693002421,0.013653791522072911,-0.07596905383582586
2019-09-02,0.004631520344316631,-0.010641805933090609,-0.0021569993116828945,0.004523142377681033,0.06152127701904009
2019-09-03,-0.008861346389512656,0.0,-0.006342304929373932,0.001686733030735521,0.0
2019-09-04,0.011292872206346968,-0.03590934920873601,-0.0021168948030498846,-0.0034377017292849255,0.035827203455014445
2019-09-05,0.02000389905311713,0.041881265219748665,0.0005487410040276863,0.008796368030463242,-0.11851474780213478
2019-09-06,-0.011812829332602212,0.004118616093208294,0.0055064510953648504,0.00981499299591082,-0.061165578223251416
2019-09-09,0.01152320738353707,0.009680068009886522,0.00012142419781158154,0.0030102994178444753,-0.07805780098535009
2019-09-10,0.021775839216038022,0.017062060796876333,-0.0014217004063976635,-4.861592012128657e-05,0.018000030517578036
2019-09-11,-0.0016919786941323272,-0.003355153921723919,0.0025190469937259596,0.0011358935516647684,-0.004584194263265062
2019-09-12,-0.013251358852999514,-0.025168317857350964,0.00017673613036772728,0.005095778546027052,-0.038815799999435296
2019-09-13,0.0066519235002083415,-0.007071210252671434,-0.003337111955823313,0.006267036309532292,-0.02669400402553701
2019-09-16,0.02657300514663245,-0.0026498814935695947,0.004069486396331534,0.0031789897476890427,-0.03375530850189912
2019-09-17,-0.008624643648171263,0.1461307745596312,0.0022721208923117686,-0.008918077268592617,0.06768561285791774
2019-09-18,0.0034509871854523366,-0.06476374686636033,-0.006988703977614419,0.0007986637959178644,-0.015678288664927487
2019-09-19,0.005301278496192256,-0.014717343651788561,0.0062460093225473745,0.0019254554557379677,-0.033933503141082344
2019-09-20,0.008079727988643759,0.012578664637599601,-0.0039051159828811244,0.00697550566568661,0.0071684862248750925
2019-09-23,-0.002854546553963,-0.0018633966419054904,0.0015468169869337078,0.00527493300761539,0.09039142255149901
2019-09-24,-0.012123952157456652,0.007622866724872335,-0.0026665498509088614,-0.009637682501854483,-0.026762392661836998
2019-09-25,-0.00809085138037515,-0.025783514829378684,-0.002297737141640499,-0.001390999051660624,0.1435277942018136
2019-09-26,0.005945847324817695,-0.011251966745511766,0.0021041610122873866,-0.0053849801866654445,-0.0639295746444557
2019-09-27,0.011566007540666575,0.005609910117685191,-0.005804942170237082,0.005451106931637195,0.00689220904851684
2019-09-30,-0.0028576211402688845,-0.01322922870337695,-0.002752623786713926,0.003878610783429659,0.0715618942357954
2019-10-01,-0.001803748969822938,-0.018252319026010655,0.0018274149347297097,0.006647170558039317,-0.056910544791736295
2019-10-02,-0.03357979667583607,-0.031095745765171268,-0.003934782765000033,-0.014343933063150405,0.14285712607891754
2019-10-03,-0.01435264080460232,-0.020376987185881767,0.003236798112715489,-0.029827312273502438,0.10775862379037249
2019-10-04,0.010606475197322496,0.0003466884770284562,0.002631231814618884,0.0011894784019188531,-0.07003884553082507
2019-10-07,0.011313155669725425,0.0114364903462576,0.0010646919993484438,0.008585503689646279,-0.10878660211342595
2019-10-08,-0.010195091013579257,-0.00034264961674934646,0.0010217427997381012,0.00711694037934163,0.04812204523281527
2019-10-09,0.004019898675551285,-0.0018851207974424078,-0.0013166996248463736,-0.01108537023570988,0.13549831990998507
2019-10-10,0.007039956586716467,0.0013735922742426077,-0.0010959258329721333,0.008549999875538505,-0.08086791131506321
2019-10-11,0.006872298418374408,0.013374464735570024,0.002527190822104286,0.009199549560063636,-0.05740341898393164
2019-10-14,-0.007567376890966371,0.02385786605442175,0.0021140823313881008,0.0217403638813074,-0.11326122969167607
2019-10-15,0.002537866318836716,-0.019170383070384434,0.0017229052205089967,-0.003826391742199231,-0.06482671590678579
2019-10-16,-0.002318954403143688,-0.010277958068023896,-9.046068807616603e-05,0.011919795645346731,-0.07069318836959781
2019-10-17,-0.0002869127759262587,0.011576378465235848,0.0005187098166075099,0.00016675633155061043,0.01033975950643895
2019-10-18,-0.004172523795257288,0.008246410191289577,0.003643562431130176,-0.002953360509133862,0.008040910396444056
2019-10-21,0.0037041014122025095,-0.00817896310657329,0.00471791789460152,-0.00256650321777252,0.03335750829727768
2019-10-22,0.013337673500535718,-0.007741486008881582,0.0025658447178631416,0.005774741234776393,-0.01754385964912286
2019-10-23,0.008807517425204655,0.012550910616646815,-0.0003568028922085187,0.0013166346668720408,0.03285714558192665
2019-10-24,0.009729745635173667,0.02462307181272938,-0.002014480528594542,0.0005741823945437652,-0.031120318677592684
2019-10-25,0.0014811656003172469,0.008173941719256783,0.00027827990030759864,0.004014601232815718,-0.02141328949562815
2019-10-28,0.000520344461463725,0.005675406181455234,-0.0025538302527958745,0.0009139674614908611,-0.07731585825436416
2019-10-29,-0.010695179170449173,-0.007255736207965824,-0.001773545888299033,0.0002786479867666891,0.03636364047577878
2019-10-30,-0.0008369813539723658,0.00032484095927887147,0.0013430624340124986,-0.0009928740663986968,0.0068650003771777435
2019-10-31,-0.0188003827895374,-0.0159116665011918,0.0014116106506523174,-0.0004969641241511225,-0.06590908319168498
2019-11-01,0.016955550547442095,-0.006269610036109041,0.0035693662573050844,-0.004386423955478835,0.07218169901295868
2019-11-04,0.02011613850211713,0.024240396738652414,0.0002342615162191919,0.0053628967282712825,-0.06959153235332838
2019-11-05,0.009895325484837477,0.007132476109599883,0.0008486785701768973,0.011443969714958202,0.04308940851646659
2019-11-06,-0.003018187519100435,0.013359053630909612,-0.0034052868952607618,0.003085787366696291,0.021044462928233587
2019-11-07,0.0027192587225171963,-0.019377341546161775,-0.0048837204070870666,0.0033237873418905384,-0.036641258162833146
2019-11-08,-0.00496646925550361,0.008908312635377946,-0.0003431754059061154,0.004863433436280262,0.008716296170740545
2019-11-11,-0.002170815127221152,0.0035318253776268627,-0.004579755477885028,-0.0018965838503793853,-0.051846022870803976
2019-11-12,0.004622113147952985,-0.005279123743693104,0.0002491347893853746,-0.0007648923706490285,0.05136701750083272
2019-11-13,-0.007693495707992493,-0.0019298638034065396,0.001180689130078516,0.004160300617315649,-0.0007879649754265472
2019-11-14,-0.005970118589519661,0.00499512651843359,-0.002092314619131508,-0.0034211387691727158,0.025236568385065494
2019-11-15,0.0044434875814163095,-0.001443003914208485,7.707426939385087e-05,-0.0028895638346397856,0.0038461685180664062
2019-11-18,-0.006973060223238736,0.016377656996723333,0.0006612505960077453,0.0061808682111479385,-0.07662835137044455
2019-11-19,-0.0033275266279053826,-0.013586107752242338,0.0031396489910286984,-0.0018025022438367122,0.03402488306409768
2019-11-20,-0.006131052959608104,-0.024503504371353624,0.0015611910211783542,-0.0022564221245081617,0.032102698018110276
2019-11-21,0.0016061764745761153,0.02446234907567657,0.000690340731384298,-0.0034302636992928903,-0.006220834046796964
2019-11-22,0.0063484409735929575,0.025160250904370463,-0.00010307083300920006,-0.0011455234256724234,0.02738657189223237
2019-11-25,0.0007619706463548037,-0.009066778489711491,-0.0011730626846091496,0.0020817565842949914,-0.06016755178731126
2019-11-26,-0.011743806535501037,0.004101627050542733,-0.003912969895997098,0.0055215882819494855,-0.0380875414276427
2019-11-27,-0.004813513018279536,0.009740692888049907,-0.0007379091269722471,-0.0005744516386984033,-0.027801173284553227
2019-11-28,-0.004348841484766053,-0.003267451306072422,0.0007384540389474559,0.0019700310971197954,0.018197577022630362
2019-11-29,-0.009321131658724854,0.0,-0.001606680051341125,-0.0022543644282282393,0.0
2019-12-02,-0.004547885639591964,-0.02544485350513881,0.000627739250439241,-0.0002429227174919335,0.0740425434518368
2019-12-03,-0.01654742104241247,-0.024187123640063146,0.0006611214165124224,-0.020769138075331428,0.1814580017923335
2019-12-04,0.011636774628102345,-0.001641472047385406,0.00545089156182299,-0.0043207585642861535,0.07042254872437903
2019-12-05,-0.004468001500695244,0.03584347773946628,0.0005542388512289609,0.01357800199653636,-0.07268169452628592
2019-12-06,0.015582138245139173,0.006190466502356218,-0.00019948428741312085,-0.00324865346509029,-0.0189189006326147
2019-12-09,-0.005772284684507097,0.015775359041308112,0.002021162890928796,0.012118594046339526,-0.061983508528291376
2019-12-10,-0.0031350093354765387,-0.0021742412016693136,-0.004191322504694672,-0.005459994412789104,0.16446400807192196
2019-12-11,-0.004907188195650262,0.0014007212123055002,0.0005521259976966064,-0.00010890053080037099,-0.011349265788015539
2019-12-12,0.0054606941419912776,-0.009636231776133597,0.002508082857232141,0.004267663571883684,-0.04400513524415284
2019-12-13,-0.0037528459996684638,0.007532889490641015,0.0038863998572851166,0.005125533020012618,-0.07004671159221365
2019-12-16,0.00610937881615405,0.01588791777176035,0.004507980252282495,0.006669626465874545,-0.09397413955347922
2019-12-17,0.013284607918891966,0.001839851501710843,-0.005506554292647348,0.01116835682834627,-0.03879649775758176
2019-12-18,0.0028534661514665696,0.011631499522900102,0.0011248544504565139,-0.007278519327751032,0.012355816662952268
2019-12-19,0.005719433266689555,0.0010589969204253258,0.0012935688381461308,-0.0016767849794275813,0.023596416822877053
2019-12-20,0.001563850764034443,0.005591699513687987,-0.0031792335118151493,4.544580770260431e-05,-0.00635929445081318
2019-12-23,0.00829090945985341,-0.0060114445502744696,0.0009012606925509203,0.00999958212650598,0.0008000183105467684
2019-12-24,0.0011829548663850515,0.0037798609360000235,-0.004143951861756867,2.644033566934212e-05,0.00799355922988254
2019-12-25,0.0,0.012200595963856031,0.0012647340712366173,0.0,0.004758161875518141
2019-12-27,-0.002998010995833985,0.01071430436608023,0.00047715262316239127,0.0,-0.0015785680854961681
2019-12-30,-0.007210047898380904,0.0035336498768310243,0.000510553699354821,0.001485467993527001,0.061660135191065724
2019-12-31,-0.0053957366025621884,0.004107963090567157,0.007313235600164614,-0.008936445217709199,0.10349957990043723
2020-01-02,0.01284751366335716,0.0,0.0016540089524843538,0.0,0.0
2020-01-03,0.015617201078530115,0.0037878787878788955,0.0,0.0,-0.09506527513262342
2020-01-06,0.014064227421582495,0.03547167508107307,-0.004401494957191443,0.006642749356133848,0.12429832859211132
2020-01-07,-0.0073270211905842415,0.004519026164486517,-0.0008483365294456036,-0.005525590389683477,-0.01212553999595678
2020-01-08,-0.0014204194537661234,-0.00928757778306255,0.003228338291148658,0.00179345624639482,-0.004332160141813035
2020-01-09,-0.007717526760978107,-0.04145297115592539,-0.0038628596467005227,0.003540615440247308,-0.024655558631502927
2020-01-10,0.0027489965523636397,-0.0010696774482380489,-0.0037228795184237606,0.006181432198972825,-0.0676579821796911
2020-01-13,-0.0026160154268157765,-0.005966029880101642,-0.0001888991043865751,-0.0016754648401934302,0.0015949328408704222
2020-01-14,-0.0048276852423294785,-0.01200379144960717,0.0005001783132467796,-0.002596658109710215,-0.01910833732279482
2020-01-15,-0.00576476221124302,0.004517148431660178,0.0017148976262308935,-0.0012699617202881486,0.005681870960430491
2020-01-16,0.004121335441429452,-0.007598044347971844,-0.00043409236158020725,-0.0015682411252220252,0.0024212858869983034
2020-01-17,-0.0018258385742124423,0.009687542915344238,0.0020757662165888924,0.0013743663223571012,-0.008051560455349493
2020-01-20,-0.002834473619855671,0.003559203308007186,-0.0012933037942931547,0.009040501454277594,-0.017857087565263163
2020-01-21,-0.011601337349694707,0.0,-0.004038394119527999,-0.00242367392065701,0.0
2020-01-22,-0.008828216605728448,-0.004009285155715525,0.00021081316828008845,-0.002608537451126436,0.06198346912026298
2020-01-23,-0.010635696195059163,-0.021365495148796265,-0.0010198972346647794,-0.005101468817871102,0.004669219000873026
2020-01-24,0.003406699083815764,-0.018509700773476467,0.0009765264799332929,-0.00873787162280315,0.005422129794854458
2020-01-27,-0.023591176573373045,-0.021760191310385424,-0.0037146146349177345,0.011322320496522265,0.12172580378289855
2020-01-28,0.007620775090922442,-0.02257371828777477,-0.002701160722729301,-0.026810144734573438,0.25206037203646203
2020-01-29,-0.007526010374999688,0.0032029438247882513,-0.0005068798012616282,0.011251137032505687,-0.10696647858234709
2020-01-30,-0.025959685916359648,0.005041220974951077,0.0002534602516883755,0.004608529975039355,0.006756676803653994
2020-01-31,-0.017973364410508657,-0.025413817469705835,-0.000517823376805393,-0.012199059195193818,-0.054911510191921864
2020-02-03,-0.008758195178531011,-0.0022302464586272386,0.001113983627091697,-0.013512080587745223,0.216268588183969
2020-02-04,0.020684890709451342,-0.0637895305056081,0.0055005980931706056,0.005592038230377128,-0.046178388120336256
2020-02-05,0.019848779927798283,-0.008999112426097633,-0.002422820498873768,0.01939491198049259,-0.106844749563629
2020-02-06,-0.008692857300859133,0.02446255962231958,-0.0014140775226543223,0.01220703115417976,-0.05607474525307843
2020-02-07,-0.012938086714569474,-0.006331376299743563,-0.0040708387449320815,0.007326919879258265,-0.012541226743722711
2020-02-10,-0.015944404330850852,-0.008374277843018918,-0.0017573176694883896,-0.001847324218712365,0.03409092430356764
2020-02-11,0.013267225560898691,-0.022030489003979525,-0.0030657140611913825,-0.0013979393410017416,-0.02779575292524339
2020-02-12,0.0113386120890037,0.013891455930364671,-0.0032740540687078434,0.008610231214598363,0.009308533489218451
2020-02-13,-0.014833938521315574,0.03295690889300529,0.0005459388777842022,0.007472827690966799,-0.09486169335363148
2020-02-14,-0.005284008202281125,0.009858383725307895,-0.003980624613736272,-0.001995091762629797,0.02983987294337087
2020-02-17,0.0021700396994683846,0.017394383024177396,-0.002754891895100142,-0.0014999764855171405,-0.03321550007245233
2020-02-18,-0.00885299611782057,0.0,-0.00039029385027244956,0.0032023288184868104,0.0
2020-02-19,0.006167140552938617,0.007501749955777015,-0.00015173635873644287,-0.004341761772196029,0.08406429772484536
2020-02-20,-0.00013991235918081601,0.023722925227441793,-0.004123896362855373,0.00746503158745182,-0.030343884799743148
2020-02-21,-0.017930797058080095,0.003213843789563686,0.0013611103197250785,-0.010917978442975818,0.08205843503372323
2020-02-24,-0.04489598139347987,-0.013657078983912885,-0.002044404117788723,-0.0059116442596381935,0.09768634081610128
2020-02-25,-0.018498104272893518,-0.03760685064853764,0.004732348696283584,-0.04010122857269871,0.46545672122078363
2020-02-26,-0.00018830446625868932,-0.02397865883508632,0.0009362707871527487,-0.020688153747331572,0.11266478695419302
2020-02-27,-0.03400828834004641,-0.02766151841054787,0.00302297513846872,0.0014471399270730156,-0.010412959122266252
2020-02-28,-0.03666206197439722,-0.023395096254171466,0.0003582195502427332,-0.034033231617169646,0.4208998768597427
2020-03-02,0.019651608614806877,-0.03181295204491308,0.010227393434993237,-0.03658358251890015,0.024259467993900774
2020-03-03,0.009789375457262883,0.027315935384223833,0.00491786361275226,0.0028052608411559543,-0.16679138218910172
2020-03-04,0.005578684962090204,-0.000770730527000052,0.008391445909352147,0.009925600226033504,0.10173553896356191
2020-03-05,-0.019103700709667826,-0.014076350436652674,0.003287119964528351,0.014410000181731553,-0.13117870623950623
2020-03-06,-0.05386069389165978,-0.022296095557082674,-0.0037204257922510697,-0.016658085077499107,0.23851201048320303
2020-03-09,-0.17896844528922107,-0.09441890502548766,0.007609796086103238,-0.03909822472219371,0.05855627858074386
2020-03-10,0.015056312272613245,-0.24099844791455216,0.014448797785124423,-0.08446599059610638,0.29852171835290564
2020-03-11,-0.01766012579974598,0.08323633758871174,0.0010486546000192387,-0.01657617011256518,-0.13147263987842284
2020-03-12,-0.13932805021604902,-0.03842021113047045,-0.007146411649794127,-0.00153262208079874,0.13953493436099507
2020-03-13,0.021954934110060016,-0.07180775716910459,-0.004859278542138523,-0.12401398383050277,0.40018551176604067
2020-03-16,-0.062011060359853785,0.018964395853945604,-0.006800472200027885,0.016026072054591944,-0.2337352471753954
2020-03-17,0.027316229537199328,-0.11225995297948721,-0.0026438297866444582,-0.05245508593098147,0.4298806817087415
2020-03-18,-0.08314304038283453,-0.0439267796451811,0.0007032639633588467,0.032701134514516506,-0.08199296866753814
2020-03-19,0.03332892121414963,-0.1340062806408957,-0.013229605475047146,-0.057174444434153315,0.00711359847295534
2020-03-20,0.050023706519970235,0.14429261550173123,-0.0048998489149221225,0.028610711541446898,-0.05820794147650399
2020-03-23,0.013539746493157404,-0.052335785284660874,-0.027751725571960706,0.03847467029158236,-0.0827777650621202
2020-03-24,0.16242920517388926,0.0018532670592119604,0.0034757157946578854,-0.02470471294388854,-0.06738341461611286
2020-03-25,0.06514973061312627,0.0044394720250249264,0.006566417369906263,0.09236224914967162,0.0012988799506288284
2020-03-26,-0.00017614823006154948,0.008839770699457405,0.003532443485666059,0.03131725115818229,0.03697101770212585
2020-03-27,-0.06184484187567768,-0.038335131816665036,0.008047422242644764,0.01701348452090623,-0.0461298002774857
2020-03-30,0.04592868363037531,-0.05353074560531379,0.014572570730083445,-0.041832629531621035,0.07442624451684177
2020-03-31,0.07495623297903897,-0.08704372441758157,0.008220695167680647,0.01354890373147355,-0.1290814611885116
2020-04-01,-0.005703235665294237,-0.0008787547259464512,-0.00975092410858569,0.00769439917796455,-0.06201823409195106
2020-04-02,0.05576624141828893,0.08795074846659312,-0.0003528575408736634,-0.03825033451182647,0.06574524463152964
2020-04-03,-0.046818091594455456,0.21018596649341958,-0.006616062836650616,0.0030556061847741844,-0.10778130700777788
2020-04-06,0.0002753914554119996,0.13927855717806192,-0.009697489183293495,-0.009484878163067645,-0.0807307134682792
2020-04-07,0.018141783312037713,-0.03107597051667399,-0.003728463827186168,0.04993634259100088,-0.033333281709936435
2020-04-08,-0.013535616091189992,-0.03570343192334968,-0.0002916541788892113,0.022067458455699684,0.032272303941305536
2020-04-09,-0.00046165678370585495,0.03043612449988964,0.008454590683961927,-0.0022395526840800484,-0.07173452321390283
2020-04-14,-0.027991305434168206,0.008259219589028088,0.00048109572004806367,0.0,-0.011999040604053213
2020-04-15,-0.06252222133974365,-0.0674227915904313,-0.0008847468401703695,0.008624874544977734,-0.08282730141057637
2020-04-16,-0.025003104782482872,-0.06452702104043928,0.005712292577293665,-0.03754276920806121,0.08156784872784995
2020-04-17,0.04135796220274479,0.004694805282026149,-0.007308567616241546,0.0014778671592252657,-0.01787462143753371
2020-04-20,-0.007596994909177128,0.009345802722284358,-0.004275971806308454,0.027005866458507333,-0.048865595977249154
2020-04-21,-0.037012217591640494,-0.08938747278139458,0.0007823250313490071,0.007339940731045713,0.14888597845331075
2020-04-22,0.04405729665012877,-0.2440359736250306,-0.00019559291749593477,-0.04061175875902212,0.03604832193362939
2020-04-23,0.030027785449573446,0.053802427296024025,-0.0007706749407427882,0.015605341191528677,-0.07553403031714068
2020-04-24,-0.02162065134002611,0.04712808271581714,-0.004313134912290573,0.006194242900510183,-0.014292484055828392
2020-04-27,0.01317219482560028,0.005157084423113689,-0.0030176057328222816,-0.015211394085217655,-0.13170615326877966
2020-04-28,0.020370251383762472,-0.0676306309151492,0.004329554527432444,0.025994374563215183,-0.07347618611815432
2020-04-29,0.04252232186523197,0.023511721797693674,0.00010826512245132314,0.01733810157880855,0.00841089731440281
2020-04-30,-0.03874346784136825,0.1016618731245802,0.0010836352792000792,0.02183448437340485,-0.06970509901281496
2020-05-01,-0.019333937655625077,0.12111798719385525,0.003752645927246556,-0.022746436913336665,0.0934999047852525
2020-05-04,-0.04036223792622923,0.04629996260781577,0.006271686807133081,0.0,0.08901894480228245
2020-05-05,0.07294829058424486,0.02874433485365757,0.0012933299570614398,-0.03806441881258593,-0.03280444880494526
2020-05-06,-0.029131671065426062,0.1386028839951996,-0.005048729550992004,0.021100782555796505,-0.06561024548960048
2020-05-07,0.0215679246133762,-0.040361641191932196,-0.006026226213444508,-0.011179036661885244,0.015174005125609291
2020-05-08,0.00357174182449956,-0.008748325534617574,-0.0036931120457727173,0.012954710581805085,-0.07854626265309517
2020-05-11,-0.00688876284582209,0.05125594962009705,0.0035762058614008385,0.009550096796847374,-0.11005092026233321
2020-05-12,-0.0007417064764445961,-0.043267684284709396,0.0002168107414928233,-0.00837661110550969,-0.01465331858898733
2020-05-13,-0.03181206201924858,0.01181236555460874,-0.0027780072010433754,0.00015602988188123668,0.1984041088593127
2020-05-14,-0.014708899702537434,-0.026350867919985976,0.003460125949687365,-0.02553564371077166,0.0677965436349861
2020-05-15,0.010371855263155297,0.06646106855823719,-0.0021322207671115034,-0.017903992985414452,-0.07568022282676867
2020-05-18,0.06907357080595537,0.04400902268446005,-0.0015454488283191958,0.0037931515769373814,-0.022079153855476208
2020-05-19,-0.011954376727294455,0.07107696533203134,0.0013310858459365527,0.0509546086290984,-0.08121668868481102
2020-05-20,0.01785078057603699,-0.004596375785692275,0.00866660982343559,-0.0031937459860184036,0.04197957275129127
2020-05-21,-0.02109806866510444,0.03174598631112735,0.0011583319408448034,0.013715319950394322,-0.08319688366854172
2020-05-22,-0.011730990348737924,0.00867136708506333,0.00505210281016133,0.0,0.055019683033953104
2020-05-25,0.011198877626881543,-0.025790356898450217,-0.002738140153006774,-0.01254759675735928,-0.04639352547841158
2020-05-26,0.005919331216534096,0.0,-0.004117779777254138,0.022674516555812874,0.0
2020-05-27,0.021646984138289027,0.029604243359218074,-0.0004404310453832716,0.009379531906677174,-0.005326691027807584
2020-05-28,-0.005068836305334686,-0.03953543165247586,0.007224939774856942,0.017291198354389747,-0.013923576810481397
2020-05-29,-0.039358970226098,0.0158318713439054,0.0031947931525848627,0.014221158234820841,0.03511945271111783
2020-06-01,0.020955271606268866,0.0011334914845453348,0.005650423605935151,-0.014306171961717573,-0.037775443089960836
2020-06-02,0.04021193900267147,0.08463056067948904,0.0035579530369997947,0.0,0.02617227580385806
2020-06-03,0.02875427341504222,0.03262004201343549,0.0006675319779554378,0.03567637207441665,-0.0492383780442075
2020-06-04,-0.00820823249149403,0.005559798392717807,0.005706559007063072,0.03500138260465402,-0.04396424360906748
2020-06-05,0.05985913488510634,0.005026407598332172,0.0041573002584596175,-0.002422372775400361,0.005845659369534406
2020-06-08,0.016398488980108244,0.05776437763536291,0.00907027625983492,0.03759427536340354,-0.049980590270097824
2020-06-09,-0.03740263363761509,-0.03546099354738985,-0.0016186702973106648,-0.005318693076609482,0.0526100727608374
2020-06-10,-0.015606037824062632,0.009313751843653462,-0.001232268175929252,-0.0135401517979995,0.06819063406817372
2020-06-11,-0.06019623856199217,0.013355979431389553,0.002357072805333038,-0.008130791402323312,0.0
2020-06-12,0.008441214568036925,-0.07620417781114985,0.0029323119315063373,-0.04528021421038386,0.47950675977645907
2020-06-15,-0.010552037629814678,0.004669268709160734,-0.006806778164859195,0.0029161130697221704,-0.11522433580407998
2020-06-16,0.03177481072763374,0.025561623810172573,-0.003195541723474027,-0.00549826172871537,-0.046827337754605125
2020-06-17,-0.012805695364087358,0.031218474966290044,0.007619025622873643,0.03387641987891987,-0.021221026876537152
2020-06-18,-0.007540533903873455,-0.006103515761424205,-0.006353943827565933,0.0075895049305467754,-0.005939915625735037
2020-06-19,0.009822337205683892,0.019651173054574533,-0.0020237334999584355,-0.005313353504155405,-0.01583515311216377
2020-06-22,-0.011983853807637779,0.016381602810690454,-0.002837487793214688,0.005907934363964085,0.06618094705711841
2020-06-23,0.017612728315560305,0.021095122856493065,-0.0029832625318877426,-0.00838461822250458,-0.095387203189226
2020-06-24,-0.04031229772300787,-0.010445699717103185,0.009136542940248127,0.01762665083692805,-0.0125904819882533
2020-06-25,0.0069593863646222704,-0.054421760185210166,0.002895980281716115,-0.031135268718017306,0.07873762343880286
2020-06-26,-0.012558493561183937,0.018357673990550882,-0.005434121121245528,0.0071304563302612145,-0.04787230864598202
2020-06-29,0.016115197549499378,-0.000730786354553481,-0.00255872164999138,-0.004579186941182756,0.07790186922526843
2020-06-30,-0.021710507152595593,0.01682102922986184,0.000336847087887282,0.008691829189867883,-0.0849409413899711
2020-07-01,0.007358407553386089,-0.013425978683423656,0.0019007239932979925,0.0006342933570140374,-0.04247955797046343
2020-07-02,0.017310521968642134,0.021385108646096773,-0.0010000172763980908,-0.0017377846084674076,-0.05948075740355885
2020-07-03,-0.014049531682932789,0.026409722640732713,0.0013726735475050322,0.02838518115651323,-0.03284418261683031
2020-07-06,0.014643764530617812,0.0,-0.0012024360215885377,-0.00774382754609515,0.0
2020-07-07,-0.008642204379599025,-0.0009272349581196382,0.0008322910247819948,0.016892449706457313,0.009393071749107529
2020-07-08,-0.011195250697603873,-0.000463959252305135,0.005837408743786465,-0.008498422537752681,0.0533285519913258
2020-07-09,-0.030606347788333006,0.004874630351600295,-0.0033261636145835993,-0.010678708220661193,-0.04587157211929438
2020-07-10,0.006806030013832213,-0.021714077651337926,0.0056695953320384795,-0.007583530989444531,0.042022803005052234
2020-07-13,0.01757178195592986,0.02101542470868223,-0.004515257193776434,0.010747691677461813,-0.06732738543897732
2020-07-14,0.01912048660457566,-0.012025912062409327,0.001956696060406715,0.01631566757524472,0.1795528599045837
2020-07-15,0.006176290165093819,0.00421349016929673,0.003134739407461451,-0.008540330573694077,-0.08294496063538004
2020-07-16,0.0046881044597886406,0.020745905780715557,0.005747538270340025,0.01710731657440867,-0.05962060303488104
2020-07-17,-0.011418814014611922,-0.00959127597308751,0.0005686381091167814,-0.003806709301656719,0.008645524824904882
2020-07-20,-0.015130467913141191,-0.005303194556162127,-0.0021964124845104127,7.428647621954276e-05,-0.08285713195800781
2020-07-21,0.0227326006780445,0.003245233927426261,0.004462768406512829,0.006756593051625792,-0.04750783513258894
2020-07-22,-0.0312687597161417,0.024029596692706656,0.001375032190692238,0.005020160115100536,0.015535612524060216
2020-07-23,-0.007737689961752521,-0.0006768677685793367,0.006574425313873089,-0.010157571732325454,-0.020933995755611834
2020-07-24,0.00038484727262973656,-0.022126880153049533,0.0030078212447555153,0.00029072982529476654,0.07236843137199545
2020-07-27,-0.015326190425812014,0.0006926524669974565,0.00236559286041671,-0.018047090769896634,-0.009202445238506662
2020-07-28,-0.005509166529087746,0.0016151290857815415,0.004870829620063688,-0.002431311504965783,-0.04256967395410638
2020-07-29,-0.0014670991300691865,-0.004376840068574972,0.010015670777406838,0.00021798533503480932,0.02829429140725548
2020-07-30,-0.04072324042244193,0.012262812686895552,-0.004289165041998277,-0.0010292370727542632,-0.052672960867039875
2020-07-31,-0.024721910253353834,-0.018514317103794697,0.005467304712160281,-0.02786530452662872,0.02738588535125408
2020-08-03,0.01726475022531071,0.008383805818932721,0.007586362212601561,-0.010560402508616895,-0.012116362747817577
2020-08-04,0.036895149833418274,0.01963053819388616,-0.0075760337032135805,0.023299465505923544,-0.007358888166983268
2020-08-05,0.02393033928373463,0.006341987986857811,-0.0016115393013034218,0.0018502129469810669,-0.021416822201726027
2020-08-06,-0.022660568176907463,0.01665536481401575,0.004430779333569168,0.004329621386192972,-0.03240742636137206
2020-08-07,-0.01479131226665135,-0.001771043161396868,0.0048559695029375405,-0.008563873000677402,-0.014789045496860997
2020-08-10,0.019219489453080423,-0.015302697369127927,0.0003087460372570572,0.003783498335711233,-0.019426072470996703
2020-08-11,0.0349442051396505,0.013288291268278574,-0.007894332439634666,0.0021705559484477277,-0.0036019778029610094
2020-08-12,0.013498973429083868,-0.010891346081041031,-0.0038148260412615986,0.02221368070095875,0.08585637586680717
2020-08-13,-0.019771221796507938,0.0208988832623771,-0.00010562276706871376,0.009321336974893013,-0.07282563254243057
2020-08-14,-0.018450649638745337,-0.01034561341725504,0.00487906845504904,-0.0060448249566170675,-0.006732563790665225
2020-08-17,-0.01015228746121651,-0.0035587155398179027,0.001929577399301552,-0.011307730745876876,-0.0036149989489328016
2020-08-18,-0.012057176437845965,0.012723207690429783,0.003046169826061096,0.00024206859693665095,-0.0317459809438132
2020-08-19,0.004570653457721692,0.0019836930726626623,0.002018980265106496,-0.004903490660274512,0.007494137918188315
2020-08-20,-0.018989239050177447,-0.001979765824910218,0.006009806361055858,0.008505558517970968,0.04788473620109546
2020-08-21,-0.007306274064490618,-0.010359211308589189,-0.008734567738023058,-0.013154048738933333,0.00798573161117977
2020-08-24,0.03950731378114736,-0.012249510758720272,0.002546942903547178,-0.00434638591367098,-0.007922464932529683
2020-08-25,-0.017951645281342077,0.01758743226224202,-0.006370959580544899,0.022084512687897906,-0.007542150372178313
2020-08-26,-0.0027070378252487446,0.01617548249410694,-0.0002949409890677934,-0.0006093000362649148,-0.015198933385446534
2020-08-27,-0.007096238451916019,-0.0047972354508313275,0.0034321894453757107,0.008123845363549043,0.0562868693812546
2020-08-28,-0.003780475973751992,-0.012050816047672663,0.000651394338439415,-0.0076621416569249146,0.05156849299461275
2020-08-31,-0.012496150206784998,-0.0008871349610107826,-0.0019502937318516267,-0.0046532013479977374,-0.061708225224908486
2020-09-01,-0.008372289240198394,0.005105428327002448,0.008342792041089897,-0.012978286731546218,0.15026136326253647
2020-09-02,-0.008371710120857209,0.006625509272208285,0.0017430930674866563,0.001549290405299164,-0.010980651641583683
2020-09-03,0.00018959095412174332,-0.02523039665819815,-0.0013234919979406845,0.018364140607262547,0.01722813327459405
2020-09-04,-0.0037526576639722955,-0.008102647037560917,-0.006361980408355672,-0.010051635862208586,0.2645840745216983
2020-09-07,0.021234370249170704,-0.03199455087760539,-0.0006393457221240961,-0.013204291239489074,-0.0848213870103649
2020-09-08,-0.035326478181962016,0.0,-0.00044976148142794603,0.016401933094063903,0.0
2020-09-09,0.018741995288165558,-0.0675105738025441,-0.0010758034478896006,-0.01409141937514724,0.02308940112106206
2020-09-10,0.003112227423458976,0.025389697516936982,-0.0043549400692805,0.017585996956769767,-0.08423393819608227
2020-09-11,-0.004407470464011132,-0.017896531646275138,0.0030697019536041203,-0.0036272706605658955,0.03123914041005804
2020-09-14,-0.016733392152868915,-0.0057413762943521185,0.001525357772983682,0.000917672837105199,-0.09559065408128964
2020-09-15,0.01713496569828839,-0.005523505161669218,0.0015513640318849387,0.0002955478303741099,-0.03796056665075909
2020-09-16,-5.137987379683073e-05,0.023226411380182777,0.0023028061782486287,0.004664139279523916,-0.010058035785106334
2020-09-17,-0.009156695311452911,0.041697569511635946,-0.0021557096226498818,0.0019746592720004674,0.017585023847447978
2020-09-18,-0.01947731975076857,0.0255802459765877,-0.003458398421950948,-0.006669986865204924,0.01612896137399411
2020-09-21,-0.0368193957904823,-0.0034641504347477925,0.0037913635082373887,-0.009913894859875483,-0.02380949291628287
2020-09-22,0.017852914682001748,-0.03962926625030039,-0.00022507314877340256,-0.037378678384540565,0.0754936418389145
2020-09-23,-0.012373989590198753,0.006756819577056428,-0.006545397017979959,0.0010060050585256608,-0.03311735253974313
2020-09-24,-0.021511870668275423,0.0011984476413613443,-0.005067306447492315,0.005050432567948349,0.0640357138596499
2020-09-25,-0.00897351125293803,0.004069862750353703,-0.004255377205412025,-0.006436951599875673,-0.0024492545490231166
2020-09-28,0.012666899315431376,-0.0004768826518495306,0.001260749603063216,-0.007146331465624933,-0.0747106647146728
2020-09-29,-0.02503345859538893,0.012166082025458769,-0.0032462486057818207,0.027455605313182696,-0.007202374251457866
2020-09-30,-0.001174791439393789,-0.03299555776124108,0.003737229825137023,-0.0027581038473477593,0.0030545980173624088
2020-10-01,-0.031330824822505134,-0.001949744546368093,0.005413030530529328,-0.006436841953753825,0.0038066379797176975
2020-10-02,-0.0028622411065885403,-0.0004884116579009223,-0.001360210502676873,0.0001502940097899419,0.012514217413868156
2020-10-05,0.025875420518683783,-0.04055704458917864,0.0016089994172752142,-0.0009893760548522756,0.03483139967239324
2020-10-06,0.026529002084901204,0.05143876837832617,-0.0020861974904528013,0.009179154569351589,0.011943537232336876
2020-10-07,-0.012284459170207707,0.03293777137796394,0.006143927966141716,0.004061858582332878,0.05436339440396454
2020-10-08,0.021121056228378638,-0.015474790710420905,-0.004648194991886068,4.017035553105508e-05,-0.048168252996730776
2020-10-09,0.00986547027874827,0.03215047440241947,0.0025417808980194856,0.0069060034072456755,-0.06058442223615079
2020-10-12,-0.015364463004635823,-0.011305991618404287,-4.001510240880801e-05,0.005332121338736062,-0.051593345176839334
2020-10-13,-0.011373238979768848,-0.02637099868510895,0.004235185563026933,0.007637972058746723,0.00279998779296875
2020-10-14,0.0002307408471427889,0.017497591583819805,-5.911618479070846e-05,-0.005739686581637593,0.03988831320993014
2020-10-15,-0.03168274993871175,0.02049467411657413,-0.006258514217526323,-0.001802247571801363,0.012658225069775098
2020-10-16,0.015398322910946524,-0.0036934406403337228,0.00015268939423940253,-0.024620590713082535,0.02159089784320045
2020-10-19,-0.005264252049807017,-0.005328997753694775,-0.003137572239784059,0.01653152365732935,0.016314443650717658
2020-10-20,-0.006781277481236321,-0.007221089473266162,0.0007147180392022001,-0.0009120284471030304,0.06457498969781228
2020-10-21,-0.023822174362183462,0.01267012972924686,0.0045544851656165175,-0.004514987628113198,0.005825910709938986
2020-10-22,-0.0005069690137025443,-0.03313253730841992,0.005181497776384436,-0.014613402740233261,-0.02385011086341937
2020-10-23,0.020523791792993906,0.017493399239016716,0.002038879280469974,-0.0029207530433913442,-0.018848133171682435
2020-10-26,-0.032416889619976706,-0.016250556796674864,-0.003284551955978321,0.008655517915765909,-0.01992178445861703
2020-10-27,-0.025494208260959623,-0.031362254223953,0.0028316561500716375,-0.02926358273832741,0.17822141500487332
2020-10-28,-0.027412974622734676,0.018289710707155793,-0.0032947233516975594,-0.011158490409387323,0.02741834302990398
2020-10-29,0.007115304026304281,-0.050485480401391336,-0.0021447579912096115,-0.03486616791143449,0.2077961206071215
2020-10-30,0.017678630824915664,-0.03757662183389621,-0.003007617828291731,-0.001184397618847588,-0.06678249027384753
2020-11-02,0.04981513804771761,-0.005046545383953105,-0.005956166003128649,-0.0006148817212531243,0.011439220628632452
2020-11-03,0.016022820647466202,0.04030972165336677,-0.0031317368936795154,0.020732158614449325,-0.023408715910909428
2020-11-04,0.0069749586087660504,0.0189889104590637,5.826265274877507e-05,0.02622251422942168,-0.04255323957993329
2020-11-05,-0.015309345896067694,0.038277524371890914,0.010256598756917423,0.020121243044140646,-0.1682137741370816
2020-11-06,-0.0038317706865768075,-0.007276236730326069,-0.0025108289252275817,0.01723783056243855,-0.0672979300526162
2020-11-09,0.13520139548546392,-0.03615928490597098,0.007232409142491791,-0.003579472799727035,-0.09862216536906332
2020-11-10,0.05140076499081684,0.07477821814672247,0.006386490672249501,0.06362568005322244,0.03580045727262959
2020-11-11,-0.00010205016951766084,0.028537713229423556,-0.005523335652097172,0.010185188568156978,-0.03689323351221174
2020-11-12,-0.015184543119877991,0.004356767348081325,-0.0007209612763262596,0.00716893842495403,-0.054435424018226874
2020-11-13,-0.0009935058152941527,-0.006164394120245054,-0.003257206770447163,-0.011276813977914912,0.08102343525434108
2020-11-16,0.055566059598015194,-0.017229497381853975,0.0019605283529799955,0.0011289064939683513,-0.08875739511407266
2020-11-17,0.006047160759733901,0.024310447526956214,0.0035464667435043395,0.009947318061150456,-0.028138511160012314
2020-11-18,0.005664186597633199,-0.0015974371362783568,0.0011978037781641415,0.0006548996041302324,0.011581216601222133
2020-11-19,-0.0224092208324837,0.013485717773437544,0.000355935881684033,0.003946957019599129,0.04975786497886037
2020-11-20,0.006032658789789147,-0.0031574061607274606,-0.001350688437114167,-0.008672739082075998,-0.03062078597164286
2020-11-23,0.04351822605981585,0.017194531864588525,0.0015900757859319548,0.004527886130464065,0.025530079489639368
2020-11-24,0.05799964751491404,0.024466243576910074,0.0,-0.0013150474291520053,-0.043881893757304447
2020-11-25,-0.013658883989889237,0.03907944384266382,-0.0020013415276960433,0.012977020450048338,-0.04501325969250447
2020-11-26,-0.015448381543813746,0.015670706026647663,0.004879207110725758,0.0011174299445335656,-0.01802215344955116
2020-11-27,0.006064815557784671,0.0,0.0016378050687413381,-0.0002733451875605031,0.0
2020-11-30,-0.04781502240766413,-0.008845922645066007,-0.00033602610922867093,0.004799312417033574,-0.01929411046645224
2020-12-01,0.019870296026455663,-0.012245748211929919,0.004654525577231228,-0.009992091255342284,-0.01295587599744541
2020-12-02,0.017499931026937438,-0.0035722206996743333,-0.0027816090374511715,0.009362799225246077,0.009722934657591553
2020-12-03,-0.004444473587023952,0.017503202511683025,0.011410306402095838,-0.0011119588697107163,0.019258527188946495
2020-12-04,0.039938592372657844,0.00953365978181675,0.0033314170009388633,-0.0011984058879064285,0.005196060933166491
2020-12-07,-0.008350300198577984,0.011086038301722834,0.002562763801620571,0.006303466281717185,-0.023026304290754473
2020-12-08,0.0009973500741713621,-0.009340082933454896,-0.001999998037004458,-0.002596564081162489,0.024530942716423976
2020-12-09,0.009555715489611835,0.001024784507528853,-0.0006783939588516086,-0.0011925964409669199,-0.029107932117012014
2020-12-10,0.019648986416370823,0.00040950978094156376,-0.0001815724171323474,0.000893368796653915,0.07688588632128535
2020-12-11,-0.020225256327823477,0.028448615887940676,-0.0026573445846650445,-0.0019013666401335172,0.011225864160808507
2020-12-14,-0.016311169971992074,-0.005572115010883061,0.00542606272772872,-0.01035399215186783,0.03507988419717645
2020-12-15,0.004090767666663331,0.006403836041765754,-0.0008966983830569486,0.0051981366299105325,0.06048905532890392
2020-12-16,0.0038899833644569872,0.009345742641669874,0.0012768419520983176,0.0050057761098980524,-0.07402912518356886
2020-12-17,-0.007334753074531908,0.0063042458649122946,0.00044489219312326966,0.006105352832599831,-0.017037981653455492
2020-12-18,-0.006176883621768325,0.008222360099642056,0.0037257618774535484,0.005043781311741435,-0.025333319769965224
2020-12-21,-0.04327253360889707,0.014757248961809744,0.005174836135400485,-0.00424899714260718,-0.016415896276417152
2020-12-22,0.004377899587072742,-0.02583234821048286,-0.003799173146871393,-0.027373710103129834,0.16643487266480217
2020-12-23,0.027303327668437682,-0.016303241383718303,0.001700880915794123,0.01415325851086724,-0.03696344637583293
2020-12-24,0.00048478125784773285,0.022364195106523654,-0.004106843593038589,0.011942856061884166,-0.03796946321399031
2020-12-28,0.001360367543605523,0.0,-0.000548358191325371,0.0,0.0
2020-12-29,-0.0003965222499272003,-0.008383706326774543,0.0016721969568598283,0.010213971916164466,0.007895962418588809
2020-12-30,-0.005320705463081388,0.004522208798194871,0.001503461095783143,0.001666999092310606,0.06359442913584812
2020-12-31,-0.007517401708119487,0.004893325489397915,0.002413844119172115,-0.002730806640156902,-0.013431519365993294
2021-01-04,-0.005272096530862931,0.0,-0.00972591227614994,0.0,0.0
2021-01-05,0.04904250914374245,-0.013706546234168338,0.005782208063576988,-0.0020159635163374823,0.18549447531228536
2021-01-06,0.04013885471361045,0.049128955060417256,7.356497217481106e-05,-0.0046402877968863,-0.06043749359531836
2021-01-07,0.010242129291264926,0.01305971609826484,0.003972994689505738,0.017822055252706637,-0.010655108766291721
2021-01-08,-0.0005621788769861377,0.0014733302427025752,0.003319759284015955,0.0031402914099563084,-0.10769840001825937
2021-01-11,-0.005121783169698728,0.029606483610305823,-0.00564483535912963,0.006247240088446571,-0.03620926879315989
2021-01-12,0.018844016212924863,-0.005893942153275655,-0.006946159299648702,-0.006702221180331702,0.11688314101048247
2021-01-13,-0.002859585224894823,0.01652896130371362,-0.0020928282920177343,-0.0023449669117994176,-0.03114617950067544
2021-01-14,0.014129728330496158,-0.009190534481005708,0.0039629900042505994,0.001212616128220212,-0.048006894251865995
2021-01-15,-0.018144556373072312,0.006421633728782128,-0.0038007870478363737,0.006874060172582297,0.046825797316417894
2021-01-18,-0.00040483357451281954,-0.023395954230122085,-0.000923486741711943,-0.011484706858547966,0.046881726993027506
2021-01-19,0.002151275564745351,0.0,-0.006842590880306143,0.000866739732620303,0.0
2021-01-20,0.007035888167890654,0.014519112049223626,0.0007608065497719529,-0.0020123964052267684,-0.04519311317065755
2021-01-21,-0.025688673036745085,0.0032200411495955095,0.005098325770698242,0.007960159817041568,-0.07142856556629995
2021-01-22,-0.012351517877410326,0.0003565735095132361,-0.0019143025297213567,-0.00157005478552108,-0.012048203419881442
2021-01-25,-0.022684248857091343,-0.012299441095836805,0.004181602719109279,-0.004405374028676801,0.02767355351938039
2021-01-26,0.010156958199162161,0.008482245479108697,0.00025916567074868446,-0.013676960904873914,0.05842084416064908
2021-01-27,-0.0019336488955914073,0.00053684285475053,-0.001906945525246062,0.011170453949696846,-0.007330749132337333
2021-01-28,-0.010611048116063948,-0.001788561516616105,0.0013792318288194938,-0.015711902340218575,0.6164204319953999
2021-01-29,-0.020195287901492165,-0.0050170683946290096,-0.004762003705163664,0.0058421767272267555,-0.1881214773509905
2021-02-01,-0.014146659284088037,0.006302940689940195,0.001236204229644322,-0.021253653831845853,0.0953327095463401
2021-02-02,0.003880003446188829,0.008410833876558943,0.0003152348219104262,0.014192448263244062,-0.08612875093162653
2021-02-03,0.017080419156116872,0.01969832547309358,-0.004549946712114394,0.016882581144075814,-0.15476191602506528
2021-02-04,-0.004313994749092831,0.017403411345863207,-0.002455957182741275,0.005372581583520386,-0.1036776085250426
2021-02-05,0.006056181449872448,0.006500189429803793,0.0002769556190749256,0.008967412476625913,-0.049759903851645415
2021-02-08,0.014864038776227143,0.008497620644176918,-0.006282587967714526,0.003747790271752649,-0.0413412769685686
2021-02-09,-0.00506163211213249,0.020559508216481115,0.006855858420775629,0.002664278710733603,0.017728745424351322
2021-02-10,-0.00013167083201217253,0.008751630899576313,0.0004002080092257998,-0.0011949570295689549,0.01836155338281853
2021-02-11,-0.0071677144449335635,0.0062203481284348605,0.005508496493374926,-0.003485198841183368,0.016643579487721327
2021-02-12,0.008788483295340025,-0.005368502106740558,0.0001006197804718223,0.006389103546077246,-0.033651649787194926
2021-02-15,0.046124294233699716,0.021099131966065388,0.0008492320522894836,0.00651750049753308,-0.06023532643037688
2021-02-16,-0.0021969432108427203,0.0,-0.0007758942166107285,0.010442076579588289,0.0
2021-02-17,0.009211070793897639,0.014736475483711375,0.0008334358533188535,-0.0020888139173365072,0.07461190898097625
2021-02-18,-0.016983230255645614,0.015627433111524924,-0.0032733877135847633,-0.007124786760218993,0.0018639756399749796
2021-02-19,0.011709702632333749,-0.006372335344280944,-0.0036781674916279705,-0.005084005594082175,0.04604650098224017
2021-02-22,0.02222504234638271,-0.015954957811584625,0.003643164233586349,0.008807272273859024,-0.019564274723678277
2021-02-23,0.012067090373893771,0.03703700559543499,0.0028497294649860727,-0.0036650087585201607,0.0634921348897759
2021-02-24,0.026603020740857335,0.001992717459678106,0.0033349308049044346,-0.0029055231201960963,-0.014498939937146127
2021-02-25,0.019857710107089366,0.02554685786719868,-0.0012042622122976354,0.004578323203768608,-0.07659023846891821
2021-02-26,-0.03088036980095456,-0.002386689438011569,0.0015822117375803302,-0.005588239847401866,0.3537956505658677
2021-03-01,0.016918042473661576,-0.011214115293069482,-0.0008997964463965946,-0.013252748095765043,-0.03253716325953937
2021-03-02,-0.0030812502488093605,-0.03689700178511457,-0.005827132900038223,0.01929914336880545,-0.1645796155959014
2021-03-03,0.014563304059122428,-0.01554400824487323,-0.0031815938102786046,0.0002967267971500931,0.03211991382215107
2021-03-04,0.021715960914673166,0.021850062443612206,0.0028521567302313144,0.0013647359114854485,0.10663898979853403
2021-03-05,0.016755126917534374,0.04167314158986968,-0.0028800481356082708,-0.0021358474183903464,0.0712410803560184
2021-03-08,-0.006008394732015661,0.039256859910754116,-0.006881411661313397,-0.009530765796998852,-0.1368568389631607
2021-03-09,-0.003571657916958774,-0.01614767498163594,-0.0035180865848333243,0.025534522085719935,0.03284669387487393
2021-03-10,0.008243216833514089,-0.010551014701678296,-0.006198454709617107,0.006061281941343699,-0.05653705007969756
2021-03-11,0.008544535909220552,0.005628034681656402,0.0038977317898647446,0.00894596548119031,-0.06117358213477153
2021-03-12,0.010987437121895316,0.025478581570866465,0.002366169783703187,0.006733117769259556,-0.028812040510530323
2021-03-15,-0.013541706500643383,-0.005888209807371703,0.00503413381222062,-0.0031931708374330903,-0.05568230588091916
2021-03-16,-0.014509704926688924,-0.004911932408106723,-0.0030114376748069382,-0.0009182595510489611,-0.0318994601438356
2021-03-17,0.0022985853106275433,-0.007113790408074028,-0.0020273558871979347,0.005514557412893861,-0.011982015121855594
2021-03-18,-0.004691525289884831,-0.005702579223994975,-0.002023177780549945,-0.00031679651710214696,-0.028297187841544558
2021-03-19,-0.010657844453463869,-0.06941178265739889,0.006818129005479179,0.004623701567710636,0.12220491094179375
2021-03-22,-0.005836985453749814,0.019753476992938168,-0.005387043935496716,-0.007891326068507398,-0.029193659082201173
2021-03-23,-0.02063584066389425,0.0013947616455562972,-0.002947064563058932,-0.0008287503386582573,-0.09880675545533557
2021-03-24,0.021147273575885528,-0.059269601799224136,0.00420042332273729,-0.0017789131009706693,0.07521187179100952
2021-03-25,-0.02305687214415364,0.059549312256341524,-0.007778902857818792,0.0014449961768301378,0.04433505220216083
2021-03-26,0.01999370231200422,-0.038192870040420046,-0.002291819283459895,5.223553768418654e-06,-0.06556609655538248
2021-03-29,0.005925773985646625,0.04229215334331582,-0.0030854165403151335,0.008899997305424678,-0.04795552151447913
2021-03-30,0.0024299580483357155,0.006349754747516867,0.0009666010928697233,0.004187102587517533,0.09968181865989645
2021-03-31,-0.011155484785522066,-0.012927114864415001,-0.00144197878443586,0.011159228271009125,-0.054484048854243516
2021-04-01,-0.00647895951314877,-0.009354513249620111,-0.004027045738019597,-0.0017803449445534802,-0.01070887227359063
2021-04-06,0.007120128594486168,-0.04178228583057009,-0.0010002289071011639,0.0,0.033467970355421706
2021-04-07,0.004448167097418169,0.00949316392763433,0.004313981953136592,0.006198735207563644,0.011725348610297948
2021-04-08,-0.022197909495790553,0.006694264547485007,0.004678428163524373,-0.0034378989155645634,-0.05298018473281174
2021-04-09,-0.009627297786052516,0.0006333267198224135,-4.7486026508836154e-05,0.005322537951357953,-0.012237708994171426
2021-04-12,0.004650041426095634,-0.003955696154779198,0.003538931154240421,0.00025390973113181836,-0.015339245851263672
2021-04-13,-0.0014721782083110628,0.00524222418360476,-0.0012733601511304427,-0.004257568832291447,0.01318150427290643
2021-04-14,0.02625280867907572,0.0061630751765442415,0.0011914405802817551,0.0012847593367044663,-0.015375531119335095
2021-04-15,-0.007156708873707562,0.04570447221292229,0.0033112327681075193,0.002341835771042966,0.020420430052712657
2021-04-16,-0.005115020430247382,0.005407038156368005,0.002672952619411806,0.004313051952425706,-0.024720428602236777
2021-04-19,-0.004494996912104587,-0.002539674217798993,-0.0011971556290383267,0.00990628589231246,-0.019311991594313294
2021-04-20,-0.029681737814313214,0.004193596267321187,-0.00019148372403277047,-0.0032432706643638065,0.06400005634014416
2021-04-21,0.010322924153378063,-0.007158886429327493,0.006335809454036445,-0.019764112357976926,0.08039325136184017
2021-04-22,0.0007003836480840575,-0.01877722706519991,-0.0010708288987623105,0.009123288024305065,-0.06316918018726325
2021-04-23,-0.004509060535985728,0.001224767780594771,0.0004453360191536415,0.009654471638308904,0.06914280482700885
2021-04-26,0.009251810868067848,0.010856254860968306,-0.0019103788602828908,-0.00036364474438177474,-0.07375730776554967
2021-04-27,-0.004668225206378736,-0.0069580862233517005,0.006250504777101318,0.001866273495479298,0.017888024657076285
2021-04-28,0.021592611203106477,0.011728813787808878,-0.0006766122021124588,-0.0022184886807712356,-0.004535143224154603
2021-04-29,-0.00519612854448448,0.012797327575334139,0.000714564737621437,0.0007777136715065858,-0.015945261264952326
2021-04-30,-0.012689044091548826,0.01917646766614345,0.0037730907940705105,-0.0045155644717058685,0.019097217048208215
2021-05-03,0.010588796641792983,-0.019107316295835397,-0.0007276763569032951,-0.005544274975808228,0.05678591512439679
2021-05-04,0.013033670500807096,0.004609629124070702,-0.008190845873297992,0.006418032331247048,-0.016120426360561657
2021-05-05,0.025878249698070104,0.019538184466028286,0.002786131525111424,-0.018861308961158674,0.06389951449590203
2021-05-06,-0.0007935508665335433,0.0011614668154000807,-0.0038327774773150303,0.019871073497785385,-0.016940448226939298
2021-05-07,0.003882582414063751,-0.012616049276861552,-0.0005884542128350434,-0.0008369406397930046,-0.03968669681572368
2021-05-10,0.0063356709258326855,0.002790460443901077,0.005044664866080906,0.008703733298595306,-0.09244148515566208
2021-05-11,-0.025271472696460424,0.0005858365003292842,0.008495398926473774,-0.0027018410717605246,0.1779508219483823
2021-05-12,0.025837937633523562,0.003366559689124582,-0.0024767285752498314,-0.019210368768933228,0.11088506216152072
2021-05-13,-0.01443614680856912,0.011232627407544049,0.00029387645131562223,0.00034714956856563006,0.26327838643896095
2021-05-14,0.01813950588048722,-0.03274663377178144,-0.0054340864261213095,0.0,-0.1616528077982975
2021-05-17,0.0038849730312413566,0.024757583253701698,-0.0001002745212409506,0.017735592772517572,-0.18677042159827906
2021-05-18,0.0013495315454421692,0.01091544185698412,0.006050930549080791,-0.0026384597331191584,0.048378515324243754
2021-05-19,-0.027521534180517854,-0.010797581484098484,0.000534904584481577,-0.00037435983645395243,0.08215014683780053
2021-05-20,0.001718980669163872,-0.029835474453186905,0.00552151594775574,-0.01712715928009434,0.0393627060253805
2021-05-21,0.010294764059170883,-0.023252369736049938,-0.004183833562572015,0.016046251983037108,-0.06807936014903804
2021-05-24,0.006322151924058235,0.020426997674505287,0.004315598457791392,0.006467674961673664,-0.02515725475782904
2021-05-25,-0.017092820941839875,0.030403319819981123,-0.003447842784843669,0.0,-0.08684863687990696
2021-05-26,0.006474498242816096,0.002775378965047981,0.0025772895778577443,0.0025485768449740043,0.023913072998898333
2021-05-27,-0.005762947696838734,0.0032046790358801758,0.0028209965686414318,-0.001082773497092293,-0.07855623833596592
2021-05-28,0.00045091621186773195,0.008566811592292334,-0.004612427257485008,0.0018702024740639978,-0.035714332801561
2021-05-31,-0.0041371539210470765,0.0024474254417794494,4.869039459753921e-05,0.00776144294538561,0.0011947704920629576
2021-06-01,0.029077929404445608,0.0,-0.00025595431068903274,-0.007640250287080708,0.0
2021-06-02,0.013309000205865043,0.008904247752955285,0.0035108358588156197,0.007993652462148892,0.06801905573270361
2021-06-03,0.005322949584495029,0.01565834126862775,-0.0012340095487372027,0.004113710321115072,-0.023463691913108042
2021-06-04,-0.006039545970168814,-0.0005606295218332225,-0.0006471845860595016,-0.0022648917122721768,0.03203669267484277
2021-06-07,0.0025446271047524873,0.008133527568530807,-0.006294536179352939,0.0024857308229964126,-0.089800485422317
2021-06-08,-0.00023450559912171118,-0.005564077469397022,0.002917987829321289,0.00202231628467886,0.0
2021-06-09,0.004039051873608775,0.01021126561403296,0.0020728666661506967,-0.00040026277447757774,0.039585847473210256
2021-06-10,-0.0011473553006715043,0.0,-0.0017042140583581888,0.00020515869818038546,0.048037475658119
2021-06-11,0.004836456962033535,0.004153910513605474,0.0007517140274577727,-0.00019045691663122088,-0.10005584512285925
2021-06-14,0.018093716906491048,0.00234426097916951,-0.0007754178831091973,0.007477990466042028,-0.02795035728430051
2021-06-15,0.00024142443180239873,0.002338673314564055,-0.005122571731379644,0.001446610192153308,0.047284331575444316
2021-06-16,-0.00841295983638013,0.015509157891187675,0.000993919050279235,0.0026254450177156663,0.0384381385952417
2021-06-17,-0.01019665107566429,0.00540615674317757,0.0004002410493513242,0.0019885860463833005,0.06639242834163106
2021-06-18,-0.03335161956189464,-0.017609861128403792,-0.010843962346389069,0.0015367871586831061,-0.022038546938694892
2021-06-21,0.009618273339463265,0.005883966809002716,-0.006850199257112499,-0.017981601647089285,0.166197226081096
2021-06-22,0.009110565531430748,0.0189089831214051,-0.0033365033317003245,0.007092171443289663,-0.13574885360979994
2021-06-23,0.005049923622846768,-0.0012016550794602399,0.003275888241700775,0.0026262008356159328,-0.06875347032979973
2021-06-24,0.01182108702763455,0.005079600256835626,0.0020292243125450415,-0.011445174599753472,-0.020408172611160347
2021-06-25,0.002589468772326723,0.004920802037156946,-0.000298304478092537,0.011406015555508908,-0.021446043770847023
2021-06-28,-0.028503118318519465,0.008205436297178847,-0.0002385549563488354,-0.0004293631318847968,-0.021916116193956947
2021-06-29,0.001200803382914395,-0.01969020732463933,0.0009912185233162951,-0.007462455765488096,0.008962890163154658
2021-06-30,-0.005696215961248048,0.0010712617933552604,-0.0011094247801214374,0.004303237453596509,0.01649747621230091
2021-07-01,0.020863780759197887,0.004949105224920647,-0.002261387132008741,-0.010519686930141825,-0.011860207779553322
2021-07-02,-0.006592358218058814,0.009450274330209174,-0.00379414749168705,0.0035897555728461317,-0.02210994208190664
2021-07-05,0.005151084218116941,0.00435129017655056,-0.0008884818090965085,0.001328833618550851,-0.026485779039815083
2021-07-06,-0.02338536482721056,0.0,0.0008417743052644422,0.0007492228919572241,0.0
2021-07-07,-0.011789081651709998,-0.02153077890340649,0.0006406783710120045,-0.00848961418164329,0.09090914843906228
2021-07-08,-0.010019049632605156,-0.01475913715467081,-0.0033109661497897624,0.0063810050955026565,-0.014598525749495717
2021-07-09,0.009740191380969784,0.009396737553296841,-0.0026321867575267444,-0.021299369273609647,0.17283945093793274
2021-07-12,-0.0030170474638535802,0.019293041718643655,0.0046301331645948185,0.019147466834382953,-0.14842103656969574
2021-07-13,-0.00869272686418134,-0.005162135988019179,0.0021062849877842016,0.006216626076485987,-0.000618061105884915
2021-07-14,0.0006022476372258464,0.017695504747968105,-0.0006526261676987888,0.0002883132802322663,0.058750819941689736
2021-07-15,-0.022091868859201853,-0.022617280374621296,-0.007571489140241527,0.0012064645128069262,-0.04614491102809537
2021-07-16,-0.010153479229704998,-0.01725522844657834,0.0049226055054825135,-0.010515942778844933,0.041641170137951544
2021-07-19,-0.040529399453212066,0.0016332532352494322,-0.001818965027435615,-0.005083306485060168,0.08465611491366087
2021-07-20,0.009056440548802799,-0.06753626632197018,0.00018549789937249983,-0.026572373974578123,0.21951214469301195
2021-07-21,0.028829003471193288,0.010638235183915379,-0.0017066072430054202,0.007078998604149067,-0.12311113145616315
2021-07-22,-0.010476948379475604,0.04152855005306466,-0.000824893946899663,0.017779018534147983,-0.09224529838067741
2021-07-23,-0.0005655006133800655,0.021597639292425752,0.0007310905803727952,0.008038909905191183,-0.012283602190330645
2021-07-26,0.026066774651579767,0.0042010781236963,-0.0016952306802585637,0.012330483296842942,-0.027699251346815612
2021-07-27,-0.0032839123525725267,0.005398131364585668,5.8932597006622345e-05,-0.0015843502838890355,0.02209297348319761
2021-07-28,0.003315540661926908,-0.0002684113163275992,0.0029164853819827474,-0.009203885122107458,0.10125146156828113
2021-07-29,0.014485950725804534,0.0034907961213421768,0.0013005454274701567,0.00939761473347267,-0.05423559459227267
2021-07-30,-0.016076343869317517,0.017527498333302916,0.001930942027677629,0.003348802005949114,-0.0333150584814359
2021-08-02,0.00529231834783761,0.003681772098106384,0.003971074884161485,-0.0066726998527483206,0.03050841722613762
2021-08-03,0.024656755405228454,-0.04506750109898061,-0.002182413613337375,0.006680866660103479,0.0668859281065497
2021-08-04,-0.0056135801154881815,-0.006585206908469643,0.000641198473579907,0.00032309955427911596,-0.07297010461209863
2021-08-05,0.006776740829731083,-0.02803488891071093,-0.0004391046481545535,0.006544447055704339,-0.003880354690702914
2021-08-06,0.007591519701976283,0.012929862142970983,-0.0026989581497277593,0.0039036348675394184,-0.03839725392733928
2021-08-09,-0.003888314292498085,-0.008276111091431448,-0.00014199493007605035,0.0032347276872319863,-0.06539357773223542
2021-08-10,0.00508497946261699,-0.02347943570535216,-0.007284770079574732,0.0006251858304935354,0.035294099584386895
2021-08-11,0.011338696215441554,0.023030074113643773,-0.0009390033374948592,0.0025543545538102563,0.004186698866484928
2021-08-12,0.0002276960877718263,0.011468288538678761,-0.0012895376634771694,0.004420021558521281,-0.03692679007897037
2021-08-13,-0.0028529909959609987,-0.0018197771328343215,0.0015839553267043005,0.004754738603137687,-0.0358688881242718
2021-08-16,-0.016734945979305527,-0.010096778086572167,-0.00048011034517492224,0.0007974098390808315,-0.0089801373927193
2021-08-17,0.009587110822482259,-0.015299536162186267,0.004977404980553768,-0.0064449612614295715,0.04336576299285588
2021-08-18,-0.0004377841267306226,-0.006905529307751235,-0.0012487248704858844,-0.0014372695735608287,0.1110421163144204
2021-08-19,-0.037527343563063253,-0.011589098022745659,-0.0059601863558819135,-0.0016633258581603139,0.20435510209906327
2021-08-20,0.001813240596040248,-0.026088323627651122,-0.0005500445339591264,-0.01544604316211362,0.004636086364605774
2021-08-23,0.024084807602670955,-0.019112064731253597,-0.002281654337924044,0.005525246448436327,-0.1435164097555205
2021-08-24,0.006699068177405805,0.05477139733214664,0.0017944800214149126,0.006972856389391158,-0.07596982155088206
2021-08-25,3.5764910110351135e-05,0.03345458984374994,0.004016666301490446,0.0003975070230137767,0.004081614949343004
2021-08-26,-0.0007372813226745878,0.016889470748763014,0.0007286823861358815,0.000727616274857068,-0.024970871949668183
2021-08-27,0.015743401218492048,-0.016332184154682072,0.001813127383051505,-0.002690666540230202,0.12209643390577263
2021-08-30,-0.001166660126887653,0.022935095826891905,-0.001528285068751023,0.005062475014326884,-0.13004250228750225
2021-08-31,-0.013314682385049459,0.009766255071133934,0.003623508401804143,0.0018658700960616503,-0.012202493168921968
2021-09-01,-0.004389097762690493,-0.00572137007747664,-0.00017812175809306385,-0.0005691265477416607,0.01791222968576589
2021-09-02,0.020414701093494043,-0.01918073115294383,0.0011337958991552988,0.007353872031619302,-0.022451392121492608
2021-09-03,-0.008348015096566982,0.020114576268585482,0.00259316954035671,0.0011425998582261787,0.018621925865588196
2021-09-06,0.009653974007405345,-0.005751036231214868,0.003004669747078248,-0.0071170616224744965,0.0
2021-09-07,0.0005114043728018195,0.0,0.0007963691029264641,0.010506928293081641,0.0
2021-09-08,-0.005579859736074537,-0.012670405745929036,-0.0009143836244995818,-0.0049739687127777765,0.1054234953274027
2021-09-09,-0.011293894084672426,0.012693485865879373,-0.00265300504922239,-0.011327752108561184,-0.009922839648963677
2021-09-10,0.002396227625573233,-0.01584024173621479,-0.002065906493599612,-9.585258713751266e-06,0.04677061221646239
2021-09-13,0.02591134667993226,0.020573845815108793,0.0005771297849097579,-0.001618287726741774,0.11436178793244811
2021-09-14,0.0015469788396251238,0.00809111330362633,-0.001181213920582902,0.004599059323767252,-0.07541765470963968
2021-09-15,0.022049343372552932,0.0012242733679130868,0.0,0.0005108298134870459,0.004646269558077121
2021-09-16,-0.005218943147683082,0.025271747947190004,-0.0005902961926450567,-0.010909728418762143,-0.06577589103373593
2021-09-17,-0.006705310260205359,0.002782919255506222,0.0012718707234040671,0.00577195427802879,0.0280528173993837
2021-09-20,-0.008872797878387536,-0.004361065667239816,-0.004443422009814957,-0.009360069340439092,0.11342958112931156
2021-09-21,0.020980379033303482,-0.0188478661795628,-0.00319046996268868,-0.02111192015092267,0.2354637070774368
2021-09-22,0.02556151289720184,0.005952414127508687,2.3374508716145215e-05,0.013324632662726321,-0.05250869397877245
2021-09-23,0.006013323392512981,0.02461002980142446,-0.0006213408951150079,0.012856632148432467,-0.14326763890289562
2021-09-24,0.0031875075427189037,0.013912554464202032,-0.0030036928399174156,0.010777815256714174,-0.10733117337761822
2021-09-27,0.030335884853507727,0.010873739001820315,0.0044965722892382765,-0.008679583145350223,-0.04723559851896364
2021-09-28,0.01710338492981726,0.01844029336581654,-0.0014654093037853588,0.0016761328544583343,0.056901421345455505
2021-09-29,0.004208092810703039,-0.005532534240661802,-0.002239981224344767,-0.02560567152152593,0.23933900406917985
2021-09-30,0.009773732988149467,-0.00568968224906341,-0.0008940088868886198,0.00527244420381523,-0.029677442325058756
2021-10-01,-0.00016416929377782719,-0.0015259759348094093,-0.007250889529971327,-0.007876999967868503,0.02570921708494045
2021-10-04,0.018405883713722055,0.009679090279196778,-0.002338131769523355,-0.003157059408467666,-0.0881589914428128
2021-10-05,0.014651697426627567,0.024974815683910467,0.0028322114278427346,-0.009637483272165626,0.08815159570501252
2021-10-06,-0.02363960475578042,0.015997974257788927,0.0009642726160647985,0.017270505541014503,-0.07229964780507026
2021-10-07,-0.0006993158969812452,-0.017926305369482254,-0.0019249431217834845,-0.012982643947715311,-0.014084471727988102
2021-10-08,0.022295866572768868,0.010730082604096358,-0.003512824105595058,0.02135495084088923,-0.06952376592726939
2021-10-11,0.0114269750749366,0.005369157508134492,0.0003814994434316876,-0.006112183382181224,-0.039406367537669684
2021-10-12,-0.0023522447366162713,0.015293144138422976,0.0005435686067938317,-0.000189041174054827,0.06553007523916032
2021-10-13,-0.009489589443597124,-0.0027495917840770767,-0.0010629439476148583,-0.0042798885105618245,-0.007499980926513716
2021-10-14,0.012957829458044764,-0.0028769823667879058,-0.0017069772903097746,0.006951742327607313,-0.060957227635665134
2021-10-15,0.010635737107776619,0.009858135270687018,0.005683771346053135,0.01610960522543503,-0.09549349987025113
2021-10-18,0.002307031797254481,0.010238102504185331,-0.0006954468119872992,0.008158497871376458,-0.033214789621489715
2021-10-19,-0.0002758966339877304,-0.006245566527043223,0.00047543786974224567,-0.00753309364275212,0.0006135110030618396
2021-10-20,0.008749057989775322,0.00889363196626669,0.0014517452243154594,0.0037168608527784475,-0.037400348047283094
2021-10-21,-0.015781363655571996,0.008697670990169382,0.0015586486059819826,0.001281512240691729,-0.013375798770586256
2021-10-22,-0.005494817735959094,-0.014099266939820665,0.0019814300628668846,-0.003940381555423755,-0.03098770492762115
2021-10-25,0.014772149660941166,0.01087339749803462,-0.002545992695255239,0.007960112490578375,0.02798135042568428
2021-10-26,-0.004124642761461406,0.0053782192334603796,0.0012687600472558458,-0.0001193656415559019,-0.012313709027853004
2021-10-27,-0.007793345260047398,0.004768038984707568,-0.0024384463829575376,0.008514211161809948,0.04855641615694517
2021-10-28,-0.023805049396066053,-0.021064810910669807,-0.0011598870049537302,-0.000731617855729727,0.0625782245710913
2021-10-29,-0.0032745434722559383,-0.0030740379593490186,0.00016239596123290845,0.003077612899598625,-0.026501700101433157
2021-11-01,0.013744665286154478,0.0007115460010780339,0.0071971863610365006,0.0039420060002541835,-0.01633396530841069
2021-11-02,-0.012788321802546668,0.003910901182700766,-0.010863366820322296,0.007036756530360622,0.009225068660444258
2021-11-03,-0.015522323122196738,0.00011807503646044104,0.0037119176436002377,0.003679502299860138,-0.023156560895795986
2021-11-04,0.011148982023889439,-0.03222383519355354,-0.0017369213195504996,0.003116611292698135,-0.05801623614093532
2021-11-05,0.011263284093097514,-0.017685046786455993,0.0031362426898386975,0.005506294356464769,0.022516502670477445
2021-11-08,0.004684321392822377,0.02731558136620338,-0.0051999189655006495,0.0068538809286644575,0.06735751231330078
2021-11-09,-0.006458048037553084,0.008339406081957268,0.0011684323137661767,-0.0024089290522550932,0.044902899980162614
2021-11-10,0.006882094780740348,0.016181211424942887,0.001959059651367445,-0.0018150139651408326,0.03252040624976815
2021-11-11,-0.0024655132167753315,-0.02524179547606953,0.0003478111346459922,0.0009643954765456986,0.05343075471894454
2021-11-12,-0.013444052991105607,0.002783196498455043,-0.009452917379883963,0.0021109579500455666,-0.057127587879079234
2021-11-15,0.009488729390207876,-0.008447020084907497,-0.0030573628652154072,0.0028292974128041326,-0.07757638412921752
2021-11-16,0.013951528516096526,-0.0014603276117979291,-0.0008008833973945917,0.0036289852248538867,0.012277399898743102
2021-11-17,-0.004998145081242207,0.004631288717664717,-0.006569840434676122,0.0034882878245452442,-0.007277072986680122
2021-11-18,-0.019478158503882532,-0.026082755282288983,-0.003985047341380721,-0.00015453306608248507,0.04520462633970257
2021-11-19,-0.02729575828351462,0.0119581352649476,0.0,-0.003887889514303966,0.028053741970408108
2021-11-22,0.013792804017956647,-0.028926619102843665,0.0041721000208909675,-0.006211642962688724,0.01819213712611245
2021-11-23,0.012009624837257501,0.010267430154144996,-0.008152241730157717,-0.004081348559877074,0.07035177217290145
2021-11-24,0.0063539217454317565,0.032747813178042096,-0.0029791387340473152,-0.012646701637710422,0.010954568786483598
2021-11-25,-0.0037807173528743667,-0.0007289218852307711,0.00024738629959197844,-0.0017670734366449503,-0.04127963218285824
2021-11-26,-0.06219759698989432,0.0,-0.003730654999168914,0.003973162087109072,0.0
2021-11-29,0.02506234606718701,-0.11586624655680089,0.0005940791916181354,-0.047437400455567214,0.540366036423789
2021-11-30,-0.008520168084654722,0.009901006719154726,0.007453537686689327,0.004873284571832448,-0.19776385705068866
2021-12-01,0.021165844710520076,-0.039079556797017356,2.2589547499674012e-05,-0.011302980082877556,0.1842335199588756
2021-12-02,0.006795301318398006,-0.02408951332852094,0.003263165872567031,0.028572022582944445,0.14453844163236207
2021-12-03,0.006087472413945176,0.011616021351225969,-0.0009509143844581569,-0.017020179815184222,-0.10186375291794603
2021-12-06,0.017821017271531885,0.0030141967847252538,-0.001175820372980918,-0.006784318736275274,0.09731660962818656
2021-12-07,0.018407064973193405,0.04579285494291008,-0.00012441570746202224,0.013960261828807052,-0.11379197138690988
2021-12-08,-0.0055091306122232635,0.032293384663664604,-0.0016026315298297567,0.03362016882020469,-0.1946284347362568
2021-12-09,-0.012269647855963442,0.005037079018032964,-0.0009020955422791577,-0.010081462418377152,-0.0909090829878787
2021-12-10,-0.00486797599947945,-0.018464805216485303,0.006126595156951575,-0.005856251574509197,0.08442212750654599
2021-12-13,-0.016504855098201914,0.009809236426966406,-0.004607681451426537,-0.0021718149518054064,-0.13392026876115581
2021-12-14,0.006690327413106749,-0.010113135339974044,0.0016402570745917,-0.0038388907752201495,0.08667730795045947
2021-12-15,-0.014625019809213343,-0.009275473142459356,-0.0023361654386201414,-0.009211069719078147,0.07779418834331042
2021-12-16,0.025332856809490528,0.002442338027533353,-0.0021395631044885954,0.003660362989629018,-0.11877563027025972
2021-12-17,-0.015275403362577933,0.015430420032882308,0.0026193465162343,0.01014259260889605,0.0663555582450257
2021-12-20,-0.013505686461770508,-0.01999466898321478,0.003842314341898634,-0.009643329851035887,0.04861448783840361
2021-12-21,0.03201760481449678,-0.027203483287816743,-0.007994095774538912,-0.013029476869607204,0.06026894588789067
2021-12-22,0.002218496773183809,0.03439606864279221,0.0030223412149650297,0.016522572574702687,-0.08132927599900819
2021-12-23,0.007822741085566687,0.017707454706015202,0.0008917295886046173,0.010076628173250723,-0.11327944037066295
2021-12-24,-0.001506007505902296,0.02071985043995439,0.003659212882693552,0.011571996606511092,-0.035963505446898525
2021-12-27,0.0010973345686100162,0.0,-0.00013595204470506772,0.0,0.0
2021-12-28,0.004792615322437614,0.02277163350353617,-0.0002717305796564595,0.005185382993450061,-0.015590133272275541
2021-12-29,-0.009208913818144185,0.004325750303889597,0.0005098175404814054,0.005585426103104529,-0.007918517377369816
2021-12-30,-0.005552764544037063,0.003673687693924288,-0.0013464403555435434,-0.006284911061051668,-0.03363740717171748
2021-12-31,-0.0019652454891839755,0.0011358870892026474,0.004010104595437491,0.004956963451639318,0.02241882853465449
2022-01-03,0.009533463433278655,-0.019415039352651875,-0.0030917400915150273,0.0,-0.006347409742402221
2022-01-04,0.030041307364525927,0.015428189720621655,0.0042764713968936885,0.005979930900138486,-0.03600458516882421
2022-01-05,0.015753714288664122,0.012914618887223117,-0.0062614580888774585,0.008264492620075004,0.018674666193889244
2022-01-06,-0.00141050851141535,0.0100000381469727,-0.0016473983257058178,0.005616281750264962,0.16676521113368237
2022-01-07,0.0069983724434989165,0.01472765800824849,0.002647328567832119,-0.015331863722152561,-0.0060820544687738565
2022-01-10,-0.0017278555016375097,-0.002927160263722639,-0.0014686344133981732,-0.004388627526204392,-0.04334525012819401
2022-01-11,0.009744534560896597,-0.010764492396550085,0.005052597944538828,-0.015400063957615617,0.03411510564179698
2022-01-12,0.024175330567393478,0.03524172594691244,-0.002073518183627887,0.009911503976314684,-0.05103091704045948
2022-01-13,0.00014517546444259288,0.011347311686460637,0.0031826550455393843,0.008139617366250462,-0.04291140764402346
2022-01-14,0.0173755273927844,-0.0023620757360018896,0.0066132886860921225,-0.00011357508461284915,0.15266733817170586
2022-01-17,0.000844704118293127,0.018823207232308237,0.0013518511765533425,-0.010127658640498916,-0.05514519750543956
2022-01-18,0.010153889333906338,0.0,-0.004050806764177239,0.007010501808971892,0.0
2022-01-19,-0.0007400566760005223,0.01684876387138501,-1.1387388185513103e-05,-0.010301922087968762,0.18759772179685963
2022-01-20,-0.011476443743165532,0.010627360101397532,-0.0070923341737112455,0.0024566471502629472,0.04651160260463971
2022-01-21,-0.017179644217459045,-0.0006784846939373868,0.0012138050969503489,0.00734021191252654,0.07295596407914773
2022-01-24,-0.028384848757946796,-0.0055442167797824515,-0.002613516237083058,-0.01629213042925748,0.12739352127562054
2022-01-25,0.029242335821466552,-0.01843216245115631,0.0024497759060904123,-0.041422736347223266,0.03639512038741466
2022-01-26,0.03805152983274648,0.02237162837922635,-0.0015288134830733213,0.005894864222839802,0.04214047641997154
2022-01-27,0.005897958108175764,0.01995467343681745,-0.0017295885653036969,0.02117081492692452,0.025673916591080648
2022-01-28,-0.013419355673594239,-0.006891982579944722,-0.005396850069371961,0.004891254072381113,-0.04599497357522364
2022-01-31,-0.009488755317430783,0.007723331874747386,-0.00858323276003281,-0.011483966701431925,-0.09281731534766324
2022-02-01,0.017855771875702125,0.013106745764470018,0.0004795308554150779,0.009110650215429228,-0.10231380836290327
2022-02-02,-0.007492623356918767,-0.022475555782702217,0.006928700232702534,0.011941286947278362,-0.11558601885025821
2022-02-03,0.002432062876664124,0.003476867943708939,0.0039458137962296025,-0.00056821373528404,0.0059199031664420865
2022-02-04,0.0280439616447589,0.018330159464320595,0.002305314001488812,-0.019192048626780145,0.10230874663969036
2022-02-07,0.0025746395106995834,0.0237075624875962,0.01201888537307716,-0.013146505244959528,-0.04640661397998014
2022-02-08,-0.016567451963591977,-0.006218443470945245,0.0016954011306149486,0.00831501642428134,-0.015503820570566651
2022-02-09,0.018782620591841548,-0.020606361115555916,-0.0010641802908315512,0.0021089223995476303,-0.062117237024522876
2022-02-10,0.004953133937120657,0.00848209168115277,-0.001895917178453499,0.018124318883574464,-0.06902991663801339
2022-02-11,0.015312568848758534,-0.0015292122881666037,2.2753724643775897e-05,-0.0016698072096832384,0.19789583888369267
2022-02-14,-0.019032060461381433,0.03314734337498826,-0.0005249937193843035,-0.00996882241714625,0.14429112442310887
2022-02-15,-0.016860785128288796,0.02160102565428268,-0.004421035549465824,-0.02184717325480845,0.03545319048668061
2022-02-16,0.019890386221573464,-0.033167542146512075,-0.005166933596931544,0.019500796102255524,-0.09283442173841527
2022-02-17,-0.009025536638743262,0.016402216973832706,0.00446309909039444,-0.0015661680365972597,-0.05486380566359328
2022-02-18,-0.0032939452534282063,-0.019407197397652953,0.0016266791759769195,-0.005808313841086599,0.15726634626770597
2022-02-21,-0.0035025119136483465,0.0061310066402073815,-0.0007728770560625486,-0.009459789765038695,-0.012806851744392778
2022-02-22,-0.002686099599589579,0.0,-0.004334500659839646,-0.021738826914815657,0.0
2022-02-23,-0.002187558979363106,0.035278975732995654,-0.0006672941795093923,-6.021266894151722e-05,0.03819817895287869
2022-02-24,-0.00759316263312676,0.0,0.0017219991211343544,-0.003026006639719414,0.07670951172469942
2022-02-25,0.012374789230007732,0.0231309952279255,-0.0020689076079442037,-0.03627108107010424,-0.02256611065794678
2022-02-28,-0.014260438751102203,-0.011606797584035378,-0.010172287699242832,0.03692587944536263,-0.09003956364492816
2022-03-01,0.011808379330292273,0.03124678391767577,-0.0008610449440320522,-0.011700727486429141,0.09278722188416721
2022-03-02,0.040815672922460654,0.03940987663255946,0.0031181271875186933,-0.04035948035685244,0.10514096571814391
2022-03-03,-0.039219853062153566,0.07583118026012481,-0.007414391565838674,0.014535891980523408,-0.07743097080840666
2022-03-04,-0.03610554312433336,-0.02187196682925996,-0.0018336334242975427,-0.020627718959837837,-0.008458042642086161
2022-03-07,0.03907842304407616,0.0692558536056902,-0.00409463455796899,-0.04964749880450836,0.04921259916429599
2022-03-08,0.02886702030296595,0.04318007321789907,-0.017377526810348876,-0.012314374521512184,0.1397748994586303
2022-03-09,-0.02036796838717701,0.038714425029665156,-0.0008476009724390776,-0.0019730915769600177,-0.036213982639098585
2022-03-10,-0.01821497402832904,-0.13158308740091784,0.003029792687134769,0.07438185644075346,-0.07628807923971881
2022-03-11,-0.007950459590175466,-0.01628574382340997,0.01611238118156666,-0.03043800254874718,-0.0684129789987108
2022-03-14,-0.007226147963205698,0.030549677873890957,-0.005407776023448663,0.00969223713706513,0.01720147091094537
2022-03-15,0.0011791762782002446,-0.05121147365614109,-0.00743389608975531,0.014733742704398534,0.03317074659394059
2022-03-16,-0.007877180188325969,-0.06538819236665172,0.0010177217492250978,-0.0007992275417191275,-0.06106391268822087
2022-03-17,0.024935991482796866,-0.018917094883059704,0.002391442268559585,0.04054985798396338,-0.10593361902427767
2022-03-18,-0.014502456024658364,0.08794126751474218,0.004794404206408531,-0.001123450226805267,-0.03749531297860276
2022-03-21,0.034080617895884936,0.012096782847999199,0.007037183889137211,0.004406296713182822,-0.07012073360774285
2022-03-22,0.0007672490490819676,0.07124990660300656,-0.005079824821331402,-0.005288971230313799,-0.014243826587096553
2022-03-23,0.025384904767955963,-0.0012108578647528345,-0.002346698435271688,0.011417401154589335,-0.025074378893781613
2022-03-24,0.0008007267017016521,0.0529961459930981,0.0011360200928076658,-0.014492716673461303,0.02746290959458708
2022-03-25,0.013653246263446847,-0.021134866176590994,-0.0021242026269255865,-0.001506783839932635,-0.08061093097712246
2022-03-28,-0.01910306189117435,0.013610037496394556,0.00029731091215534633,0.0011233885295818258,-0.03968623014876527
2022-03-29,-0.02303318350543926,-0.06771651940006718,-0.002514860044454559,0.005008135853669993,-0.056703524048953846
2022-03-30,0.03529698159910063,-0.020003555590766275,0.0010883301611175344,0.02960557513138462,-0.03718795585561396
2022-03-31,-0.006910343341493079,0.02921158934271273,0.008884330857017897,-0.010754148938240338,0.02275133935739304
2022-04-01,0.0061614155974495195,-0.048832026753251045,0.006339906610299595,-0.014301053911486061,0.06363163720077791
2022-04-04,-0.0016684721658199453,-0.032619814224850385,-0.008016361027705643,0.004140891533803259,-0.04523347905316466
2022-04-05,0.005683152862236769,0.03007950386059499,-0.0022647094954257874,0.008278345287897393,-0.05399895625369899
2022-04-06,0.001070533019167356,-0.0082767543918153,-0.00646478327922817,-0.008420401947924705,0.13247178418139316
2022-04-07,-0.013582084240800929,-0.05223180538919714,-0.006325795120395661,-0.023778387107186827,0.05087967950013872
2022-04-08,0.03551055572735665,-0.004848103940329085,-0.0007518871777932867,-0.00592987457495342,-0.02488692918169999
2022-04-11,-0.005938458584279087,0.02187310507249296,-0.0030639568589273525,0.014823766186073062,-0.018097420113952323
2022-04-12,0.013788741447515426,-0.041836889214182715,0.0018505415077689769,-0.004859564901893765,0.15170137121782057
2022-04-13,0.0166402942789949,0.06255072931291839,-0.000641882475600819,-0.0021226439688374343,-0.0045137712992801005
2022-04-14,0.003797634885077413,0.03956421458138881,-0.00476345777917464,-0.0009161000327456703,-0.10057710268084685
2022-04-19,0.0022336068168673693,0.01307078562001851,-0.000529893075068677,0.0,-0.023348047085126056
2022-04-20,-0.0031829323831114587,-0.05222696598487553,-0.0030944085600286275,-0.004656121629568966,-0.03608476474097866
2022-04-21,-0.0009126663253616699,-0.004195775741185903,0.0011765266514078832,0.01724202212087045,-0.04913435204370564
2022-04-22,-0.025790387818177773,0.014325830857470967,0.005132047716967181,0.008011673710981881,0.1161417640647251
2022-04-25,-0.048034429347528385,-0.015508172037103973,-0.00135438752007766,-0.022408183968747775,0.2438271033900683
2022-04-26,0.012346561266302125,-0.040600110352591035,-0.002227037703191659,-0.02146346537258914,-0.042183575516809735
2022-04-27,0.012663904932601444,0.026094587342736064,-0.00895714415828408,-0.009641812869771615,0.2405625421864992
2022-04-28,0.022458048475318404,0.003143173995325599,-0.006588426666132574,0.0035685299925058978,-0.05727923777069188
2022-04-29,0.013537640914136765,0.02155332937375576,-0.008317396565946322,0.011347848299202212,-0.050949385788478296
2022-05-02,-0.007016960176740898,0.01626545273320823,-0.004821411811928078,0.006841395533252248,0.11370462756871169
2022-05-03,0.027669115569163627,-0.016096529776689183,0.0030238676157681166,-0.018517685117627414,-0.031736566612720285
2022-05-04,0.009384292790190188,-0.024261020319095605,-0.002553798236022531,0.007702736132752852,-0.09554731410044925
2022-05-05,0.008666305759549112,0.049252149269534806,0.0018530708557986664,-0.009624600654531301,-0.13094016833183098
2022-05-06,0.01454710643959023,0.006900328131851152,0.008922921299691522,-0.007613472115690301,0.2273800420652159
2022-05-09,-0.05027386607675941,0.013435508054721046,-0.007788880434709378,-0.018249043879441484,-0.032371801416157364
2022-05-10,0.0035080285813283893,-0.057389420618114695,-0.0007161781962646829,-0.028190968363439706,0.15104337148978209
2022-05-11,0.03455135367736654,-0.032848813259734766,0.0031908163887828245,0.007922044128558792,-0.0506474337131857
2022-05-12,-0.018927069802293695,0.04928755706501975,-0.003107217974838483,0.02618151993951301,-0.01303426139127628
2022-05-13,0.024383275061054015,-0.000558135864533349,-0.0019448387415861301,-0.009441176478461988,-0.02426292635771765
2022-05-16,0.006300262337395594,0.03815734034399809,-0.012642271766999169,0.024904313059009864,-0.09128106946002879
2022-05-17,0.010611011949906176,0.024114699582424848,0.0020281326891944396,-0.004881929234538784,-0.04849329702742333
2022-05-18,0.007005511981379405,-0.0202205672425555,0.0036849476364928524,0.015241448695485271,-0.04987255064177387
2022-05-19,-0.01702224038624624,-0.025194315082064933,0.010431853616484466,-0.013569392945291137,0.18620684413680677
2022-05-20,0.0061669088951675595,0.02685363659413098,-0.007121462112616772,-0.015555122349794503,-0.05200254362444057
2022-05-23,0.01999523911838293,0.0045519647631473426,0.010145163935909807,0.006522928184962806,0.002725721385562929
2022-05-24,-0.006506687418341113,0.007729854230100974,-0.000866660100889094,0.01404414589702574,-0.03228001199756625
2022-05-25,0.024222777000079503,0.0012343448413736358,0.010617928594331527,-0.016403300555348332,0.03405903217324835
2022-05-26,0.009049860470748572,0.0041387920993976035,0.005099795195760315,0.008098575098963279,-0.03667232243556173
2022-05-27,-0.004510704906664757,0.02955365064157034,-0.004648668454274474,0.0,-0.030666225361201227
2022-05-30,-0.0004204337993936602,0.017291301132133174,0.004336175406728371,0.035832587165524066,-0.06472729769620034
2022-05-31,0.007580444554382522,0.0,-0.00013950201778112348,0.008601001045375645,0.0
2022-06-01,-0.014255762029340572,0.02855225675292128,0.003921486730240842,-0.013642722250311934,0.018273764900883505
2022-06-02,-0.002141990731656792,-0.05332135800742366,-0.0036603042876901526,-0.007830107642718076,-0.019091255815355868
2022-06-03,0.00761784764470641,0.011350930298668294,-0.0074472314707665355,0.009466542018495172,-0.03775792917626375
2022-06-06,0.013827840335034666,0.017940656401678856,0.0090954131655403,-0.003022286735184121,0.0028317801018318267
2022-06-07,0.01394488776958173,-0.0017540852182712507,-0.0023275099568660362,0.0,0.011294827307630095
2022-06-08,0.0072919625081161454,0.008869530078206012,-0.0032288394982695756,0.006099934629730797,-0.041882698438058696
2022-06-09,-0.01481133380016216,0.024964768548138894,0.00067401764019559,-0.004678559250024694,-0.0024979755265417403
2022-06-10,-0.025795818316062258,-0.004126898597458295,0.001779121710889564,-0.01701799231764356,0.08889821158196898
2022-06-13,-0.025739633370686466,-0.008612964664192924,-0.009185684635764857,-0.033629126889083594,0.06362590408982616
2022-06-14,0.020862679352644926,0.002130927811521799,-0.012168340155825574,-0.026867068371789204,0.2259459624419342
2022-06-15,-0.009338778986357007,-0.00899647096034717,-0.007134383580962855,-0.007800162272483924,-0.03909470350260291
2022-06-16,-0.039832574249541564,-0.021952596128672508,0.002443097685335127,0.016442353444350744,-0.09391244773461938
2022-06-17,-0.04219941091501458,0.010969499611255706,0.0014952837362545157,-0.02955852081051491,0.11242403205118334
2022-06-20,0.01793265016783378,-0.05583836865316638,0.008669524471857093,0.0030776913917300863,-0.05523525220126546
2022-06-21,0.009390554660104819,0.0,-0.005256267333593856,0.009123304486275519,0.0
2022-06-22,-0.036729574461396776,0.013525448569202014,0.0027985968155990193,0.006965736457060334,-0.030195909156774836
2022-06-23,-0.015475189650795104,-0.025381627766071335,0.0011269656037542486,-0.008403007275865737,-0.041073194739407515
2022-06-24,0.018125064796064,-0.015124349779137458,0.0029896728110676563,-0.00818262630305544,0.003454178635086791
2022-06-27,0.007998558812865894,0.027896407175748594,-0.00416595669291786,0.028193162309119613,-0.06265059354983915
2022-06-28,0.02190784688739496,0.01741507729381775,0.004374321239690504,0.0016161014227331627,-0.01028273169313021
2022-06-29,0.005613960749640157,0.02511084465202562,0.0013967370732717033,0.002941652894340896,0.05231910231895376
2022-06-30,-0.019814037939012225,-0.014578752091568226,-0.005419735136569348,-0.00985266639757676,-0.007052212927895818
2022-07-01,-0.01771325500716799,-0.012472084560411711,-0.007312588994527469,-0.016919335683974412,0.019531223012811516
2022-07-04,0.03927399304266277,-0.027697938966968927,0.0029757272313561955,-0.0018958940809365998,-0.07001039309054802
2022-07-05,-0.06130719251371114,0.0,-0.004173591269306276,0.0011918485320099315,0.0
2022-07-06,-0.01868241607333143,-0.07936935257857203,-7.300662772213862e-05,-0.026818824431911747,0.031460678973232126
2022-07-07,0.039302109692709974,-0.020239313706355788,-0.01682257214386984,0.018456293420716863,-0.029411813593453018
2022-07-08,-0.00276765011643428,0.03932862239006374,-0.0069472013164806334,0.01948072101477627,-0.024317232684692103
2022-07-11,-0.002029659547420496,0.022646871310378458,-0.0016271539983530037,0.005174157611616659,-0.05521474456557396
2022-07-12,-0.020733631117390072,0.0007475409602328842,-0.00036595613894940815,-0.009941425884830934,0.062094185249382816
2022-07-13,0.002596744314223557,-0.07105509541338029,-0.011665164743481893,0.004424389182535515,0.04279712785511025
2022-07-14,-0.03999788919926145,0.0008041193363399479,-0.001434779126710306,-0.009486550999208365,-0.01722246994999932
2022-07-15,0.02071820805413264,-0.004720309552512347,-4.0159774116754754e-05,-0.01660693745683417,-0.01565995828012623
2022-07-18,0.024987240577064807,0.020787136424893493,-0.0007017548862624512,0.02372655123821965,-0.08219697377460611
2022-07-19,0.006737284277123483,0.0505139659546201,0.007047208975643482,0.009967835251555979,0.04416012030702099
2022-07-20,0.00462774421029281,0.010162810437287728,0.004839300418470804,0.02152131112074951,-0.031620524157513485
2022-07-21,-0.022299052935819925,-0.004005592093971444,0.008491970757633638,-0.0006132370737369497,-0.02530615670340397
2022-07-22,0.011141119413989506,-0.02861950627569798,-0.00474514783408686,0.0031434491308663937,-0.03224449654420847
2022-07-25,0.010070483086786245,-0.006354743483831582,0.0037613253014305847,-5.566377181076554e-06,-0.003461701496893066
2022-07-26,0.010592603642540757,0.01889539375291549,-0.002039989199988601,0.002132613157780572,0.014329132169649261
2022-07-27,0.010031207420613383,-0.0071326675141836215,0.0024232829634851516,-0.0079907122297036,0.056934926753241966
2022-07-28,-0.015595549231990488,0.021264379197856842,-0.009329266323505392,0.00906759624232012,-0.058728259683077266
2022-07-29,0.032894802242930586,0.0048771021353501975,0.007871334021945176,0.012312258927730912,-0.0391566203259186
2022-08-01,-0.017933785848263755,0.026787406784877454,-0.0016614562011467715,0.015305883366664608,-0.04478280355650055
2022-08-02,0.004551049955223281,-0.09071905429630744,0.0015618813922195773,0.0,0.07079232228236565
2022-08-03,0.004113895489116559,0.005098491876978972,0.005202551026187496,-0.006329444789957117,0.04772329883125637
2022-08-04,-0.010965409395967149,-0.03739807143417062,-0.010297809557554993,0.01300270523058078,-0.08274130869142016
2022-08-05,0.005820627421075031,-0.027484976919465165,0.0001928583032602127,0.005910200121869602,-0.02323463376561352
2022-08-08,0.0073174604200391125,0.008499738621101205,0.008874700426048987,-0.007779844542261327,-0.013526161767891565
2022-08-09,0.01942326541535903,0.018225910138076618,-0.00750610337660651,0.008544093113156626,0.006619446785919081
2022-08-10,-0.012203506929896654,-0.003517888897230037,0.0026309358534308824,-0.011138515669018245,0.02254577367755073
2022-08-11,0.02465995094136919,0.011317661664584922,0.0010310493136156396,0.00914578612546757,-0.09324761800459969
2022-08-12,0.001249694816756149,0.022587237307770014,0.00907498261166495,0.0020536762295653155,0.023302988710988792
2022-08-15,-0.01514819061530781,-0.014558202514620922,0.0015475198656440536,0.0052594481065773024,-0.033168319355867615
2022-08-16,0.011850923239499453,-0.03107491598921297,-0.00584623010886498,0.0033917667012672847,0.021505379494489052
2022-08-17,0.004348948217095898,-0.029022104947578176,-0.00920673663656335,0.004116468942328311,-0.013032592428007916
2022-08-18,0.020652608413558426,0.01418675806737868,0.0008543621622787434,-0.01291907235005163,0.010665265554941072
2022-08-19,0.005799686200072429,0.031393430476339024,0.0009366167938638092,0.005676113769792046,-0.017085435130927973
2022-08-22,0.010387557728718874,0.0013459456231650346,-0.008869099630645416,-0.012458321882650059,0.05316978240915504
2022-08-23,0.03169070685455033,-0.0024813674600963065,-0.005418936765523519,-0.01932812636315151,0.1553397473948257
2022-08-24,-0.011653101835040591,0.038764487288968974,-0.009541994707629509,-0.0015581214955697753,0.013025268202878415
2022-08-25,0.009726079053206863,0.009978048172218701,0.002760910212849188,0.004090310614688342,-0.05350480642350064
2022-08-26,-1.950754208440708e-05,-0.018573452481128516,0.0002192958849878135,0.0019305127255404564,-0.04557401499065716
2022-08-29,0.005017947338230226,0.016609639487670913,0.00021942717310774462,-0.019284075467566275,0.17355365748976292
2022-08-30,-0.02410913372918329,0.040598064767283004,-0.003269883377028826,-0.00920445836040129,0.02543034554427015
2022-08-31,-0.022352061975268084,-0.05500046608349607,0.00758057217874053,-0.002405843385715367,0.0
2022-09-01,-0.00543505243861749,-0.028395929555434685,0.0011028088293274507,-0.012540967471128761,-0.01297208153817453
2022-09-02,0.023264304499715487,-0.04280233542184286,0.0013954237236539768,-0.01721516776689891,-0.011983044578061208
2022-09-05,0.026264574277842567,0.007145907626172843,-0.008638561886686547,0.02536521331881869,-0.003521132803927185
2022-09-06,-0.029468998739096086,0.0,-0.004310653313479351,-0.015339742026673542,0.0
2022-09-07,-0.03458520271993217,-0.0020425157908869895,0.0043193306859965475,0.002902536893634844,0.056537124965786445
2022-09-08,-0.0019807509155520173,-0.052030612256638964,-0.005453890685378271,0.0005571763907594729,-0.08435527575753499
2022-09-09,0.013400357808003934,0.013068199157714844,0.009875823850971521,0.002938186815197863,-0.041801899545889976
2022-09-12,0.012723946614923154,0.04139085528720465,0.0016320209803157848,0.016416264235014744,-0.03473103234333241
2022-09-13,-0.002192230579178204,0.01249465432858865,0.00593199865645655,0.021419919627345685,0.047389200540585596
2022-09-14,0.006773159547563838,-0.008829806713347765,0.005773918897869379,-0.01654460784789613,0.14243818596528657
2022-09-15,-0.0220636131765423,0.009981757255049128,-0.014563821472942773,-0.0051921190240883375,-0.04070409210556314
2022-09-16,-0.012862163937897944,-0.03464401901267855,0.00019961698379278303,-0.00722342976936674,0.004204916322369412
2022-09-19,-0.0012252499351105655,0.005614290585541859,0.00042948189641878187,-0.011683393565610212,0.001141940570009048
2022-09-20,-0.005208358989891415,0.007115506696620866,0.0034075863686757746,-0.00026280404241163513,-0.02053228227542203
2022-09-21,0.009420058252567864,-0.01499997014584753,0.0007222246803870735,-0.00925846407166897,0.054347810795459806
2022-09-22,0.004297974668766191,-0.008717732195799743,-0.005862889656867543,0.007147212408302739,0.030559643901659994
2022-09-23,-0.05192875246737864,0.007013216526509991,-0.014048072829345282,-0.018537409020674467,-0.02286528741986016
2022-09-26,0.0020563809475832584,-0.04764534161192091,0.0011022116201444554,-0.022917008754723467,0.09396708076704297
2022-09-27,0.013996438863673077,-0.024260057228871146,-0.015406887200598907,-0.0018037504886676547,0.07820849730188573
2022-09-28,0.004642507578015061,0.02629073457838471,-0.0068329364477182075,-0.004161527693193334,0.010539372916239298
2022-09-29,-0.005352531024609068,0.035354157533781905,-0.0028596715824626973,0.001997850984476468,-0.07423307614159502
2022-09-30,0.01122521244361859,-0.009292452237914417,0.011669258220226908,-0.01686805053278262,0.05500330784050478
2022-10-03,0.029127098738452428,-0.005989363680546256,0.012503246332641771,0.011942492815845807,-0.0069095261400811125
2022-10-04,0.01925920250982312,0.010231941055554028,-0.0037506538312601645,0.007223787311147367,-0.048070854440891986
2022-10-05,0.01451834281928995,0.033085780117176444,0.004021387262654885,0.04258013862859267,-0.03421929148145797
2022-10-06,-0.0067033193805305,0.01710239262126212,0.015485641697837949,-0.010549640110338654,-0.01788787283187543
2022-10-07,0.015637464771056358,0.011245532735102204,-0.0073440755512070854,-0.004138972901659321,0.06900179591409161
2022-10-10,-0.012801613621467367,0.03706841842696784,-0.012304863326973892,-0.016889714735635608,0.027522940366608406
2022-10-11,-0.018731779824271322,-0.017667440358344666,-0.005519721288538171,-0.005504458159782066,0.03475765725043045
2022-10-12,-0.010420877498264055,-0.01975258839437377,-0.0025634555979036078,-0.004924151513696962,0.036363644913174786
2022-10-13,0.025905088938466103,-0.019514306389004976,-0.0010184906511189196,-0.002640462257403331,-0.0017841620988797713
2022-10-14,-0.005637846135525704,0.022931344689701927,0.000805816280401439,0.0092659747249495,-0.04855523311243615
2022-10-17,0.004550954105704071,-0.031088108817739157,0.0044659963486877174,0.0057488932567260065,0.0025046938750283854
2022-10-18,-0.011019465524919411,-0.00010907461677966968,-0.0012270756894514623,0.017715758636965617,-0.02029980041342172
2022-10-19,0.012666717686524573,-0.017354332237721648,0.010988583263886964,0.006447561697180415,-0.02773352935793738
2022-10-20,0.01735986647110836,0.026435687160753396,0.001775476176293811,0.0021392250607703556,0.008524597668256861
2022-10-21,0.001243534828258952,-0.0003247095282142842,-0.009873983931927066,0.006225472016533118,-0.02535762941617703
2022-10-24,0.006726282042610406,0.012123866420017615,0.0012713727108562,-0.004643833657400287,-0.009673082475206707
2022-10-25,-0.009816991977777023,-0.0025668220724014423,0.00830219127795706,0.014715445121990633,0.005389014635704514
2022-10-26,0.005382308933811124,0.00278784581686109,0.0026792235915789053,0.016381371459923244,-0.04656620700949654
2022-10-27,0.039296159571170754,0.02320365564834237,0.0078114524802854746,0.005502590944522323,-0.041461645670640146
2022-10-28,-0.00027206737152537147,0.01327198882499836,0.012867329366482494,-0.00022190846698966205,0.004032210419143256
2022-10-31,0.00537055645055264,-0.012273127605637701,-0.012300296335898242,0.002360933869671289,-0.05987584615530317
2022-11-01,0.016955655379401652,-0.009815128380082028,-0.0012842637772675358,0.0012510363924960188,0.005048511097732078
2022-11-02,-0.0023625215317812365,-0.0018981366835409963,-0.006900545530541979,0.00925490253244754,-0.0027047796404234825
2022-11-03,0.016826695894523274,0.015953535255016416,-0.0008494874618303339,-0.007945727388629753,0.0019372780102207
2022-11-04,0.013179589242718929,-0.015495064854611496,-0.006428526689766123,-0.007959690350735849,-0.02165511833231948
2022-11-07,0.0034921970496133623,0.04119574945928561,-0.0066003896793398464,0.026480763083002623,-0.029644269668647527
2022-11-08,-0.021271743779712176,-0.006594313968665277,0.018378184728221614,0.005549929173782386,-0.00814659314892785
2022-11-09,-0.01244988570995681,-0.02614376640588656,0.009046823766432288,0.008218286256327145,0.04887065771724597
2022-11-10,-0.020674935336399376,-0.028418614378432405,0.006209722711393306,-0.003008600562637076,0.021534816654065425
2022-11-11,0.012321138812507256,0.011009137898195354,-0.006081764073436191,0.0317942796504862,-0.09812186473630413
2022-11-14,0.0051067720966014125,0.024767799083755815,0.017234983280186356,0.005703782359314236,-0.04292393537646866
2022-11-15,0.006080960292255484,-0.02969057753460791,0.013375543780961063,0.004914051897537908,0.05372997601585361
2022-11-16,0.0021837017837960104,0.007730311632180964,-0.0008978306983770112,0.007094535591089857,0.03413406611531178
2022-11-17,-0.013593026154098908,-0.0106541657095377,0.003739182328805546,-0.008252698627213007,-0.017522424170070217
2022-11-18,-0.0049546656712203445,-0.03316822970935174,0.0035863385602117326,-0.0011229344410387254,-0.007465794301908857
2022-11-21,-0.028729521943518483,-0.024058766563638367,-0.003201732300133653,0.011968834461118183,-0.03384870270006601
2022-11-22,0.052699450644442924,-0.0019402624173791017,-0.0029753632285509646,-0.003964507660263128,-0.03287198102485167
2022-11-23,-0.001389536364424071,0.010405988494750495,-0.008247803589722214,0.005274596061767278,-0.0478532945266944
2022-11-24,0.003038798087742193,-0.033386112809698054,0.00638264774293118,0.004208768536988927,-0.04415220731024261
2022-11-25,0.010610210737596678,0.0,0.010197505863299927,0.003940272513708543,0.0
2022-11-28,-0.01242434152839674,-0.020840725118491887,-0.000780633960381194,0.00010598761633295872,0.007370988487393815
2022-11-29,0.020910162501323087,-0.0052612080170041375,-0.003898316208238106,-0.006788773231548362,0.08341458948647107
2022-11-30,0.013050437495080947,-0.0019233520544980065,-0.002120752501491019,-0.0002719008099889564,-0.014407911211844038
2022-12-01,-0.01331989626552891,0.028905233784940476,-0.002033884087158655,0.007696147291055722,-0.05984465520642579
2022-12-02,-0.014357692933880747,0.016972924535437972,0.009768476834405293,0.004989010432776553,-0.03595722905060661
2022-12-05,0.001372073497677817,-0.015078241252386881,0.009886202162251445,-0.0016564431311958394,-0.039314550435815665
2022-12-06,-0.008796166248609663,-0.03377351174424792,0.001497302952485846,-0.005372149518967029,0.08866739671621793
2022-12-07,-0.019569905506018486,-0.04027578397149845,-0.0044822536852026085,-0.004382650393710441,0.06843373861657565
2022-12-08,0.004235070013686208,-0.027473224286031384,-0.0026591461795627547,-0.004643096508306632,0.02300406978469849
2022-12-09,-0.007588305737071366,-0.013217528408298818,0.004226465299703053,9.43959796777527e-05,-0.017195740052941555
2022-12-12,0.004297439449261198,-0.0006566388805759882,0.004413799046621314,0.0054446894883311,0.024226064872098885
2022-12-13,0.016211966591083333,0.024835734921744512,-0.003545912740065993,-0.005275691852088205,0.09505037597659727
2022-12-14,-0.007685759438911699,0.03449163373622688,0.0018552850472817184,0.016576489648292503,-0.09800003051757811
2022-12-15,-0.01240579590365685,0.025037142233833354,0.00805502444178785,-0.0029020721055702525,-0.06252771153512049
2022-12-16,-0.017434508048054687,-0.018016903491569036,0.00467631552644221,-0.035107152299700295,0.07994326314338274
2022-12-19,0.016194002080443564,-0.026720824940388632,-0.0033518427765883985,-0.008259230921059402,-0.009198383056260973
2022-12-20,0.006852551610598241,0.0096154115312157,-0.005218380116402188,0.001897984412819964,-0.008841766380156879
2022-12-21,0.02202486063517428,0.002380887277516619,0.0027916391825502096,-0.0022958407296366223,-0.041926874703784645
2022-12-22,-0.00012899273624946325,0.027628442849023438,0.0011690042821561608,0.01831955173801303,-0.06564245239575606
2022-12-23,0.003105426021862349,-0.014841771734818598,-0.0015915521649506603,-0.012618277833633451,0.09466864212360981
2022-12-27,0.005321407989162956,0.0,0.006080575010922296,0.0,0.0
2022-12-28,-0.00636168501835425,0.004885649083117949,-0.0025855972022179596,0.0041602937303995,0.03737416137667604
2022-12-29,0.002238969561631795,-0.012688244653045744,-0.0002871494728964308,-0.006279811028581328,0.02263278428415183
2022-12-30,-0.014567447609876974,-0.012010568992825599,-0.0007441358397561881,0.01083012567137831,-0.03161693201844007
2023-01-02,0.015862435011730385,0.044371522381365214,0.002963731578736084,-0.014662058136497791,0.010727590322163083
2023-01-03,-0.009077099561829227,0.0,0.004594488939143604,0.0,0.0
2023-01-04,-0.030818372490093855,-0.04434879554857574,-0.0029897675594858786,0.023373432008457762,0.05676047706072218
2023-01-05,0.01009708838821551,-0.05188796851894306,-0.012255395598315344,0.023614910457015803,-0.03886460281546322
2023-01-06,0.015238934875712743,0.010919914484911919,0.005642484981084106,-0.0036462253970709346,0.02044519995053551
2023-01-09,-0.0013513762773775435,-0.0015250062632974348,-0.007933674891517195,0.014736808354652187,-0.05921638370081361
2023-01-10,-0.0030121098370084845,0.013745727825500209,0.012745001629152375,0.012641161541157686,0.03975391320164223
2023-01-11,0.003979994603605337,0.00564967909129277,0.007212636696105612,-0.002742983106939656,-0.06326806705012156
2023-01-12,0.012914562256692666,0.03208489068391862,0.0005368935499137084,0.010425193370910302,0.024781352321307182
2023-01-13,0.0008429023669147365,0.01645095730584445,0.0025192926532231485,0.006566338443039443,-0.10715980144763149
2023-01-16,-0.008107700900274831,0.014875639868603407,0.008753345079312025,0.0058448020875967455,-0.025491213180093064
2023-01-17,0.006292465896734915,0.0,-0.0032798297386377184,0.0014937350882349154,0.0
2023-01-18,0.004097129828963357,0.007504683381911681,0.0005090112725842921,0.0041688905761365636,0.055040883263509865
2023-01-19,-0.01692638184856134,-0.010940349534963922,-0.003399900781191234,2.3394472448146075e-06,0.0506198094700645
2023-01-20,0.008578725812145546,0.013885623188546248,0.00042113596705495304,-0.019179036075127942,0.008849572459461275
2023-01-23,0.004970269503259887,0.017061206230601034,0.0033367572336886475,0.006257479425821,-0.03265107511439913
2023-01-24,-0.013697521024643925,0.006390564938268728,0.0028793633886876613,0.007505017745069509,-0.0020151594336836887
2023-01-25,-0.009802906009961957,-0.02335871562490266,0.0008481189095626007,0.0005300628323259282,-0.030792464384042373
2023-01-26,0.007635285569738433,-0.0001160397904870214,0.0012739505666399253,-0.0011823097955001582,-0.006250043461718424
2023-01-27,0.0111748292215789,0.015675782989622356,0.00311277903582563,0.006236603667733265,-0.018343835580149404
2023-01-30,-0.005940835729863851,-0.009260289782664799,-0.0025275947466020243,0.000965453877380007,-0.011745825879941552
2023-01-31,-0.0025002050329058223,-0.020309278350515436,-0.0021090037851332344,-0.0046385441632880164,0.07725555307905929
2023-02-01,-0.006118377436892568,-0.004829253883869455,-0.0019097249254850235,0.0011591107253670074,-0.02708128891997874
2023-02-02,-0.021164113079656932,-0.01952895688954026,0.0009449341051008808,0.001919020456338183,-0.07886591800937293
2023-02-03,0.014851697923198737,-0.008087858505117507,0.013986332519027034,0.016704106198340618,0.04812527490848306
2023-02-06,-0.01310731270165677,-0.027138807073526894,-0.009781939220090408,0.003975332651608765,-0.021356093342568938
2023-02-07,0.03098764075285639,0.013134793473804196,-0.010477944512183313,-0.01233678537644678,0.06001093213574449
2023-02-08,0.019339053800876027,0.03333750646812339,-0.005569247387685716,0.0009178240383282965,-0.039629461949033495
2023-02-09,0.012000846660261336,0.01672832901952126,-9.653820013244552e-05,-3.804809999041758e-05,0.05198281464557564
2023-02-10,0.030669338396990892,-0.006933792023538943,-0.0012966698660300535,0.009738364117698906,0.055017828317822426
2023-02-13,-0.000841018574802177,0.02236685668222993,0.002470776201964231,-0.01228199391862883,-0.008691376426090858
2023-02-14,0.004466057922590176,0.002546605188765483,-0.00601157126484031,0.010343149849936895,-0.009254774851576553
2023-02-15,-0.0032365546877706763,-0.011892377000789156,0.004935963763336382,-0.0006130339655353589,-0.07030483256873721
2023-02-16,0.004593824892418608,-0.0023370480644713254,0.000493927118309756,0.009738762213482799,-0.03595982605303094
2023-02-17,-0.021788441134077,-0.0028109378249004946,-0.004094928431470746,0.004018699627928557,0.10641802428809233
2023-02-20,0.00011793277312420007,-0.02513506465808857,-0.0024318489142922672,-0.005194103955709184,-0.007436768367024893
2023-02-21,-0.011625988671186138,0.0,0.0017521907973379047,-0.0008748107946100481,0.0
2023-02-22,-0.00838865938838466,0.0006024464067206914,-0.00017081787957773376,-0.0048652298854845455,0.14235765815702117
2023-02-23,0.0035124994088214976,-0.029500355058504235,-0.002865454534092482,-0.0017692498833117298,-0.025360730320178493
2023-02-24,-0.003153134660550024,0.01997519405497883,-0.004337728174182431,0.003601391945927901,-0.051592708777226104
2023-02-27,0.010896415626938142,0.01155582761484486,-0.0007312747413590337,-0.018632538260637488,0.025070988739244404
2023-02-28,-0.0050064314621868595,-0.008537838896112149,-0.004084682530496431,0.01655729232575509,-0.03322562578770549
2023-03-01,-0.0006960700906510539,0.017465160639244193,0.0053479946234307185,-0.0022669163546715776,-0.011933173789771434
2023-03-02,0.01572688810757313,0.005006534414126351,-0.0031943562553166105,-0.005339276666602943,-0.0057971417782864965
2023-03-03,-0.004348661840044972,0.005218864359478381,0.008663242754052058,0.005892152938385742,-0.04810494532498932
2023-03-06,0.006025455175545887,0.01274338443722356,-0.006487102779762277,0.012783589768153858,-0.05615111653403504
2023-03-07,-0.0025131949370815385,0.004077810400261006,0.002497160273063681,0.004419293408748581,0.006490040060511015
2023-03-08,-0.0024538889556379915,-0.0335344555513406,0.005846596508106927,-0.008071766745851305,0.052659833965358116
2023-03-09,-0.00942889287872691,-0.0075639001860128285,-0.012871932027811672,0.0022178834253268054,-0.02450227353229084
2023-03-10,-0.0045037280722106665,-0.012944680338905279,-0.00011603719969588422,-0.0005433380402894983,0.1831501773005757
2023-03-13,-0.04152875002618176,0.014585151303084576,0.0033341684009291495,-0.01320316054706927,0.09685973319727981
2023-03-14,0.011175528996825465,-0.02428125351377952,0.009348143711590318,-0.031443151567458916,0.06935489006518969
2023-03-15,-0.06669769041806979,-0.04110436836460141,0.003871752264984485,0.020243955872631725,-0.10520365261572151
2023-03-16,-0.010121770166249175,-0.04854738095533617,0.00024675464840751005,-0.03458579330350697,0.10155920328285806
2023-03-17,0.0023642040050981437,0.013705990953644331,-0.01345147816798975,0.020337468941791892,-0.12050496144149447
2023-03-20,0.013940736531713016,-0.02315924763340671,0.002908325458965244,-0.01262818631157292,0.10961289616581449
2023-03-21,0.024441149644141052,0.011237490490702662,0.006097634252235196,0.013389930054289456,-0.05331244994705253
2023-03-22,0.0021030722227048195,0.020734500072013384,0.003773132904811183,0.015094400901219052,-0.11469981372746085
2023-03-23,-0.011598023361574469,0.018189096549826145,0.005139307461304199,0.0033719383314900764,0.041160014156131464
2023-03-24,-0.027222882779257274,-0.01017080133610404,0.008924567538366901,0.0027265869518109387,0.015723287415586373
2023-03-27,0.013374327831293812,-0.01211969113366107,-0.00325055660065543,-0.018188131853133283,-0.038478585393539766
2023-03-28,0.02148679920664535,0.041738964821663505,-0.005248921648501104,0.008231209609067092,-0.052437874960925224
2023-03-29,0.007324919031397981,0.006784418339258913,0.002680116800534149,0.0008619858832223937,-0.030582575555772262
2023-03-30,0.007926222973737499,-0.00470442135287541,0.0030025495197298913,0.015128810492925915,-0.04256377082360119
2023-03-31,-0.001028125784333515,0.012646881441078506,0.00037952901230409175,0.012797553002714901,-0.005230145244791484
2023-04-03,0.040929582777787875,0.006307556719743257,0.005626793311566347,0.006914114218131484,-0.01682437892337696
2023-04-04,-0.017751287214031315,0.06468602080050201,-0.009290861759458813,-0.0009269881417486303,-0.008021471644866773
2023-04-05,0.005628477795162623,0.00011776917690475841,0.010082984873371004,0.0009904825331887857,0.02425880223436394
2023-04-06,0.005670993744148182,0.000588596902828753,0.004384046445045309,-0.003930174732893699,0.004210522300318598
2023-04-11,0.009887825056719701,-0.011043261408306249,-0.0006001876104815285,0.0,0.03097824492616752
2023-04-12,-0.000870293478582862,0.016987411499069127,-0.004054300117389831,0.005531991940858516,0.0068529822256617745
2023-04-13,0.0017828609017010444,0.02009112496718224,0.0044325122994950394,0.00017071234260379597,-0.000523572182309362
2023-04-14,0.0007440532152837206,-0.014199077833101703,0.0075459674748579175,0.006739789679986563,-0.06757469383008197
2023-04-17,0.003959827575386284,0.002555479498914659,0.004974544770415257,0.006304893644926812,-0.04101121199580893
2023-04-18,-0.004244037465953883,-0.017958469078985018,-0.006152516278222664,-0.00527020138216705,-0.007029814530175482
2023-04-19,-0.011432706937373046,0.0001179153679098377,-0.0055719125780892,0.006030834450827305,-0.007079695211328563
2023-04-20,-0.007742626479454395,-0.01946436194201895,0.004576713719873782,-8.656700163689468e-05,-0.02198460136130065
2023-04-21,0.003915610644514196,-0.02430226426507187,-0.0021137596072823284,-0.001982433712442222,0.043134935073663616
2023-04-24,0.008856567590883158,0.006905119587233832,0.0017114824208963597,0.005411799055989208,-0.023296424971048224
2023-04-25,-0.010058083094564,0.013103106133225628,0.0019455441063704892,-0.0015401838917099564,0.0071555711752655515
2023-04-26,0.0063574801987941005,-0.02369160684559457,0.006115940312673818,-0.005440889657395531,0.11071645392595375
2023-04-27,-0.021309255247436914,-0.038132899958769007,-0.007333535186277218,-0.006884689070300931,0.004264388205224678
2023-04-28,0.019873357933904656,0.008752738882826572,0.006274821933590191,0.0023782275825432464,-0.09607215771140842
2023-05-02,-0.049430834517312304,-0.0028916690254738864,-0.0019159632229287515,0.0,0.01901141925294425
2023-05-03,-0.008993884653806627,-0.05030888900005004,-0.0037843921728094587,-0.014786734614214092,0.10572144098292036
2023-05-04,0.0012368671708417416,-0.0396972633548085,0.003798768201457303,0.0035694093568867657,0.031496031738794894
2023-05-05,0.03260718662684855,0.0023503133505013984,0.005268809311456124,-0.005371095796663283,0.09541984653435587
2023-05-08,0.004893171464686079,0.03862073174838354,-0.0041556061589043125,0.012456267696085987,-0.14435040301165503
2023-05-09,-0.010095529096193767,0.02270915026785958,-0.0003856510137344449,0.0018937585054044082,-0.01221646220459538
2023-05-10,-0.004081150765534687,0.005583694237731862,-0.0020453015080595938,-0.005877699784471946,0.042991729205911655
2023-05-11,-0.010967565852592362,-0.013300603652178444,-0.0028618103774721293,-0.0037774089170524716,-0.0434781812659798
2023-05-12,0.013367967424145514,-0.01871483099908422,0.0017684600274869844,0.0006943118580393648,-0.0005903322648502796
2023-05-15,0.0006398812785095206,-0.010802949476173662,-0.006547357479011251,0.0018863931347525842,0.005906696967935332
2023-05-16,-0.009538108169443782,0.014291562817269954,-0.005447918677449981,-0.0003403815303779645,0.005284800291198266
2023-05-17,0.004173631937621695,-0.004253617978799751,0.001935433839248324,-0.0002085970962921735,0.050817692128321434
2023-05-18,0.0029888149293533415,0.027366110294294366,-0.0007388021428880176,0.0017889462110003418,-0.062256750757876844
2023-05-19,0.0056311336475265055,-0.014293119636263452,-0.0025144866312231118,0.0,-0.04860708721874096
2023-05-22,-0.00204898524712697,-0.003690993633589157,-0.005808049922436109,0.016670365570266465,0.0473520414335562
2023-05-23,0.010439207339593118,0.005424662910584743,0.00439415257651854,-0.0022000596784518267,0.02379533796777844
2023-05-24,-0.0007011262554529885,0.011185662561077114,-0.0010810927507085566,-0.00986175330697625,0.07669969043541625
2023-05-25,-0.027523156874453076,0.019781420417785744,-0.00382326003791833,-0.018109803969192595,0.0809498081174409
2023-05-26,0.005724186656934138,-0.026799367761154436,-0.0011510590374074203,0.001383738694065828,-0.044433413204546524
2023-05-29,0.0013608164460282752,0.009047925422020153,-0.0030564423990097067,0.01589357910931599,-0.0621733889580256
2023-05-30,-0.025093836791569107,0.0,-0.00012871945594572498,0.0,0.0
2023-05-31,-0.0229719536801213,-0.04431444012932795,-0.001434884194828956,-0.010586725504322714,-0.027298142486906207
2023-06-01,0.016690637008311787,-0.011966239359022968,0.002372124382281404,-0.017135888815717926,0.02749149339943724
2023-06-02,0.027065523361461025,0.0222955551271502,-0.0035294963065128915,0.009381092605167618,-0.12764776183701698
2023-06-05,-0.0006043511651581309,0.02490574184872929,0.0061336817148627265,0.015480553260275531,-0.06709260464245015
2023-06-06,-0.005884140198606909,0.007618571548400288,-0.005777239184238336,-0.007003502937297124,0.008904051874655927
2023-06-07,0.011517673616765109,-0.005475142405917843,0.0012318024997735044,0.000461185575616474,-0.05227423815469123
2023-06-08,0.0037166540110207813,0.008651147264313597,-0.0012837051905092434,-0.0007706376921748914,-0.0014326975436259604
2023-06-09,-0.0009828504387018322,-0.012865469824975051,0.0008779639082063806,0.001344394295590634,-0.020803441218256724
2023-06-12,-0.010646968096877762,-0.015402819682030167,0.007030353420354185,-0.0018359059762551588,0.013186835912539108
2023-06-13,0.01351781576085461,-0.03944383662956019,-0.002945761613426079,0.006224126372006644,0.08532178681744873
2023-06-14,-0.004190941687943706,0.03410362893273855,0.0011193590458071778,0.007195561353331215,-0.02664893844804339
2023-06-15,0.003611228346865003,-0.014672283670107422,0.0024492036405445727,0.006539355972551952,-0.0499657467070983
2023-06-16,0.00018454210070395494,0.033743187481955816,0.004976929014374631,-0.002481698574884006,0.044668579282937326
2023-06-19,-0.0006734941534128532,0.012422392812902583,0.009490087025812999,0.006803869363023685,-0.06620689918254985
2023-06-20,-0.010236059240777843,0.0,-0.0003501367384702858,-0.0073814041766813165,0.0
2023-06-21,0.016332962514489346,-0.009267707594518892,-0.0016277528317081291,-0.004410378419713812,0.025110794205745357
2023-06-22,-0.01776019384854975,0.016073797051073146,-0.0003603241433216553,-0.004694791343793692,-0.048991376049651536
2023-06-23,-0.01138229615185495,-0.038641120990697386,0.006617638951915028,-0.004228739842981888,-0.02196969439722829
2023-06-26,0.009797894382269337,-0.003911531129144219,-0.003068550813546622,-0.007634006026846829,0.041053426741707755
2023-06-27,-0.009810875481808479,0.004468542151295107,-0.004766237771259507,0.0020975606912325695,0.06026789024599055
2023-06-28,0.003105894690942542,-0.025882962537698284,0.0003492116615053664,0.005767909979311314,-0.03578948974609375
2023-06-29,0.004485066055796479,0.024494832420977053,0.004284243629030016,0.009172555554093798,-0.022561824680231046
2023-06-30,0.008965491194100469,0.004187458647918252,-0.00377693292288539,0.0022878051455779147,0.008190592269372798
2023-07-03,0.018869893474751247,0.007533026843893564,-0.004379772168849438,0.010195881438441079,0.00369277628328879
2023-07-04,0.001077797380407956,-0.0033377836436174757,0.0036322098498984268,-0.00021366724473370624,-0.0014717040131794201
2023-07-05,-0.01501998439842391,0.0,0.0005129030135702095,-0.001627881752037319,0.0
2023-07-06,-0.026206012580515765,0.02679169402704784,-0.002579694886849393,-0.009173391715190937,0.04495214621001242
2023-07-07,0.002574163645814087,-0.0016960845430460392,-0.0026056420166346017,-0.029333170524656227,0.0888574928131427
2023-07-10,0.0035605841098202418,0.025483594657389697,0.0031365420823148416,0.0031991395888117946,-0.03950775085850766
2023-07-11,0.009588544556812165,-0.00994008878760011,0.007261928113446503,0.004699444722140456,0.01618339665224955
2023-07-12,0.01151420751113367,0.022010542292907553,0.0033018654170349215,0.007059843539284794,-0.015262080085862384
2023-07-13,-0.0006341989003479931,0.00894205378876789,0.0007378319201123418,0.01723990830260136,-0.0876010901191373
2023-07-14,-0.02112519482669567,0.015603545006570352,0.011846719009202866,0.00717809702827088,0.005169844536294876
2023-07-17,-0.004897492969857624,-0.0183136412560444,0.007081930556925409,0.001901310204079909,-0.019838318214570272
2023-07-18,0.01188163154923716,-0.01715290721760565,0.00038184037288013783,-0.009845168771864587,0.010494706750155292
2023-07-19,0.012397919634157706,0.01439486947029267,0.0008764642952547863,0.0029700631176237113,-0.013353068072256224
2023-07-20,0.014324000366735793,-0.002134850870386229,-0.0007747078827242682,-0.0017049555340490352,0.03458646853760361
2023-07-21,0.010813109536267759,0.0022652945790300194,-0.0021066989289000304,0.0026248191029520918,0.016715082733324893
2023-07-24,0.01682877369096029,0.017955805074524545,-0.0060807699705690554,0.0040423564921021615,-0.02787701186768976
2023-07-25,-0.00759113944130783,0.020599459420646005,-0.0010570004201242433,-0.0019083553563820077,0.022794077738759633
2023-07-26,-0.007961690793188406,0.0108774661483646,-0.005586867539592366,0.001886827134795599,-0.003594550056315482
2023-07-27,-9.921420984711678e-05,-0.008608336034878539,-0.001149188725558914,-0.010281671566936712,-0.04834055504259438
2023-07-28,-0.004152517046971486,0.0159189547029992,0.002525837950030141,0.023305693852823106,0.09249433706148413
2023-07-31,0.012979411963025544,0.008903134128907197,-0.00899161957941541,0.004285624729026383,-0.07494794830966023
2023-08-01,-0.0062371069534643,0.006706667950949541,0.004145109563362226,0.0010769189731894002,0.022505640844104002
2023-08-02,-0.015784882857775035,-0.007596936828326184,-0.0024194883487713703,0.0,0.022010285268964536
2023-08-03,0.010413364508245407,-0.020139048876643306,0.000935672717465863,-0.030150013492052152,0.15506100503167586
2023-08-04,0.01677910871853931,0.023317337891407774,-0.005789423526761706,-0.007349271806180058,-0.010565573317698362
2023-08-07,-0.004872079624672472,0.012919878811448848,0.0006790391062911905,0.006569734032284114,0.07412062182919765
2023-08-08,-0.004092115684204052,-0.01043601053075871,0.0046651443464760245,0.0010592981586241557,-0.07777777158106369
2023-08-09,0.03463128012784008,0.009725824545016692,4.398837146823986e-05,-0.011216115814121075,0.013950495051900047
2023-08-10,0.001129945907793047,0.016014911362848716,-0.004021942081347207,0.006640470014168454,-0.0018761559349974588
2023-08-11,-0.003142443254133801,-0.013135368198663011,0.0017124995716848446,0.01545167029861938,-0.00689220904851684
2023-08-14,-0.014455604079270767,0.004745324368912618,0.00036237321552645696,-0.01430414877116637,-0.06372241038319659
2023-08-15,-0.006447432947794022,-0.006911628740873033,-0.003392720966774565,0.0020595284745319464,-0.0013477397276295822
2023-08-16,-0.0023193400674774525,-0.015311445410535529,-0.003152985991122126,-0.009620772207921013,0.110661229650443
2023-08-17,0.005960339807487817,-0.016963157636467607,-0.0005233900728965901,-0.0010026197225979638,0.019441167677507476
2023-08-18,0.00029325059155566047,0.00802882951278483,-0.0026861019315007617,-0.013173759158258025,0.06615009878315026
2023-08-21,0.00909794786645087,0.008083693330637853,-2.170454328709326e-05,-0.0035195082435998115,-0.03297932770916012
2023-08-22,0.0005397413868215387,-0.004009480601995241,8.703930010756089e-05,0.0028293526679386005,-0.009826594438788527
2023-08-23,-0.01391209702280144,-0.005091171084973811,0.0020924881975554754,0.008402625173157263,-0.009340330137234454
2023-08-24,0.004836194803371126,-0.009758416122055746,-0.004740106320141768,0.0014786989191584166,-0.058338232832990555
2023-08-25,0.006046455907438464,0.001802686306084711,0.0017603294476837839,-0.008074143925366317,0.07634551036616566
2023-08-28,0.008342732981756954,0.01343573342588189,-0.006133924717840578,0.0009521681178394914,-0.0883721157175057
2023-08-29,0.007239921824221267,-0.0007102886553490562,-0.00016204929212715324,0.013559148163174939,-0.03826532970612717
2023-08-30,0.003040691458381447,0.012674718289887643,0.002608996915706596,0.0076345227263345805,-0.04177719612919528
2023-08-31,-0.0028226420783175055,0.0043280238136353955,0.004032535580629437,-0.002579506085979899,-0.03944634618325349
2023-09-01,0.021569730819181492,0.011646866909984954,0.005827092305068504,-0.004217586932428019,-0.022334323995730432
2023-09-04,4.614528751149353e-05,0.019456624793125377,-0.008089840838697682,-0.003367315945571603,-0.03537211149823438
2023-09-05,0.014466997369045257,0.0,-0.006292945547030637,-0.0006468018425130895,0.0
2023-09-06,0.0007705391947997094,0.016826626904785424,0.0017269857930499732,-0.002502403260905006,0.07028266352709411
2023-09-07,0.0006526429779291076,0.006219430840733953,-0.006328395394398223,-0.0072380490527539365,0.03140610800820931
2023-09-08,0.008241834665201378,-0.007505522258590469,-0.00018237880644911275,-0.004067647347521075,-0.003460220857774976
2023-09-11,0.0070087929796268655,0.008118364899897257,-0.0024603954040161025,0.003830809093579246,-0.03888885283175714
2023-09-12,0.005459613225272848,-0.00011033795986881145,0.0018970398979003544,0.0040451660076068485,-0.0028901706222559387
2023-09-13,-0.006166958482367961,0.015666352366585423,0.0030101195583809304,-0.002834772660391449,0.031159372866542467
2023-09-14,0.021681532706689117,-0.001955249945137294,0.0002689045736952167,-0.004429241650340865,-0.052705553346921175
2023-09-15,-0.0017198137438212229,0.019808443069544435,-0.001771189028006659,0.0133231410570116,-0.04896141467543513
2023-09-18,-0.0013489351259230269,0.002454678382333819,-0.009041573245960888,0.003574929537356164,0.07566304915127442
2023-09-19,0.011829160723380397,0.005323112939162211,0.002923086612704795,-0.011448044635323451,0.015228429204342975
2023-09-20,-0.004013795082793721,-0.0009531289526027997,0.0022882530643852927,-0.0007488877659661552,0.007857118334088975
2023-09-21,-0.0038932399921187875,-0.008585940110625412,-0.0009934598434746533,0.007844010565021486,0.07299792428826057
2023-09-22,0.003495622373712537,-0.0024590583827739376,-0.0027165130783666225,-0.014824703812528317,0.15852050976095722
2023-09-25,0.0001036305327421679,-0.000321612086923051,0.0007995380695380305,-0.0012889190976083098,-0.019384272225830057
2023-09-26,-0.0022500721516152864,0.00021447703635590898,-0.0012245689773250357,-0.009457695353809914,-0.017441926226863136
2023-09-27,0.01424959141685859,0.007181886186837794,-0.005338197611603257,-0.009164038790013707,0.12071011606950299
2023-09-28,0.006507748279126054,0.02756496373479811,-0.0020927596526203462,0.0006054470605723061,-0.03801484690607215
2023-09-29,-0.014339236284185986,-0.012118133209303328,-0.006071963299337679,0.007231896357236867,-0.0482985287557941
2023-10-02,-0.01521824669915763,-0.000733903300901062,0.005439666364406293,0.0031478814367218444,0.010380640345549086
2023-10-03,-0.008954271192683605,-0.048263546238086374,0.0002640956540915784,-0.008870248607437126,0.0051369948765045415
2023-10-04,-0.024556559708014902,0.0023150599337686817,-0.007996826272971713,-0.010160356559803962,0.1232254401523627
2023-10-05,-7.680410886022153e-05,-0.0562032634542764,-0.0008064248286944187,0.0010401455404973614,-0.06066737721347171
2023-10-06,0.006956496840508568,-0.020277332633431233,0.0033202797285585284,-9.76598205937318e-06,-0.004843926423974909
2023-10-09,0.029094849094171187,0.006066398692539332,0.00376515917344844,0.010883459611493507,-0.05624656684978524
2023-10-10,0.010741901198818496,0.042208555421353156,0.001976115262350975,-0.007687510758096927,0.01432664693808805
2023-10-11,-0.008327905121526239,-0.005672149646568148,0.0010790061501657622,0.022530962442103286,-0.03785311002340763
2023-10-12,0.015311939103822891,-0.02087851453732581,0.0024497971874435365,-0.0010534919140751109,-0.05519674081955506
2023-10-13,0.015705081734148158,0.002097416753855219,0.0018379162458757037,-0.0006117464145476426,0.03729026574143468
2023-10-16,0.004024731480441283,0.05686045801916784,-0.008239741642275256,-0.014794297494468145,0.15757933352966802
2023-10-17,0.004694374742974294,-0.013642841589794896,-0.0014413625107041472,0.003321892426831452,-0.10921328383441054
2023-10-18,0.0073893844617192546,0.0027886223730608783,0.003113486233303764,0.0005927816886701631,0.03893086065869911
2023-10-19,-0.008408242330053236,0.01779753556133712,0.0017762268203020959,-0.011188916775273006,0.07494408364001504
2023-10-20,-0.008868619766072708,0.0096174563215079,-0.003266877693623771,-0.003782346615171406,0.11342353709976805
2023-10-23,-0.0075042761889452065,-0.0023813985478382538,0.004552195331632758,-0.01605008525729268,0.01448595661066987
2023-10-24,-0.0048967626344177395,-0.0252821369191486,0.00032824384587826216,0.004241348044890847,-0.06172263020488311
2023-10-25,0.0004919277326796053,-0.019592587112939652,0.007543641543408253,0.005844032210676087,-0.06872859441333212
2023-10-26,-0.004409916571913031,0.02339045720145294,-0.006982386055249035,0.001962916103262602,0.0643121383691494
2023-10-27,0.0010377594095756597,-0.024409153614600387,-0.0026523324751750454,-0.005879729151265556,0.024269428338627552
2023-10-30,-0.001165081562157444,0.029000375786507382,-0.0002640885189518771,-0.008653083362202496,0.02852998761514658
2023-10-31,-0.012487186079265114,-0.033488133247943974,-0.0001901352849225102,0.0034775058948224302,-0.07146217325109949
2023-11-01,0.0005863722998955915,-0.0004573274731671795,0.0049784288024075085,0.008142364129840152,-0.08151901824564878
2023-11-02,0.014690556555076414,-0.031804213387723324,-0.003385352882468773,0.007532366161871806,-0.0700109478029951
2023-11-03,-0.025689419534129215,0.02623184795877398,0.0007517134694974281,0.019040977242714696,-0.07172501076628712
2023-11-06,0.006923510396906603,-0.0225676352205888,0.0030264395151795576,0.0012110946670380596,-0.047892720773170416
2023-11-07,-0.02563855567989067,0.0034161964614491946,0.010646343526523161,-0.0038397730733763513,-0.0013413483765277734
2023-11-08,-0.007547296139548095,-0.04191124303867011,-0.0009864732863567038,-0.0012672458683593568,-0.005372728130387805
2023-11-09,0.006474429355645924,-0.025364534730338617,-0.0023744990630868434,0.0060481287433420405,-0.02430794059092134
2023-11-10,0.0072563761029081535,0.005908991894559845,0.0013388626477159882,0.012135952962227137,0.058131499216304006
2023-11-13,0.0088860234977625,0.017747758168129124,-0.00400042116726107,-0.007528688773480341,-0.07325048321473948
2023-11-14,-0.0009293368140681676,0.013385685052261342,0.0021166411059054813,0.00829809195768405,0.04163727236494141
2023-11-15,0.0013558461545297533,-0.0006058582694753456,0.0010916021349414162,0.01406606845668179,-0.04065043171853533
2023-11-16,-0.02665862418337145,-0.015642062524954925,0.01649151831354989,0.005547791822530623,0.0014124617216946245
2023-11-17,0.015436554872295264,-0.04631685294525356,-0.002181714495114284,-0.0030308190407440927,0.009873017393189798
2023-11-20,0.012967605591734932,0.04120385581054986,-7.599816506165258e-05,0.008906511982520904,-0.03631281530524766
2023-11-21,-0.007193248808841701,0.0212132374584435,0.00490807531990578,0.00037784464769385906,-0.028260894053073637
2023-11-22,-0.016357481204603546,0.0015791697509706104,0.0035684002956233307,-0.0024203733705630004,-0.004474233156233853
2023-11-23,0.01592500668443016,-0.005942970065567432,-0.002532964312081498,0.004644640375142117,-0.03745318245039286
2023-11-24,0.007528787301159134,-0.007198588878491119,-0.002504894436201721,0.002136893820746222,0.0
2023-11-27,-0.005060622890605104,-0.009708748787777721,0.0014178090521081987,0.0024717915383403177,-0.0303502203692656
2023-11-28,0.00264631486544518,-0.007445997275838501,0.003128907582130358,-0.004046097072602062,0.018459032225695893
2023-11-29,-0.012654844150433145,0.02125527477981537,0.0016438017038615804,-0.0014675091434779297,0.0
2023-11-30,0.008205444046992564,0.017384894265914053,0.0043364265486818265,0.0051770151756169724,0.02285263762351275
2023-12-01,0.0007379585490630558,-0.003249057136270439,-0.002930098224145139,0.002732032562288822,-0.004622455166284678
2023-12-04,-0.017757890287845007,-0.047688089947087065,-0.00743921803314862,0.00822357004485319,-0.022445817348339614
2023-12-05,0.0005710218384851751,-0.010775843099871119,-0.0003593113742242915,-0.0008056042650833595,0.03562943825713938
2023-12-06,-0.011023929570613433,-0.010636958144806585,-0.004627728334785308,0.008566308235799402,-0.01758406296467019
2023-12-07,-0.0030979659369645973,-0.03756468926324752,-0.004069243241750842,0.0068473660126195934,0.009338512217643702
2023-12-08,0.014168399267864173,-0.003364737412269614,-0.0024977977499498483,-0.002116706724538231,0.00693910182998847
2023-12-11,-0.0029121512931826743,0.024172764515373313,0.00236343746955181,0.01107344339253502,-0.05436447284339452
2023-12-12,-0.012308548114038068,0.002505306574116073,-0.002443802160275177,0.0037317545323762857,0.022672042455262664
2023-12-13,-0.0038309791818778214,-0.03669605366726725,7.529635204672758e-05,-0.0007885304736592325,-0.044338908514846676
2023-12-14,0.007642729988291723,0.013926874688857893,0.0029805145498138508,-0.001415136427525332,0.009941995740939458
2023-12-15,-0.009411761453234838,0.03164554816211829,0.008099171382361048,0.0019800968523993046,0.023789989486111995
2023-12-18,0.01617483250912266,-0.0007831556992005106,0.009872373342467489,0.0022646887975732444,-0.016025626330215204
2023-12-19,-0.00438475073086092,0.018288619734447176,-0.008945032271384545,-0.0062227568576274095,0.022801359343169958
2023-12-20,0.008274266286117679,0.01642086541121124,0.0026216654758792757,0.003156294975178442,-0.0023885896212750835
2023-12-21,-0.003883298159490937,0.005932015289602521,0.0052379143458374244,-0.0003483878288623732,0.09098167339325469
2023-12-22,0.003324926375642153,-0.0038895554637858876,-0.0032180185590533483,-0.001976249891898596,-0.0014630912693524012
2023-12-27,0.004722898713387325,0.025294043350438056,-0.0005730958886397408,0.0,-0.003069835968746104
2023-12-28,-0.01092652167939682,-0.0175157046292177,0.002065020563667419,0.0015281905310502442,-0.04311004432713539
2023-12-29,0.0013012888285692064,-0.015819235556713496,0.0059431859276410925,-0.0030916134163427866,0.0032180177691847334
2024-01-02,0.010820553928608145,0.0,-0.0011166791890978578,0.0,0.0
2024-01-03,0.0011002742570935253,-0.014927330116984994,-0.0015454528986756921,0.0,0.06024096477831753
2024-01-04,0.008273855048687532,0.031097649615654976,-0.008786204622023064,-0.01625955594066264,0.06363637611557316
2024-01-05,-0.0011510422413811467,-0.0084345515924521,-0.0012785158887330672,0.005818149086091129,0.006410267295756666
2024-01-08,-0.029569128167261944,0.01507933823381924,0.0017953771819319009,-0.0023468880378121337,-0.05520167916870922
2024-01-09,-0.0057968359892021275,-0.03351954441395333,-0.00047052628163146704,0.004922183662047663,-0.020224752812624813
2024-01-10,-0.009143843364820825,0.019311528353493035,0.0008651256948868369,-0.004082073417667198,-0.02446480861549971
2024-01-11,-0.003409485843453741,-0.01018163839952424,-0.0017601046005020216,0.00040519134606609164,-0.00548594414129322
2024-01-12,0.009627350607467056,0.007942715965004066,0.003907190486658552,-0.005974561405329815,-0.019700552266877946
2024-01-15,-0.004530611431790806,0.011368004286101296,0.000592943161743742,0.008495690546351353,0.020900340647264315
2024-01-16,-0.0027537377575000224,0.0,-0.0032727697071506245,-0.005656189847261239,0.0
2024-01-17,-0.017323381264848503,0.0,0.0,-0.0018341182383125876,0.08976380790896399
2024-01-18,-0.0012912821284266445,-0.005236986298566504,-0.006113749991014994,-0.009767140923819695,0.06864160395890595
2024-01-19,-0.0057994131946292144,0.015665142061231707,0.0006421361876616238,0.011348811667258873,-0.04462473624843866
2024-01-22,-0.005874705355257044,-0.0068268132230623335,-0.0006091998707791202,-0.0009476037205013998,-0.058740263056175857
2024-01-23,0.005491723786796188,0.019093686947752708,0.0012090614520767762,0.007078208324607704,-0.00827072246421412
2024-01-24,0.006830104456124142,-0.006370153914415089,-0.0011097587522371777,-0.0032162141396373523,-0.04852156254805884
2024-01-25,0.005088042497276531,0.006159620929878873,-0.00205215722482599,0.021988733224697965,0.04701196363514493
2024-01-26,0.013683669793979836,0.029860061997885268,0.002198116850315124,0.003976657636961756,0.02359204397585213
2024-01-29,0.009299980626602459,0.013587319452086799,-0.003188993491867853,0.011612272533722656,-0.014126363054103419
2024-01-30,0.0029934147775722564,-0.01376423080638911,-0.0003253046819037264,0.0008391054752212579,0.02564103670581619
2024-01-31,-0.004601722991361838,0.005703898203879509,-0.0008343042513787591,0.0050309380429787165,-0.02132352600873144
2024-02-01,0.00918834129640809,-0.013997871650332727,0.0008241081449942289,-0.0030669552769286845,0.07813673396435372
2024-02-02,-0.015587748880371954,-0.03683762293423476,-0.0036408998446917362,-0.0021082103290120946,-0.03275263097802583
2024-02-05,-0.008458356148564605,-0.0174078166494529,0.006546518613900432,0.0034384742584965267,-0.0021613640290952807
2024-02-06,0.023150007567256898,0.008534799134710447,-0.008699545159365218,0.0001547335132228156,-0.012996411568089838
2024-02-07,-0.02370614385216374,0.007693274657721627,-0.0035447479784265212,0.007647268043935007,-0.04462323725477424
2024-02-08,0.0020259766688298098,0.00788907972353603,0.001430711534839757,-0.00256242855397093,-0.0176110634395672
2024-02-09,0.0023140341125555963,0.03055167525459157,0.0017241086979722375,0.006824259558132484,-0.0031176899525243718
2024-02-12,0.004956006086039706,0.006860286742994326,0.00014005430257113538,0.0010805710017032233,0.010946078478523358
2024-02-13,-0.007413726066008357,-0.0023117463896135115,0.0019436726497759071,0.006463278188613142,0.07733951866959421
2024-02-14,0.006163441640189134,0.009390202964224548,-0.0024021357911608865,-0.012024041911316563,0.13783201968635694
2024-02-15,-0.007719561642643924,-0.014135534812098172,-0.005879202295596797,0.004252343771557587,-0.09274449411038432
2024-02-16,-0.0014642243181409904,0.015441202938625942,0.0021679108452647977,0.007209199290413082,-0.02573017264356725
2024-02-19,0.005086141622908251,0.007361822421654063,0.0038892439644739873,0.004739442364287694,0.016416812168366768
2024-02-20,-0.011732917627594616,0.0,0.0010246971826746165,-0.0005413906136351176,0.0
2024-02-21,0.005775687304733786,-0.01353785631109139,-0.0008837131826242572,-0.0005857648880798205,0.082865191302115
2024-02-22,0.01009962199472277,0.00837991829116369,0.003503573049315589,0.0031574348811109765,-0.005188062471480959
2024-02-23,0.0005947744953447113,0.007708050091023377,0.0006708392833341126,0.016763268500951112,-0.05215125050698921
2024-02-26,-0.004194188530774283,-0.024500961721356296,0.0004871754532318473,0.0035445284020347856,-0.054332872347019445
2024-02-27,0.004169090224532231,0.011149179148403743,-0.0005194228009101076,-0.0016992645472407863,-0.0007272893732244157
2024-02-28,-0.003217092224921799,0.013570856211656546,0.002853848012403848,0.004409727861670376,-0.022561824680231046
2024-02-29,-0.0035721016683652094,0.0003586225791949449,-0.0005639159695992602,-0.000403258206379431,0.030528655107632474
2024-03-01,0.010886821894382689,-0.0007169880302932974,-0.0005528021705811792,-0.0012285590795645396,-0.03179194575191846
2024-03-04,-0.005726823630127035,-0.0008371166290960241,-0.0031226566602047257,0.003503618186501134,-0.021641788814083185
2024-03-05,0.0034980652875509777,-0.008976660354343635,0.003491335816306229,0.0036895966581653727,0.02898551673472971
2024-03-06,0.01151220479576992,-0.009178769422935829,0.0011506775155347704,-0.004040386973918841,0.07190513591449865
2024-03-07,-0.004060468291175993,0.011214019486574411,7.599404215485883e-05,0.004582074436231709,0.0027662490835065334
2024-03-08,-0.00023928526714471024,0.0,0.004011016541833223,0.011947939608961011,-0.004137959973565475
2024-03-11,-0.001982103870828219,-0.010607488706960155,0.004642906047294559,-0.0026356596604583116,0.020775637081209553
2024-03-12,0.00961635389198782,0.0015837871651798174,-0.0006565677953876969,-0.006186103967057099,0.032564484624427736
2024-03-13,0.017788213157090265,-0.0035275625685065037,-0.0010603929401840073,0.010705025996533779,-0.09067017675620026
2024-03-14,0.0014791673411686708,0.025756843963790965,-0.0003278122880970846,0.00348161998213925,-0.00650290112685159
2024-03-15,0.0003428877587286124,0.01654170427039081,0.0025197242768419947,-0.0014857741228845311,0.04727269952947433
2024-03-18,0.00541773651133413,-0.0009365702735846249,-0.006562695389562556,-0.0014219761370870554,0.0006944603574132735
2024-03-19,0.015939362466430868,0.018162680082863147,-7.623501546549782e-05,-0.0006538790244481341,-0.005551694972461885
2024-03-20,-0.006181177482948756,0.0056392895294219425,-0.0007937371227215717,0.005049441962579504,-0.03558968817844477
2024-03-21,0.0030142488883028173,-0.016365304991124208,-0.0009777760139780822,-0.001519565687943536,-0.056439924037285816
2024-03-22,0.0022756769531919554,-0.001977872890998267,0.006803066718666706,0.010399355118115183,-0.009202445238506662
2024-03-25,0.010170147363111429,-0.0040801874458124,-0.006843421167792574,-0.004188214104953292,0.010835939821674634
2024-03-26,-0.004777885826481106,0.015451243007244209,-0.005047075233675091,0.002591860571760307,0.009953993613303291
2024-03-27,-0.004768668209081321,-0.0057636887608069065,0.002839613982804634,0.003963021735344574,0.003790765149775055
2024-03-28,0.004534301833838479,-0.0018551149230072728,-0.0005415890093947162,0.0034675027317805363,-0.0347432058987206
2024-04-02,0.033099145182858246,-0.0006859303347697132,-0.00016178799477861716,0.0,0.04919288073705452
2024-04-03,0.006655225087402313,0.017158545314782003,-0.005143150317636236,-0.008148042560238156,0.0703296750897886
2024-04-04,0.005118931878973572,0.004835810998992551,0.0029182757337018472,0.005404601348671267,-0.019164937683158856
2024-04-05,0.0022390632968494564,0.014549558746040026,0.006481340849805228,0.0002978282043695213,0.14096304734949738
2024-04-08,0.003237495840818764,0.005736311465123878,-0.00011922747634585118,-0.011045635804853848,-0.019571846321599473
2024-04-09,-0.0012770957047938032,-0.00866514128982876,-0.0006065486129902542,0.006241548369809058,-0.05240181349224815
2024-04-10,0.0043658856186917045,-0.01062180917953448,0.0030636417249643166,-0.010929321841516293,-0.013824887685854326
2024-04-11,-0.003119531514324573,0.01185422958727389,-0.0004018391107306618,0.0019896563697032743,0.05473969783420429
2024-04-12,0.029595992324052706,-0.008178663414111775,-0.010827671256997462,-0.006828846773484831,-0.05632913497334324
2024-04-15,-0.017598868110612804,0.007911735027567923,-0.0013837832894822988,-0.0023497406201344884,0.16096577083110009
2024-04-16,-0.01849332143173188,-0.003869524443669947,-0.007199109613056143,0.005947559386905166,0.11091855202373435
2024-04-17,0.0025990298849548434,-0.0008879226682525498,-0.002242108544694643,-0.013539977361370248,-0.04316172352906522
2024-04-18,-0.005806038355488578,-0.030326547759867428,-0.00040354405243714364,-0.0005817281357410886,-0.010326116195473745
2024-04-19,-0.000553835799884476,-0.002062095352135196,0.00451316778317401,0.004566411947054094,-0.011532075509642303
2024-04-22,0.006269808824072132,0.0020663563760139336,-0.002363091527059935,-0.0037434860898932776,0.039444393581814285
2024-04-23,0.0017589773690295056,-0.003322269589709159,0.0013216500410460075,0.0038145407063050474,-0.09460174436266822
2024-04-24,8.996086184825947e-05,0.01632181803385424,-0.00039414857141839565,0.014446422882600451,-0.07378990048797274
2024-04-25,0.0044743082480911784,-0.004523880730178509,0.004720570617393394,-0.0036520404354914993,0.017845805872141796
2024-04-26,-0.0006917601136766649,0.011247506599877166,-0.0004172858578515015,-0.010194657663548323,-0.03757046784203688
2024-04-29,-0.0009972943964251524,0.005504975306253712,0.002779056228315868,0.01373561407053936,-0.022121025056567434
2024-04-30,-0.008716423926860617,-0.01229048574436975,-0.002120068399481645,-0.005145002027983292,-0.023952073391426465
2024-05-01,-0.00608435185312826,-0.00610860753627096,0.0008251340439218158,-0.01201938346512077,0.06680296776684846
2024-05-02,-0.005916160745011649,-0.0503072858893715,-0.004586615036051955,0.0,-0.01661337262268492
2024-05-03,-0.0060139690399345636,0.002756420431561768,0.005157048926138108,-0.006220073523670155,-0.04613385460092079
2024-05-06,0.00944345105564707,-0.008485706944071358,0.0010733945474359352,0.006312120175292035,-0.08106270499449886
2024-05-07,0.000658002042227083,0.004460013870121626,0.00233441227800002,0.007209209548663109,0.0
2024-05-08,0.00016208913205752648,-0.00204005958490161,0.0008721746157627219,0.011930727136146846,-0.01927355324634561
2024-05-09,0.00739209538543828,0.005050482809642709,-0.0015803038824503401,0.004399797410155726,-0.017384697671535276
2024-05-10,0.010538702796672128,0.003589320600514867,-0.00033310542298736756,0.0,-0.023846186124361513
2024-05-13,-0.0016353612003883928,-0.012994711177654605,0.003559004264149568,0.009310951591037675,-0.011032261172400193
2024-05-14,-0.009328019183671673,0.006884885717126643,-0.0013678194040684932,-0.0012035439154296501,0.08366535257186958
2024-05-15,-0.0052950171095753435,-0.01175627818807734,0.002148010508616016,0.0002618800178046943,-0.013235316185802093
2024-05-16,-0.011012632210102033,0.0044914148933972164,0.001946593428366894,0.004056828079259223,-0.07228019832446109
2024-05-17,0.0031650486128740516,0.006283947348234564,0.006958517197712899,-0.005577389789236609,-0.0024096171430353364
2024-05-20,0.0017944609443023378,0.008526561096316554,-0.002021339610122852,-0.0016382730778568,-0.034621602458483336
2024-05-21,0.0005197610778497156,-0.0032151019488931842,0.0007068450993499287,0.0,0.01334444123990064
2024-05-22,-0.012357128788064034,-0.009915205353390633,-0.001346704651206121,-0.00338653786837384,-0.023868310366918943
2024-05-23,0.007758513135384708,-0.011824273166208932,-0.0005210343327269884,-0.004323430695661323,0.03625635055846632
2024-05-24,-0.0049277225651048195,-0.006593417649164657,-0.0027604945630765876,0.002473583177185823,0.03905618367782915
2024-05-27,0.005861735840209288,0.009341225793129793,-0.0011568313063549107,-0.0004347191844920051,-0.06577917952048329
2024-05-28,0.0009740667264866257,0.0,0.0032325156678336686,0.004724548412996965,0.0
2024-05-29,-0.003012327625166992,0.025572313734591345,0.0013143355434903636,-0.005702501688504169,0.08298405245544349
2024-05-30,-0.006202283134354909,-0.007361704317211726,-0.0009224489840714556,-0.013348952068969688,0.10526313070017856
2024-05-31,0.012303740794591475,-0.02081337195607913,-0.004612329057552267,0.0038241416267423833,0.01330535977664793
2024-06-03,-0.00931340084526285,-0.002931808721965523,0.0031097347455193436,0.0002990148973318618,-0.10711818674023643
2024-06-04,-0.027904242794270746,-0.03994121571341147,0.0016279400589764847,0.003987045189386196,0.014705849788028802
2024-06-05,-0.0004094196415151963,-0.010719805522489856,0.005006481625289716,-0.010026885261899543,0.003813897181103032
2024-06-06,0.004865114277988525,0.011480999194839026,-0.0023396196060713192,0.016612939698764873,-0.04027353640702469
2024-06-07,0.0011171722653916527,0.01862006142435857,-0.000674161906872528,0.006638590862512617,-0.00395884325271656
2024-06-10,0.008293188277708937,-0.0031300862827464693,0.0018301472109247818,-0.0035074906352610125,-0.028616825028659476
2024-06-11,-0.008786085034202881,0.025244843475243695,-0.010606295366450635,-0.006895256422785545,0.042553149977613725
2024-06-12,-0.004057859629273537,0.0035526267951111468,-0.0013563397936425803,-0.010244262295241557,0.008634270983343129
2024-06-13,-0.015894105615880283,0.008300785160827218,-0.0022233252467021014,0.01396557448371949,-0.06303505023896772
2024-06-14,-0.004819733973641734,0.0018159991361974548,0.0067799586265469,-0.019650719610168732,-0.008305679550378975
2024-06-17,0.0023892437726708757,-0.0015709637875283011,-0.00687287799533598,-0.01952383006407654,0.060301532021133974
2024-06-18,0.011434785970711014,0.019728845306597353,-0.0034140414735827074,0.008530396721315059,0.0071090168777756535
2024-06-19,0.0015933367034051127,0.012819012831509546,0.0035981656628754077,0.007181819091354846,-0.03529410268746169
2024-06-20,0.010031245302502212,0.0,0.0001503895755938789,-0.006107252860691803,0.0
2024-06-21,-0.0030919727864630966,0.004453266673664524,0.0008601434112416317,0.012748013523094848,0.07967475829590032
2024-06-24,0.008541723871658488,-0.0054836218145318805,-0.004196899470109816,-0.008171459627111632,-0.006024090761646117
2024-06-25,0.003821250681801299,0.00903336804033672,-0.0017420859848481518,0.00890106117819145,0.009848493660558288
2024-06-26,-0.004088781365775711,-0.011626554762969366,0.004207219620098845,-0.0030316756852607485,-0.03675917283740937
2024-06-27,0.004649129212920211,0.0028231720707985186,-0.0021526644623542923,-0.004058021536933909,-0.022585666542580096
2024-06-28,0.005462946638281951,0.013372426858046182,-0.0027554909460054677,-0.002713589651012649,-0.024701228279307874
2024-07-01,0.010575426563422549,0.00023155773356031695,0.002655728098447163,-0.001750107688591962,0.01633985400367921
2024-07-02,0.0070140196614120924,0.0021987594486705397,0.002501303028703994,0.0073498299353493834,-0.017684832859754307
2024-07-03,-0.0029869168773674257,-0.004157051001093759,0.00017178606538514885,-0.004799229841273567,-0.015548324869538943
2024-07-04,0.012415220518005773,0.012755084663368388,0.0010534106278563549,0.012121020317741538,0.004987566163634494
2024-07-05,-0.012463690139000358,0.0,0.004176934043238045,0.004365898069588869,0.0
2024-07-08,-0.01552448343801601,-0.00915955410930358,0.0016107649996139894,-0.0016220303202579833,0.03225801362500036
2024-07-09,-0.018831004689579083,-0.00912873708307993,0.0014182900309382962,-0.0019199255995734354,-0.008814075377564845
2024-07-10,0.001260025024783266,-0.012711327555575802,0.00045487934906107697,-0.01332237921552426,0.01131773198205055
2024-07-11,-0.005896257539245109,0.00496099870986999,-0.0014924617474129098,0.011265094924488794,0.02717826909410692
2024-07-12,0.005684055356255528,0.0037611622935744826,0.00171162134456182,0.0034826593223835633,0.00544744690631771
2024-07-15,-0.004578484283727036,-0.00433258477717835,0.0036424246238953017,0.01344220072506297,-0.035603717912586985
2024-07-16,-0.011347332341075675,-0.002116903537103254,0.0011756735673211782,-0.011879817255924463,0.0529694899993165
2024-07-17,0.008185161942249275,-0.013199706980891679,0.0014717265118406875,-0.007079873035955697,0.0053353426398474735
2024-07-18,0.010477857819191175,0.016123234444004098,8.715248765667205e-05,-0.011392896744114034,0.09780136488947022
2024-07-19,-0.010779387762412107,0.0003525949535878592,0.00345714833044819,-0.004362673704868647,0.1001381774018697
2024-07-22,-0.00041296477724038033,-0.02913880083596143,-0.00353208229081603,-0.008804686903135961,0.037037045906157084
2024-07-23,-0.010322910664447515,-0.0027834410647950003,-0.0002180452451537862,0.014542410077574841,-0.09745766136434542
2024-07-24,0.0023748861662063283,-0.01686892431927789,-0.0008603399994553396,0.0039530578246746995,-0.012743097406287318
2024-07-25,-0.00486634629854793,0.008640870630580055,-0.00359155869312322,-0.01117183730922544,0.22554351822499452
2024-07-26,0.0059120341609997795,0.008077391622866914,-0.001029748560296584,-0.010405529315233086,0.023281493771090345
2024-07-29,0.00048118934791324675,-0.015054090710413637,0.0010851384423078425,0.010645860796076434,-0.11213433355830271
2024-07-30,-0.0018053074223014682,-0.01663994231263477,0.00022795394253760648,-0.009688403759640085,0.012812751655983723
2024-07-31,0.016172390507050882,-0.014414659607356772,-0.003159325678096292,0.0053183361169362176,0.06566265828551643
2024-08-01,-0.007854460815247303,0.026580237063334122,-0.00031368354387706354,0.006597798266112287,-0.07518371303299154
2024-08-02,-0.019037950384955076,-0.014866260647787732,0.0007252143928826449,0.0,0.13630803539367387
2024-08-05,-0.028272087253150297,-0.03407946678665952,-0.0033549348611565666,-0.048069491705278855,0.2582032919667483
2024-08-06,0.0013172383715208864,-0.006639689142639238,0.011423649815007764,-0.014465280106710887,0.648995327118046
2024-08-07,0.020987914364472227,0.0023591126864526135,0.0036794715598382766,0.0007918709226897302,-0.2815660019776688
2024-08-08,0.002838268668813112,0.02418930953084719,-0.002261616420014434,0.020291885284295708,0.005052374652567915
2024-08-09,0.005303288151989845,0.010596218711252714,0.00017478447067253988,0.0001457084469163039,-0.1457809483063327
2024-08-12,0.012929925896776662,0.00631632108222524,-0.0011351369276645373,0.0014007099245103571,-0.1437578791374391
2024-08-13,-0.008255392977204365,0.033140839421077706,-0.00017473410383794796,-0.0007272083169320709,0.01669112573546916
2024-08-14,0.00010203700009547845,-0.019562582632458025,0.002055996775592428,0.00493164200288243,-0.12506027811373066
2024-08-15,0.007583613431883703,-0.011525595204326722,0.005553525057191644,0.006960752542121806,-0.10651215318914042
2024-08-16,-0.0001793200306063706,0.01604812869877592,0.0014757817963280129,0.01695784757994767,-0.05929592094835401
2024-08-19,0.006920399292664192,-0.016781843472202906,-0.0036758995319072785,0.006811889892186063,-0.028233707447526624
2024-08-20,-0.01837135834482349,-0.025351363395203164,0.004762838560523397,0.006381574003228918,-0.01013517366699046
2024-08-21,-0.002886764851194379,-0.005923341387783498,0.005576511052951094,-0.002839029702160434,0.08395908040535782
2024-08-22,-0.008146046013296679,-0.014896294584770153,0.0037390286396496997,0.005702367554575094,0.024559215397492062
2024-08-23,0.007990405569566391,0.015384590690272981,0.0024652959222828397,-5.7271060932895246e-05,0.07867232595473528
2024-08-26,0.006752900232437724,0.023309963661081845,-0.00342409723658188,0.0049539806166836176,-0.09629627657273676
2024-08-27,-0.0008401639701568672,0.030498655587083423,0.006365920264025826,-0.0025483283240710364,0.018284991685414864
2024-08-28,-0.005149565770205163,-0.02308728044175723,-0.0020766916139590696,0.0004267870285861175,-0.044582001879948985
2024-08-29,0.0035956848745238856,-0.011313657967974344,0.0011849710056877072,0.0029088876465070967,0.10887882514248881
2024-08-30,-0.008513115622150421,0.01640179136046016,-0.004739286454720659,0.010836538084066705,-0.0853302711712346
2024-09-02,0.0009509412723224623,-0.014260687450992071,-0.004000090438690873,-0.0016692686925795508,-0.041533522963198455
2024-09-03,-0.028573045734416862,0.0,-0.003214000190856159,0.0030435467285960804,0.0
2024-09-04,-0.0077200218708445845,-0.06408633066220626,0.0020474717717107183,-0.012175538817618015,0.38133328755696616
2024-09-05,-0.00035772227606099366,-0.014237329515360164,-0.0016794385642910914,-0.013097115837532813,0.028957548327861904
2024-09-06,-0.015146617175199458,-0.0001374760282735199,0.0028587264145090163,-0.006812922011954159,-0.06660413211162819
2024-09-09,0.007281643495901065,-0.02242405871600306,0.0027667685247454443,-0.016009853340698044,0.12462309496363155
2024-09-10,-0.018941099651568278,0.01097662265825039,-0.002150916950658943,0.008568928454718572,-0.13092039802055044
2024-09-11,0.0013270635067219778,-0.0368874447601647,-0.0044813102943156435,-0.006583427134142061,-0.019023178648836292
2024-09-12,0.010841773789415568,0.020523169805461983,-0.0014988742242775244,0.0034504301774915813,-0.07285112134206173
2024-09-13,0.006616927448457839,0.019260736419710156,-0.0009138923865484871,0.010601270299181564,-0.035048096128643014
2024-09-16,-0.0009996605064539292,-0.0050020925975474695,0.006081768854457881,0.006213057482344464,-0.029876991095463934
2024-09-17,0.004024030386648596,0.015919555647701644,0.0009536418367903643,-0.0033774534569455117,0.03502415111177348
2024-09-18,-0.001017618643972577,0.01305837729542536,0.003706113070797379,0.006866703361368076,0.027421309068831112
2024-09-19,0.011122822383867137,-0.0006783639678898945,-0.0005783979918021487,-0.005241953265720967,0.03520720672322497
2024-09-20,-0.012110126627801051,0.01670055264162995,-0.0007446361121506984,0.02235230130305954,-0.10422378860340853
2024-09-23,0.008583376976408949,-0.005208325373311062,0.004241518250529985,-0.014532535522867263,-0.011022676424785383
2024-09-24,0.0011642511389603112,-0.007920477309848128,-0.00010049842305048795,0.0028799486494521798,-0.01609902670890473
2024-09-25,-0.01573047630309961,0.01718533987609816,-0.004400265316868879,0.011288425426161819,-0.031466330345934046
2024-09-26,-0.029104007564323187,-0.022748425251114313,0.007151230534546471,-0.0048231992682779,0.0012995129072905787
2024-09-27,0.010085041478079667,-0.025319910611661167,-0.005376310297212861,0.023531074279496078,-0.002595714617073419
2024-09-30,0.0035286917960662225,0.005307330878643102,0.004146666853728442,0.006926920858808527,0.10344822451218505
2024-10-01,0.01693376186245869,-0.0029175702149638605,-0.0006589094951865437,-0.013221639565787258,-0.013561294495994303
2024-10-02,0.018498440889318735,0.024940796979962876,-0.0029734512140978664,-0.009259224901820406,0.15122538887453651
2024-10-03,0.008438090407261956,0.0046221313019256804,-0.006527790072830886,0.0018449455302969042,-0.018691620253031727
2024-10-04,0.015010378366805743,0.05033831047216464,-0.001392079970037985,-0.00845406184350772,0.08412699389840173
2024-10-07,0.0055562553510771955,0.005539813063131005,-0.0011698119884905323,0.006829426750025069,-0.06246953152482426
2024-10-08,-0.025347190415010195,0.03689938681370886,-0.005531086014798681,0.0029808675192657397,0.17855286145995874
2024-10-09,-0.0025206869959779796,-0.046336339872226295,0.00010970973519652816,-0.004167237343885799,-0.05388689691892423
2024-10-10,0.007728501405478649,-0.007774014922889982,0.0,0.006783153004394915,-0.026143765823892218
2024-10-11,0.00042678742430897937,0.03682423122743583,-0.002954669543280719,-0.002454552750932648,0.0033556899700895038
2024-10-14,-0.0006786046684127597,-0.004534012637697815,-0.0008638422329961815,0.006756092979683492,-0.022455863060207304
2024-10-15,-0.03334423499568837,-0.01998990147714308,-0.0007756225559412133,0.007412157734151492,-0.037145569674535084
2024-10-16,0.004390655583408565,-0.04144073228005141,-0.001483708503107417,-0.01870255951479216,0.047715664482478326
2024-10-17,0.006050448143733178,-0.00040402396359429105,-0.002296510595518164,-0.007685889401961465,-0.051356564791082526
2024-10-18,-0.004270563805614543,0.003098837560715495,-0.0019877858886587774,0.007861504154266674,-0.024004050826652468
2024-10-21,0.00969394210294964,-0.018670241056084502,-0.0030323382838881585,0.007877067568621277,-0.05651490786039204
2024-10-22,0.00584197381901815,0.016835524199780183,0.003608352223611222,-0.009034770381675994,0.018857467534081795
2024-10-23,-0.007145150814399408,0.023556332998162954,-0.004673224704925039,-0.00038657581871415214,-0.009254222565459602
2024-10-24,0.004980618933150345,-0.0142030749349209,-0.0019003483549562272,-0.003393237862662546,0.05714280025176999
2024-10-25,0.01093463508170578,-0.007737484500247693,-0.0015524310655355977,0.0026206724435200446,-0.008316000484173136
2024-10-28,-0.01761332495383235,0.022452350900874718,0.004048280359946421,0.0015479131862694562,0.06551362709634656
2024-10-29,-0.01534038999219132,-0.060881061104776424,-0.002548029968427179,0.005409619331279147,-0.026069881388808724
2024-10-30,-0.0031695820688099805,-0.004200440073572009,0.0018712969894509879,-0.003986063564012987,-0.023232277888761477
2024-10-31,-0.00501374293479027,0.02010686515678617,0.0003570732687898648,-0.012983789818558411,0.05222338267389759
2024-11-01,0.0013548339106338274,0.00840800254572538,0.0035618565060204777,-0.011895843460574151,0.13808350925148427
2024-11-04,0.0059403165284363695,-0.000820191156159833,0.0024819583506552334,0.010381930347630686,-0.055267732948130144
2024-11-05,0.00690741175451548,0.0270862297984118,-0.0010655995851049926,-0.005258552066782829,0.004570401522182799
2024-11-06,-0.01364731024562684,0.005993566026473607,-4.352012235619984e-05,0.003757131984469142,-0.06778888999770039
2024-11-07,0.0012370534050953157,-0.008076269299752248,0.005554702899202235,-0.014311185113624503,-0.20595409275225196
2024-11-08,-0.014367815136972625,0.009476763238456032,-0.01841790161863377,0.01069236316442046,-0.06576525005492273
2024-11-11,0.003149414236553109,-0.02327111689477679,0.005786161482286278,-0.01014027232471093,-0.017105278430553206
2024-11-12,-0.014302813071919626,-0.02761609367371698,-0.007436133497694897,0.010675116398327189,0.002008078145122605
2024-11-13,-0.00027199838587417996,0.0008352715726620552,-0.004713679148511618,-0.02252558154553652,-0.017368084451840793
2024-11-14,0.023517854309594338,0.005424946348025594,-0.004469625327243376,-0.0009168349691910382,-0.04690683742990798
2024-11-15,0.012206497459374632,0.003873807194599399,-0.0049545500735181935,0.01965891570603695,0.020684732695029018
2024-11-18,0.008812021824153415,-0.020948135256467992,-0.003222246420885977,-0.008002368707602736,0.1278825238553527
2024-11-19,-0.007904452428768824,0.031813092723883996,0.00034766267324415345,-0.0009426821358731186,-0.03469637466662756
2024-11-20,0.002664947278928779,0.0001363507014984222,0.005806019818599184,-0.008162297173382793,0.04942236595213734
2024-11-21,0.011823394069586287,-0.006820352157294374,0.001198629558994746,-0.004529357581029347,0.049541250583724494
2024-11-22,-0.00024191613325458272,0.01950289583785647,-0.005789868023150069,0.0055225621450840645,-0.016899709251596895
2024-11-25,-0.009928842064691523,0.012663273198194158,-0.007286603503216971,0.006991418838309116,-0.0966212796103989
2024-11-26,-0.013188424235468751,-0.028734815555805038,0.0010059984149974888,0.0022530504578082144,-0.041994711237550164
2024-11-27,-0.003719563257816342,-0.0027394133924764086,-0.0033944345196962322,-0.007891855797693137,-0.0342465744476691
2024-11-28,-0.0006163126302571135,0.0002747462317223004,0.004490308188931369,-0.00605636101961371,0.0
2024-11-29,0.0033983178317950244,0.0,0.006791653575785039,0.005387532726857547,0.0
2024-12-02,-0.008873265192269608,0.0015103749496907515,5.281913081822687e-05,0.009614071414975722,-0.041843981320970114
2024-12-03,0.008746384250946463,-0.015217995245383253,-0.0016977970845830637,0.008810689989471987,-0.012583277084667777
2024-12-04,-0.007543038671108078,0.024919961992169393,-0.004158447181446645,0.00655695392240041,-0.002998497855734139
2024-12-05,-0.007511699301687121,-0.01779414750224384,0.0009143989742383951,0.00830381732382568,0.01127816664504766
2024-12-06,-0.005419474236135073,-0.003042473076075747,0.0003154091131798431,0.0066192165237117795,0.006691461253842901
2024-12-09,0.0194620070428632,-0.013455314753550107,0.006795994648919557,0.005291181121556354,-0.056868501200791455
2024-12-10,-0.0029567725718300055,0.014341909500494632,-0.0019018358549437453,0.0015428918338558084,0.1111980479026784
2024-12-11,-0.007375951618034911,0.0006931390654403291,-0.0009710081955754957,-0.006763613954721026,-0.0007046705780979767
2024-12-12,-0.0015777111830620842,0.01842352343372844,-0.002106648858464677,0.0015368058341231894,-0.04231314305760081
2024-12-13,-0.0034659580643707963,-0.0014960961096208703,-0.002479601489141614,0.0012460680085724096,0.02503683022813319
2024-12-16,-0.01620643023366114,0.014711812393187529,-0.0031212470011464655,0.00048744248065646367,-0.00790227414327227
2024-12-17,-0.015051427401478615,-0.007786202420368871,0.003436723753809101,-0.004211074856585562,0.06372187791657047
2024-12-18,0.005465882693288755,-0.009741593627768164,0.0006941552918395821,-0.0008994704346841909,0.0803267759620312
2024-12-19,-0.004514918774991716,0.002732571957519747,-0.0021200121370241742,0.0029740958768291748,0.7403907396600702
2024-12-20,-0.002147079860961946,-0.006949204802724207,-0.013796860409498679,-0.01579087494529674,-0.1278059587033482
2024-12-23,0.0035516753445284563,0.0008233423470040968,0.0014199956440721362,-0.003426975782691133,-0.23785801186974165
2024-12-24,0.00333834305526041,-0.0042501395340275305,0.006572816929756531,-0.0019228859276142485,-0.08605663786390261
2024-12-27,0.013849583786189982,-0.0043490036268137855,-0.00029107357560742564,0.0,0.03223539381334706
2024-12-30,0.007057016122182662,0.012421457905811506,0.0022721812206090153,0.009468445942322434,0.08282418906603617
2024-12-31,0.010428627120743439,0.0029661753557281845,0.000594492107253819,-0.0060422174791631145,0.0909090800379102
2025-01-02,0.02676942903934058,0.003360666783857935,-0.0022269349976842268,0.0,-0.002873519434293592
2025-01-03,0.009347080776297756,0.017282970606592007,-0.005217249054994322,0.0,0.03342938968033171
2025-01-06,0.01032768374001273,0.0076386385977025295,-0.00808116751134591,0.00044573535553782406,-0.10039046925668937
2025-01-07,0.008315461023123952,-0.002744727207022457,0.003617188874099675,0.023645924065299972,-0.005579556721748813
2025-01-08,-0.0053200761840069095,0.009829619528209488,0.007862458055476917,0.005049429437386399,0.11097248614080613
2025-01-09,0.008228141727436208,-0.011550932568433314,-0.003931263264369433,-0.003078659656805427,-0.006733946910202238
2025-01-10,0.006212111317726661,0.009978918990179109,-0.0029809405322528404,0.004307113524441908,0.0
2025-01-13,0.013565924312904487,0.036921529314749124,-0.0016578833712275198,-0.008101059875368355,0.1039548063998117
2025-01-14,-0.013456757547126164,0.01567201562839715,-0.005163311937805948,-0.004631023047398819,-0.017911994118260277
2025-01-15,0.006663716212021442,-0.013455177614390745,0.002032546814788372,0.005300593659393504,-0.025013102460996528
2025-01-16,0.0005319936027636807,0.026401409643318052,0.004050693063236022,0.010408624389620202,-0.13842856076827315
2025-01-17,0.0075103485179422265,-0.00902106393735913,-0.001122253065001133,0.014828203413275398,0.029776644990494594
2025-01-20,-0.009092082721082731,-0.006150817989528323,0.0006490050075860232,0.008100684262815738,-0.03795181325081021
2025-01-21,-0.011069806702362758,0.0,-0.0023843130829300785,0.003135042117021758,0.0
2025-01-22,-0.0034613555355315815,-0.018566654078496336,0.01394279770201634,0.000294324176192573,-0.05698183044435312
2025-01-23,-0.0014686463091552748,-0.0036574714614557857,-0.0014152030165982543,0.0077178525364072215,0.0026560398896751103
2025-01-24,-0.013918627932572,-0.008987330183198194,0.00040599688560072345,0.0022417024182248557,-0.005298008058610915
2025-01-27,-0.007078625639507137,0.0026823231832535654,0.0005624851491667915,0.0003584316602778248,-0.011318247078086707
2025-01-28,0.000572148587367427,-0.01808914864898492,0.00495113811170067,-0.005924071522189989,0.20538714873478559
2025-01-29,0.004199222738264008,0.005319097340104939,-0.0021516145137691067,0.001399216596809305,-0.08324021245093771
2025-01-30,0.011304358912153053,-0.011743399894198592,-0.0015331053400753358,0.006726741018121318,0.009140744663317601
2025-01-31,0.0031944048208080167,0.0037869013919211714,-0.00036486163034166186,0.009855315227448758,-0.04347822080763086
2025-02-03,-0.005874828675025275,-0.0014309952702122875,-0.00268257458552168,0.0008822360876341584,0.03724748402174094
2025-02-04,0.012687265156021255,-0.010422134308151754,-0.014377536010052872,-0.013043626835717581,0.1332927871807601
2025-02-05,-0.004716579272380468,0.0031595295769111242,0.007766210111102678,0.00894605044973562,-0.07572511768043466
2025-02-06,0.0031765574180796508,-0.020866094508778077,0.004398011689169534,0.0012404144731716915,-0.08367220821110855
2025-02-07,0.00449965630945857,-0.004288965181697413,0.0027041830597469563,0.016222313990944537,-0.01712114457363567
2025-02-10,0.01707447656262547,0.004980518804983625,-0.0014540054721770002,-0.005830154621837114,0.06709683325982874
2025-02-11,0.014073981747473041,0.01620679112137169,-0.007135643922794088,0.006177921460747138,-0.04413545680190001
2025-02-12,-0.00040014666536743643,0.014893860715839757,-0.0009786114722859507,0.006085951281406876,0.013282734508116123
2025-02-13,-0.010956199983679268,-0.023636359673041785,0.006156768707821447,0.0027341850757169883,-0.008114863341212808
2025-02-14,0.00701203213627392,-0.0021282742944915833,0.0026084706288276305,0.017546474405441215,-0.04971679954588537
2025-02-17,-0.003953280613835097,-0.0037323219384968187,0.006705875470178757,-0.001290809500272716,-0.021854299031079605
2025-02-18,0.0009026888908308198,0.0,0.0026327820045104477,0.004811260103232851,0.0
2025-02-19,0.004137132825716964,0.014717667989850414,-0.0003669738116622856,0.0025380791485811738,0.03926878170143766
2025-02-20,0.00876123659476441,0.002637191288164642,-0.003531586340879578,-0.013131916341430516,-0.005211721284556381
2025-02-21,-0.013779245599823168,0.005786460232885204,-0.00261560548386075,-2.566056737929312e-05,0.025540234312838583
2025-02-24,-0.0024376662971303067,-0.02680443203160454,0.007633917867490458,0.0025307154591183156,0.1628352019097845
2025-02-25,-0.008330107721907157,0.004702384424103645,-0.002451152351532815,-0.003852220911085502,0.04228448635234905
2025-02-26,0.0017852404618129425,-0.023535733684950655,-0.001286799161344221,-0.0010744630370748132,0.023709208313628327
2025-02-27,-0.0008093122095366723,-0.006710461329719308,0.005998783902478877,0.014701138689569904,-0.016984041097423352
2025-02-28,-0.00199365039020429,0.020819001263536308,-0.0033563824334480463,-0.010027184099668962,0.1062826564792283
2025-03-03,-1.874382150536998e-05,-0.01161535115771728,-0.008929464425346478,-0.001648226686354115,-0.07098911782188544
2025-03-04,-0.03827576122466312,-0.021317266358133913,0.0018017084062638133,0.01412086335821705,0.16046875499488777
2025-03-05,-0.008354191491152019,-0.008098321820887766,0.0068361476632621265,-0.027682451903015437,0.032045633021612785
2025-03-06,0.0012116531729240616,-0.024493212856775415,0.013538875107199866,0.018898124942956285,-0.06720544059225653
2025-03-07,0.01376284999735409,0.002308744959150344,0.015803682242369943,0.005711315654778115,0.1340629499838053
2025-03-10,0.010607867996548892,0.012957119748653989,-0.000647234466842117,-0.009430366720169614,-0.06031362884530711
2025-03-11,-0.010917616352859169,-0.015349656362791397,0.0067335647250317265,-0.014891014655910806,0.1921266414154501
2025-03-12,0.0034621330660602467,0.004041552890161837,-0.001951039928978826,-0.014308588189387073,-0.03374014764767641
2025-03-13,0.007991578834871227,0.019982740633042395,0.006897692458530891,0.009325979856869226,-0.09992572535044164
2025-03-14,0.005253758408455915,-0.015081039335417823,-0.002558252061335975,-0.005789765610565212,0.017746608060236646
2025-03-17,0.014982792707288306,0.010017238196191824,-0.002811636557319863,0.014223815658733319,-0.1171938121464231
2025-03-18,0.009990250979841483,0.006942446175368877,0.002361313594480885,0.007655116513629157,-0.0578778228014456
2025-03-19,0.013155267206484559,-0.0071760537275985525,0.0034831765334208953,0.007246276749417024,0.05802050320710772
2025-03-20,0.0037520789834627477,0.0031179312402955794,0.0018596741869165712,0.004074759865756228,-0.08294935857713559
2025-03-21,-0.0006826103877002517,0.017236525031701033,-0.002520622057834987,-0.010246232114997422,-0.005025144893802347
2025-03-24,-0.00892141543186222,0.0022222730848524552,-0.005059227151979595,-0.004971646449748568,-0.02626255406322109
2025-03-25,0.01231056339979227,0.011640746885545061,-0.001928790453157081,-0.0014823545256195114,-0.09336105188294774
2025-03-26,0.019925564872313117,0.00027392661734793045,-0.0029709464430933696,0.010947625117454507,-0.018878714665219953
2025-03-27,0.002145888209802956,0.010545115144620532,-0.0014886306947903272,-0.01157793782268457,0.06880468404796991
2025-03-28,-0.013218228025011769,0.003252444244366881,-0.004210979976130513,-0.0056562485309895605,0.019639967913255507
2025-03-31,0.004173684612577703,-0.005403235613597901,0.005486903144057864,-0.009232379942310853,0.15837340823392898
2025-04-01,-0.0003216753775555821,0.015075385736212699,0.0021215078090845996,-0.01556997545588501,0.029099357007656312
2025-04-02,-0.008048298150035197,-0.0033449291831086914,-0.0004652105854351385,0.013701280982459041,-0.02289049430718948
2025-04-03,-0.052062834933220004,0.006175313433542051,-0.002116018504694228,-0.0030730616647947073,-0.011943051144452932
2025-04-04,-0.057812627303696594,-0.06417608745088232,0.010439658179454803,-0.03594875576410195,0.395629945993925
2025-04-07,-0.05169010496471845,-0.06501279723801556,0.012380016951382578,-0.04595283974966757,0.5093271379872046
2025-04-08,0.0019044077941069808,-0.020890556699150298,-0.005360440510336351,-0.04548704360290623,0.03685716438600095
2025-04-09,-0.0493028733663358,-0.021647709227028633,-0.00629822288861126,0.025178139845861036,0.11387829589075582
2025-04-10,0.02446223581008189,0.04234326130263466,0.005962451246217304,-0.03173876776145901,-0.35753873962348437
2025-04-11,-0.012918269262095125,-0.03283447488783986,-0.0025847176829951746,0.042573305727581,0.21118389394369697
2025-04-14,0.025568499425962916,0.02258013996258179,0.027919435356977162,-0.006576150241135337,-0.07760313734483593
2025-04-15,0.008286924978004725,0.0018529202166341907,0.007577279343956134,0.025935699090404496,-0.17758258093104407
2025-04-16,0.01704067424359858,-0.0032367307854901384,-0.0003062430815494732,0.012021044433245587,-0.024927114458703215
2025-04-17,0.00684950806223487,0.018246487375693565,-0.004144378660155601,-0.0007907113956453493,0.08366528818726215
2025-04-22,-0.0007625163202805522,-0.025014669969743997,0.0,0.0,0.14064081382610993
2025-04-23,-0.00019962998440548052,0.01780863669080035,0.010177273336324122,0.0052904870564416395,-0.09609698490025054
2025-04-24,0.00757535132703648,-0.01957294850294633,-0.01403016623455533,0.027671352862155052,-0.06934900075395489
2025-04-25,0.007326653967332415,0.006503331629066134,-0.0021068835399171704,0.0031850506884552043,-0.0695958311594923
2025-04-28,5.927605018922015e-06,0.0048084099196110675,0.003934726147248657,0.007652060588351217,-0.06157911609556577
2025-04-29,-0.007383146847010136,-0.015103964329986397,-0.0025294967307852856,0.0031761225612321198,0.01247984959895776
2025-04-30,-0.0049110703926461,-0.02444580314957534,0.005818618549439769,-0.0016614153865215364,-0.038966185172991996
2025-05-01,-0.00041586750152790747,-0.017587565262493943,-0.0017425088679668965,-0.00032540102128619797,0.021928038269446892
2025-05-02,0.00265264909045528,-0.01568437706784309,-0.00565124200256939,0.0,-0.004048598315015806
2025-05-05,4.634411027889159e-05,-0.013520040852195825,-0.002507785777999927,0.02421790570158522,-0.07804878237889012
2025-05-06,0.005458103354724002,-0.017294850015616037,0.002366562932993199,-0.0004049308998307355,0.042328001391321646
2025-05-07,-0.009103804947785399,0.031877834936661076,-0.0008710742701883989,-0.0037232134093355684,0.04737736328892761
2025-05-08,0.007077816239949908,-0.01657284905399803,0.0025974827882915275,-0.0063058229018641,-0.048869183385945925
2025-05-09,0.019491608768277453,0.028141381720572012,-0.0032222829801346053,0.01123286164712467,-0.04543523267467309
2025-05-12,0.022631411196387674,0.017027366203469896,-0.0072507998190278755,0.003932790540105868,-0.025800708875297285
2025-05-13,0.009080865622003312,0.016429341880260795,0.0004828175986058003,0.015560013345167878,-0.16027398584573105
2025-05-14,-0.004511776786541373,0.025708100253722055,-0.011938820247321957,0.004422942507723793,-0.009244158887228515
2025-05-15,-0.009885737594680089,-0.008104471526143464,0.008109462705120363,-0.0023577408600016225,0.021953981391520827
2025-05-16,0.009740870578915225,-0.023604140490765535,-0.00032419902750946417,0.0015990067091411486,-0.0424275445714678
2025-05-19,-0.010124605629119784,0.013637143955670394,0.0009625714399328356,0.0028546708120036346,-0.03309030595134499
2025-05-20,0.005336680239451034,0.001987421589050742,-0.0004587228270362953,-5.52377783941127e-05,0.05220415490016572
2025-05-21,-0.005808380412695306,-0.0024413130893238266,0.004100138468513759,0.005052286704944731,-0.0027562976153725494
2025-05-22,-0.017167880634545957,-0.0071886450145731695,0.004853828028530183,-3.482192434900444e-05,0.1536761007847649
2025-05-23,-0.004229769938706422,-0.007240813344422614,0.003829962183004465,-0.005496415902482288,-0.02827025054444432
2025-05-26,0.0107319520482404,0.005276168916966917,-0.0043547334541853555,-0.018097572897027625,0.09911243396581493
2025-05-27,0.007424446870581081,0.0,0.008063275420608917,0.012958318004767655,0.0
2025-05-28,-0.0026605319577816347,-0.01065147351664919,0.0013780624862818058,0.0037291726170889383,-0.14939442325168273
2025-05-29,-0.001886969289817168,0.012638558812171352,-0.004512133069928481,-0.0068433938559399055,0.018459936622906348
2025-05-30,0.00022318031380523054,-0.011556240098098303,-0.009121845100342862,0.0,-0.0067322198012426115
2025-06-02,0.014548289032983922,-0.0038971160413635575,0.012880357778047635,-0.0021940195242045046,-0.03180399377715093
2025-06-03,0.009048862163393031,0.011424033022024549,-0.0022025434804063826,-0.002055268890931772,-0.01130851308151537
2025-06-04,-0.010449391314688194,0.01547269135845597,0.008819226592268192,0.0037606032792840693,-0.03649237766997637
2025-06-05,-0.0033311778589598475,-0.01173238877480387,-0.006022474969410441,0.005478301609328939,-0.004522324550077617
2025-06-06,0.008661393856067715,0.0074004890999408435,0.003300948975710094,0.0009990291557702147,0.04940368550432428
2025-06-09,0.000622773424230394,0.01729422935637981,0.002783278827282354,0.0036262705077589885,-0.0925324202830431
2025-06-10,0.027650363380988068,0.0085752923778597,-0.004015539686889502,0.0,0.0232557769232431
2025-06-11,-9.257017835837915e-05,-0.0025357721751751994,0.0017713400708556648,-0.0027236788673812296,-0.012237708994171426
2025-06-12,0.01598086980117112,0.04336763537268751,0.0008235503479774309,-0.004104971571672,0.01828905321468688
2025-06-13,0.012348059146725062,-0.00587639461719236,0.0062840581474452595,-0.005994655945118499,0.04403245763636199
2025-06-16,-0.0013457289688120027,0.07021341845050699,0.00789975565342127,-0.013122919941681133,0.15538286159444614
2025-06-17,0.01631259114968342,-0.013471641583949756,-0.0037559350278424386,0.00928076472999284,-0.08213252207192667
2025-06-18,-0.0046125644695889645,0.04397096058583916,-0.0004620169272109287,-0.009530664475381423,0.130298257016767
2025-06-19,0.017905608335336904,0.0032701113143176475,-0.00594800541714724,-0.00411634260489846,-0.06759263731651588
2025-06-20,-0.007607916383072973,0.0,-0.0004476588490744948,-0.013267811491112336,0.0
2025-06-23,-0.00205278773378346,0.004041788791692813,0.0030739436330802228,0.007032919663678916,0.023833240522920462
2025-06-24,-0.04078581776548723,-0.07180883814954742,-0.0010350377251370224,-0.0022317754972490667,-0.03831236097838653
2025-06-25,-0.007598075455862978,-0.060716336925915604,0.008536921477964032,0.014395128838310622,-0.11850733184624906
2025-06-26,0.001860771909347599,0.008042909151569022,0.0011379258177608431,-0.008506600835754607,-0.041189893147009715
2025-06-27,0.005337214826463654,0.0007388157732319822,0.006157340641507414,-0.0015194146288493027,-0.010143202504316884
2025-06-30,-0.007714914944571123,0.0005904810888912593,0.0007249234392081583,0.015562526321552639,-0.01627489181918751
2025-07-01,0.004604888052950322,-0.0023608682402260772,0.003013925168278586,-0.004206048807036233,0.02512254013963844
2025-07-02,0.018014097887471065,-0.007395355649848168,0.005092043354438136,-0.003924027137006125,0.005977309277102272
2025-07-03,0.003072501776595793,0.029801817639851125,0.0015583858686389895,0.006869951491054627,-0.011289396014196651
2025-07-04,0.0007029586209475469,-0.004485567296425685,-0.00044844072685967795,0.004593151456213196,-0.015625014328040088
2025-07-07,-0.01429245844307068,-0.00741282141872579,-0.002436668096811645,-0.010170001729909228,0.0
2025-07-08,0.022462014584069784,0.018890040975735767,0.0007892943572744837,0.00997010289357414,0.08608069761920256
2025-07-09,0.006289489626793154,0.008192004596496272,-0.003755652578407487,0.0056931439299550135,-0.055087206247954934
2025-07-10,0.007797713397748744,0.0005702197385211161,-0.001020078368183408,0.013719357840576984,-0.05175490262933857
2025-07-11,0.012557764193170303,-0.022082960504976934,0.0005631767029690149,-0.001355188626673165,-0.010037631845926431
2025-07-14,-0.00991673061453783,0.02505829306523144,-0.0024225628397964716,-0.010074902287993126,0.03929023422374556
2025-07-15,-0.0028465523942684348,-0.01634453547332282,-0.0017639848026551608,-0.002346044353897736,0.048780558720578515
2025-07-16,-0.004580960082082752,-0.007224389634649997,-0.0013532100753280707,-0.003105686339771263,0.010465022665288926
2025-07-17,-0.00019128637805017798,-0.002765280802473291,-0.005049252023215933,-0.010477832880695037,-0.012658188951534366
2025-07-18,0.00657081679974388,0.014594279757618622,0.002443466592228827,0.014926205344351295,-0.03729600205940298
2025-07-21,-0.00369230111675789,-0.00345221339698476,-0.0017422791502890167,-0.003332605971648528,-0.006658632403358511
2025-07-22,0.0007846680804435661,-0.0010103882225404037,0.0013141727864731667,-0.003032152017961809,0.014625214707483014
2025-07-23,0.004561427411019521,-0.008958282831723507,0.005484812962579078,-0.009825977299543265,-0.00900898630432001
2025-07-24,-0.000995864574391862,-0.0011662663060381107,0.003815255517533478,0.01016354276544984,-0.06848485542066174
2025-07-25,0.0028287122313868465,0.009779567188058724,0.002990702834968051,0.002048967640454702,0.0013012659669868754
2025-07-28,0.017018729708400755,-0.01069670223337893,-0.0015400473566333783,-0.0005676798161833307,-0.02988954047337322
2025-07-29,0.005563785959560623,0.023378118308673423,5.871164147408514e-05,-0.002724148325041087,0.0066978851809362805
2025-07-30,-0.007255632732787898,0.03526557950337694,-0.013614622984389979,0.007797563048856482,0.0632069079270261
2025-07-31,-0.0017635095154511042,0.010067517666977333,-0.003950425906899313,0.002598895739357676,-0.03128911228554565
2025-08-01,-0.015816606877404882,-0.009694143981179404,-0.010526402697315196,-0.013583869167812068,0.0801033467562382
2025-08-04,0.00042896532852780095,-0.03943196826811379,-0.0004912575965008159,0.0,0.21889952139464608
2025-08-05,0.008848991608142268,-0.013061519400476507,0.014263281535664252,-0.014586704084993074,-0.14033360258957683
2025-08-06,0.015529318164172948,-0.016288579287170868,-0.00022017339786817303,0.0013867943534584537,0.0188356115915409
2025-08-07,-0.012417537174725232,-0.011088113642336639,-0.00042840360126583654,0.002609764899787592,-0.06050419611347535
2025-08-08,-5.242596507115671e-05,-0.00687694855239962,0.007254479395229829,0.013067831080139536,-0.01192610360644697
2025-08-11,-0.005616645358804517,0.0024084906214034696,0.0011559956311337771,0.002938898152659908,-0.08569704903117736
2025-08-12,0.010006307665326397,0.0006007045761704521,-0.0024576614146443188,-0.002971374079954181,0.07260728773380909
2025-08-13,-0.0054257474826510665,-0.0076541276881079146,-0.0025329006384293695,0.000772736875950697,-0.09353848970853362
2025-08-14,-0.004797016696833467,-0.007410851070924873,0.005044498085522431,0.009797615625892542,-0.01629326399026665
2025-08-15,0.007320074956777556,0.018436677359599418,0.0030687789312298097,0.008620645907762237,0.023464469148273492
2025-08-18,-0.004758310789502711,-0.014811458976821013,-0.0052547013700186,0.002559417717420187,0.017532045193487944
2025-08-19,0.00789251481532982,0.011389521904009658,0.004741219356902748,-0.002563906558376239,-0.006626930447881874
2025-08-20,0.006547421744502661,-0.012162125783058308,-0.003267246064411977,0.008949929933514733,0.038692457142231795
2025-08-21,0.006506347334359212,0.015959802519404764,-0.002212071132819071,-0.0019987965901666627,0.007707121895382807
2025-08-22,0.0058069632300480345,0.012417742018698608,0.0007923034548853458,-0.0018565559570891121,0.05799877791100583
2025-08-25,-0.001638290946061512,0.0008867325197567943,-0.003321295517033751,0.0047728048012141144,-0.1433734975751969
2025-08-26,-0.004790821028188785,0.015798016267404735,0.008313816789309092,-0.008066356491764348,0.040084365971908564
2025-08-27,0.002847699921320168,-0.022965141874573214,-0.007784397121532227,-0.011072782604718001,-0.011494258061691465
2025-08-28,-0.003807105353680007,0.012347542635852582,0.0018041788739109332,0.0017440947699196574,0.015731908188168164
2025-08-29,0.007185178920556219,0.00837618911479976,0.0007338296814596301,0.0006786777047764758,-0.028282832693932725
2025-09-01,0.0019576903412280764,-0.007286505100364549,0.0028852694977008486,-0.008338382717471338,0.06444901814505788
2025-09-02,0.0009090957648395515,0.0,0.0008769080505832694,0.002868249652405952,0.0
2025-09-03,-0.014611508597471623,0.014973526158843065,0.0020620331010148263,-0.014167859982641584,0.11783857161935951
2025-09-04,0.0021641434152198844,-0.022273661109663112,-0.006818667442679227,0.006420236156163828,-0.047757698962177964
2025-09-05,-0.018321424522285485,-0.009023677871606517,0.0020988615312806935,0.004075146575802213,-0.06422019365362708
2025-09-08,0.005918137448265415,-0.022242094510878774,-0.00030312345978267263,-0.005341613590863714,-0.007843129677328364
2025-09-09,0.01318610002440923,0.007938880046815422,0.00482587972341042,0.008397686614722621,-0.0046113733261696765
2025-09-10,-0.00035429417132589364,0.005604404201691171,0.004778174989349404,0.0011206374194383528,-0.004632673488730754
2025-09-11,-0.004259052522530893,0.01656873752423338,-0.00564072504420543,-0.001368943197133543,0.02061173007998507
2025-09-12,-0.002072756501610503,-0.016594979295276313,5.857199639236477e-05,0.004718818472115194,-0.04169383240506963
2025-09-15,0.0012782189815128686,0.009341496030289553,0.0026755139493517266,0.0007314107325846475,0.003399061224010902
2025-09-16,0.004298735677033742,0.006717489057871617,-0.0007035886474966446,0.009217698923948081,0.0630080851680257
2025-09-17,-0.007150087436019192,0.015272816459218852,0.0031762058226916245,-0.012515595355530151,0.04270242497685861
2025-09-18,0.0051902548246416935,-0.0075946292272549565,0.009152790526439691,-0.00048579907949941603,-0.03911982392701152
2025-09-19,-0.008066426186269793,-0.007505438259613251,-0.003796270085562381,0.016196384043641876,-0.0012722937292578562
2025-09-22,0.0015635567359326141,-0.011269307661884831,-0.0029830694629607857,0.0003207084219964962,-0.01592356707243181
2025-09-23,0.01954245378870471,-0.001649679211879418,-0.004589194686919318,-0.0029990578632280718,0.04207123496628107
2025-09-24,0.02016473360977152,0.015923051877017924,0.005463925860591745,0.005575166181889024,0.0335403102723042
2025-09-25,0.00544516098099727,0.024841052393963725,0.001134202821486019,-0.001430833315859803,-0.02764417676354103
2025-09-26,0.011335051419174569,0.0015870814345155804,-0.005907559229970993,-0.003599543543137851,0.03461059674784095
2025-09-29,-0.020363569466861575,0.010227587196772303,-0.0069743194983751255,0.010066329570936006,-0.08661886673181729
2025-09-30,-0.02103003959375725,-0.030799887598877196,0.003898836318379839,0.0013000531101392543,0.05428390316881204
2025-10-01,0.010864706601572868,-0.013976821547376339,0.001982573876127436,0.004196566616383013,0.00992554833016479
2025-10-02,-0.008587931403263952,-0.024917908871875283,0.0003755697563918581,0.009267698204330488,0.0006142646474234237
2025-10-03,0.004232542985177649,-0.01897471909292514,-0.0001525687209337212,0.01157456861655115,0.020871591536571144
2025-10-06,0.014857635328802762,0.006551211432643367,-0.0007620456756015637,0.001045005461133064,0.001202673407877164
2025-10-07,-0.0047123980949182465,0.014566906232575727,-0.0010776005590223958,-0.004067750513145008,-0.016816743886603813
2025-10-08,-0.000549193824541531,-0.0003055486801275542,-0.00018737642672239652,-0.002682687552390428,0.05314593080531016
2025-10-09,-0.0022183839728729393,0.012223118243847253,-0.0047551225397653996,0.006432544868985923,-0.0545243936506532
2025-10-10,-0.023642003413807955,-0.015547151385613245,-0.0019424973329146278,-0.0042780667321369314,0.007975526024544655
2025-10-13,0.0006505500767642521,-0.038178497881971585,-0.005632840619910651,-0.01675215150019349,0.3183201123002275
2025-10-14,-0.00685803469442033,0.009405390672618141,0.0031094642734201816,0.00666569975326059,-0.12142193810222157
2025-10-15,0.007072716958356299,-0.01468730748038527,-0.0030652003132498606,-0.002898632569756421,0.09353645376092956
2025-10-16,-0.0028515751588977603,-0.007693533369643957,0.0030629787385783036,0.009542418085662696,-0.008169153323245748
2025-10-17,-0.0002420128190133893,-0.013729582881861768,0.0037966881314348555,0.008381753937002578,0.22625970030968534
2025-10-20,-6.0562195727957104e-05,0.003766779185447877,0.004574577684245407,-0.007894471304282336,-0.1789805956097521
2025-10-21,0.0055713862655651925,-0.004568487352122119,-0.003602179138539885,0.013114842604037724,-0.12271419923715232
2025-10-22,0.015564911717613575,0.005081156889355398,-0.0011179075454055276,0.0010385451257439726,-0.01974759802757342
2025-10-23,0.03260907567297041,0.02071103170391675,-0.0037817161497502028,-0.00837375418876607,0.04085056004214738
2025-10-24,0.001956740751415128,0.05432173994077005,0.0006965288242495316,0.005163864688354058,-0.06989253321222011
2025-10-27,0.0010845929876353022,-0.0007576212150588457,0.0008249220313640837,0.001088490223745131,-0.05375713519309755
2025-10-28,-0.0032595180216635766,-0.004852891764882239,0.0011747476354984077,0.006442868727420947,-0.03543071763260408
2025-10-29,0.01053160905556838,-0.018591910540062706,0.001724439736437322,-0.0011749063866703935,0.03989867738840602
2025-10-30,0.0022076573149411582,0.008074481843877823,0.0005246466257384785,0.00025593817218538817,0.03045066977325206
2025-10-31,-0.004565802278131877,0.0012323141298693496,-0.004676089129250882,-0.0011619529469815149,-0.0005910300730935791
2025-11-03,0.0035674671769479103,0.0010769183819110406,-0.0026617087187809085,-0.006516750755938161,0.03134244183488977
2025-11-04,-0.0004681316873434427,-0.002766256431842251,-0.003838812718454432,0.0030395335989799044,-0.01548167714997506
2025-11-05,0.009561285119935778,-0.0069347657955745046,-0.0007718380054315688,-0.003354281760355682,0.10658124144289749
2025-11-06,-0.0016147204543656701,-0.014276876920964021,-0.0029173258419082915,0.0015776275028920317,-0.05210525111148234
2025-11-07,0.003507619208232412,-0.002204020602007528,0.0009772937991558983,-0.010221975546360285,0.08273180189796547
2025-11-10,0.00298431806659775,0.003944461908912178,0.004561919954874316,-0.007957397414846579,-0.0215384654509716
2025-11-11,0.02415009491542941,0.006757763370429659,-0.0004617997950285835,0.01759267974140566,-0.07756811049026757
2025-11-12,-0.009049949158513057,0.017171497743337927,0.0011557557451913336,0.010811310309776445,-0.018181800448205276
2025-11-13,0.0016932936616630239,-0.037599822589657106,0.0026187998451556727,0.010760232142732251,0.013310158165333874
2025-11-14,0.0024023789642327134,0.004783913912300264,0.0004056464170609786,-0.007692696448005409,0.1422044396670561
2025-11-17,0.0029813137727502195,0.02190130304516491,0.0034314281509766342,-0.008535924036542464,-0.008500003814697288
2025-11-18,-0.014721475169972761,-0.0029508066968050306,-0.0014287326216213536,-0.009278576047816789,0.12859300286794828
2025-11-19,-0.012474022308893514,0.010747702090430522,-0.002132669270616838,-0.018831964454893213,0.10321722340993555
2025-11-20,0.007641489775433515,-0.02126677579126901,-0.0008106653194661639,0.0013261478563109108,-0.041717321359500015
2025-11-21,-0.015026497351316226,-0.00204687855225294,-0.0034967590310897023,0.005028846396134323,0.11665258861714323
2025-11-24,-0.0054195699251905665,-0.01293783024621531,-0.0005306256310669832,-0.009843961653678956,-0.11317183052550484
2025-11-25,-0.003378744851215513,0.0129475310232261,-0.0023360129840279686,0.0024623493922568684,-0.12419973578785137
2025-11-26,0.00843848681176107,-0.014044491157481076,0.0010828438194874224,0.008182842349839126,-0.09551661540434953
2025-11-27,-0.0030777832545860564,0.010403353563399165,0.0038857634592328605,0.014652177660851473,-0.07381459974709137
2025-11-28,0.011046424240403807,0.0,0.0032254476698920787,-0.00042615544589708065,0.0
2025-12-01,0.0044996160462592765,0.0011088182106744338,-0.00019717279488074002,0.0026533785835725077,-0.04886562690464402
2025-12-02,-0.0022512599224834653,-0.0004747245827840807,0.00013914779273482836,-0.00012172207533645008,0.05443421216412436
2025-12-03,0.010389427923601313,-0.011397774685385609,0.0005340106853513049,0.0032977516410572782,-0.03770299461483784
2025-12-04,0.00022759483953575335,0.003522776674430572,0.0017441337417734015,0.0014755339418319746,-0.03074142400187263
2025-12-05,-0.011122120430499483,0.009414395561291977,0.003348405480923855,0.00413026103671621,-0.01865672836805088
2025-12-08,-0.0025108077879029875,0.007745837677330503,-0.002060723075929638,0.001023087745593232,-0.023447394918898135
2025-12-09,-0.0022639498106833042,-0.01976467955346206,-0.00022115992647664395,0.00028995251824914803,0.08111615914194314
2025-12-10,-0.008224288410065598,-0.008801456824849674,0.00010466455726287904,-0.0012697415863949235,0.016206510218282677
2025-12-11,-0.0036677124008313577,0.0043590646391657994,-0.0011278422618286044,-0.0017836895005507447,-0.06851741444195236
2025-12-12,-0.0036349297917740997,-0.014949370179429988,0.006271748856121917,0.008030637549474973,-0.05833862077290075
2025-12-15,-0.0022084126203282075,-0.002610963619440576,0.003263644397137,-0.005778629018228787,0.059932617291983625
2025-12-16,-0.024070054718193068,-0.009162263880564514,-0.00015262371126645302,0.005560508889798088,0.04828464040237068
2025-12-17,0.010551555635660348,-0.027080633539565913,0.0014458302179327642,-0.006030390383426565,-0.0012121489553740261
2025-12-18,-0.000272267746531607,0.012898882550051338,-0.00043476576500012243,-0.006324104731328051,0.06917483790429602
2025-12-19,0.009244923929665286,0.002345834264955604,-0.0006105804521927549,0.010567322616074515,-0.04256526471497213
2025-12-22,0.0049048967686550204,0.010865956689985579,-0.0014187562314870172,0.003246443454226089,-0.11618262562637516
2025-12-23,-0.001265152654712202,0.026459375588259393,-0.001498647547091836,-0.0028922124467363197,-0.05566733281020897
2025-12-24,-0.0014477554162882211,0.0049943833545220695,0.00494162732000869,0.000973214746447626,-0.005681812794001595
2025-12-29,0.00550397661077473,-0.025706976954853022,-0.000860452476322382,0.0,0.0096510847708835
2025-12-30,0.008363237579687155,0.021437982357276564,-0.0010712826260231845,0.00042269221051371986,0.044117603747491074
2025-12-31,0.0007284957884201951,-0.00032290051997263536,1.1847274655973905e-05,0.007738612379368792,0.009154937759653814
2026-01-02,0.01528233167381606,-0.017280357339559127,-0.0021732909698711778,0.0,0.04326586802930965
2026-01-05,0.0022949956646049117,-0.0016433603390084706,0.0002702361791140362,0.0,-0.02943141043457509
2026-01-06,-0.006515560670637836,0.016625486774209053,-0.0038976338251188736,0.02199187088096788,0.02687797267378067
2026-01-07,-0.03209674862520765,-0.017163173371139373,0.0008786396657685103,0.0013674074329297348,-0.010067088749702191
2026-01-08,-0.005408902997698861,-0.012191131287738077,-0.002279181057825763,-0.0013857899200102608,0.042711872165486
2026-01-09,0.024422795848472584,0.033855947714979795,-0.0009809465062883271,-0.003249729567007975,0.004551345533378326
2026-01-12,0.004691338174030224,0.02177768087704446,-0.0016203858257893833,0.01577665055387234,-0.062135925566243366
2026-01-13,0.01984064002748272,0.008367520966531261,-0.0029292407268148857,0.003139588721449149,0.04347826945426525
2026-01-14,0.01593227843518996,0.02505092086387406,0.0037218942678869382,0.002248936036558291,0.056878284602278395
2026-01-15,-0.017564806865865368,0.016037809726376695,-0.002095745455871878,-0.004109613889021202,0.04818526156577807
2026-01-16,0.008525679904844837,-0.04149125767914308,0.00032611611576771615,0.006009997119936994,-0.054328349099230455
2026-01-19,-0.010507445062272783,0.0058029946929878395,-0.003204108235253189,-0.0019350554931174546,0.0012625949429734273
2026-01-20,0.003014533813804454,0.0,0.00137179408979482,-0.017187366631590373,0.0
2026-01-21,0.013529832721779064,0.012318742388301551,0.001222043210717727,-0.00569368409681581,0.2667087381764075
2026-01-22,-0.02021578419142746,0.004929138999533844,0.0076230962743524255,-0.0015614511667376707,-0.1587854907829206
2026-01-23,0.014779986983629664,-0.018087068421427488,-0.004680807074818771,0.012458190634934585,-0.07455617181351726
2026-01-26,0.003312552953951627,0.028410861133104426,0.006993976815965031,-0.0013380623231096234,0.02877236568970143
2026-01-27,0.006615056576325051,-0.0044019570069471214,0.008834557986110658,0.001613867902859889,0.0037289910113973423
2026-01-28,0.010495578243080006,0.030187581452718604,0.001520166432187775,0.006175104949574628,0.012383948462139527
2026-01-29,0.017143668774010707,0.012283584946031434,0.011885512757212613,-0.010240842165624597,0.0
2026-01-30,0.002336313242773095,0.03377189337809838,-0.0033178823522642675,-0.006952403195932821,0.032415826723621866
2026-02-02,-0.007792769095627834,-0.00028279795397134766,-0.001005107546706574,0.00948070866683337,0.03317543845574367
2026-02-03,0.005551635035515627,-0.06210212530813297,-0.009740094775813501,0.01003725849398851,-0.06307341443720693
2026-02-04,0.015801018832949376,0.015535425820309534,-0.004259234201038908,-0.0020240779363068784,0.10159117698350828
2026-02-05,-0.011804960660408073,0.03163518781363739,0.0014769417545619223,-0.004149863211862503,0.03555552164713549
2026-02-06,0.02045563864941143,-0.027497783730057845,-0.0012272882317434508,-0.007498575140688746,0.1679185177362963
2026-02-09,0.0029336498921983165,0.007401924165967744,-0.002014054237948315,0.01226854289536261,-0.06430866279706493
2026-02-10,-0.011131788892987124,0.014548094333170836,0.004068019076531648,0.010104338534942858,-0.1477663281723809
2026-02-11,0.029666794168186256,-0.003476214666670918,0.0066187273725237805,-0.001972221120857931,0.02476960196184419
2026-02-12,-0.013000599732700199,0.008720907667252753,-0.0012127167217913515,-0.001888508095561403,-0.007869662158076385
2026-02-13,0.0034408641639943247,-0.02708940693771389,-0.001140094572403827,-0.00403438526894806,0.17960340763780214
2026-02-16,0.0012119504740149,0.0034064479912443435,-0.0006410125790436982,-0.0043351856963158575,-0.010566729902939609
2026-02-17,-0.003262073280291563,0.0,-8.296523786666121e-05,-0.0010609613460087486,0.0
2026-02-18,0.022362297764066952,-0.004870875735124569,-0.001481343678262692,0.007187000857347359,-0.015048517485525714
2026-02-19,0.020520628142073782,0.04345891997554796,0.00016598922941168937,0.013537371108420349,-0.03302119497595557
2026-02-20,-0.009245012813295261,0.018621253964492768,-0.005316708197320219,-0.00716817088919397,0.031090656315525544
2026-02-23,0.010802346890459372,0.0013954572845489288,-0.001671319050741693,0.01183076496873281,-0.056351923650237334
2026-02-24,0.004322354635326986,-0.0037626012322067304,0.005574177676609615,-0.0028362840163947967,0.10057622110776498
2026-02-25,0.005694324683284309,-0.010071356024868638,-0.0034555842194651243,0.00043837273230562523,-0.06949076515545527
2026-02-26,0.007780847928675894,0.00113044842234733,-0.0015779217504044984,0.009273080740431983,-0.082864398726613
2026-02-27,0.007709379762356435,-0.0014114110977380134,0.003391044669744714,-0.0019049338054485387,0.03904064939635021
2026-03-02,0.040885565693144645,0.024452344267612558,-0.0010269109594140957,-0.003757149508177182,0.06602262506673928
2026-03-03,0.00246475348233662,0.0725716647794934,-0.0036924180141600926,-0.024677396363701143,0.07955689200142912
2026-03-04,-0.01976851803018261,0.04708005869157739,-0.005287220155504424,-0.03594499835375442,0.09934697330735043
2026-03-05,0.012983536840185994,0.0,-0.0072692826463698346,0.017185478485983285,-0.10267289383229639
2026-03-06,0.01882872639459913,0.049262924583061585,0.0020129234448502675,-0.014994206415293032,0.12293146233401209
2026-03-09,0.019906998083673244,0.08523590290544059,-0.00236797414602119,-0.010892517908137389,0.24168420088918596
2026-03-10,-0.014195927346263681,0.06764479963230086,-0.007305738373026283,-0.006066488509183787,-0.1353000950181722
2026-03-11,0.02677939182406308,-0.11277279846363608,0.00815525017506502,0.026730760807297527,-0.022352929208792838
2026-03-12,0.02387484545970135,0.04760820227661822,-0.0005109159412443054,-0.007279168957291859,-0.028078650395929716
2026-03-13,0.021304424140993466,0.09219390539302297,-0.005863906768851401,-0.00790208219840649,0.12628978254650813
2026-03-16,0.012704988644247628,0.02667728777224343,-0.0018665417486131153,-0.005615044412020098,-0.0036643597696923713
2026-03-17,0.026708371489358673,-0.028407992267933335,-0.007512824009417773,0.003918389199100147,-0.13534388499059757
2026-03-18,0.004271138599576378,0.03203272242091093,0.00563473694240324,0.005269242536600993,-0.048489977820074914
2026-03-19,0.042217865687346756,0.03829045788613983,0.0034733794480970026,-0.005615964353035463,0.12159138181989015
2026-03-20,-0.018033550642684266,0.011827195985707695,-0.00650029715850764,-0.021443826740654925,-0.041052239154301895
2026-03-23,-0.03835106085084992,0.032581692276222984,0.009863996366470618,-0.0200487530620701,0.11305075981208423
2026-03-24,0.02716486030166713,-0.10918976498282762,-0.0015027864100332078,0.013276917720051129,-0.023525057952272554
2026-03-25,0.006342307810819643,0.04552726947381158,0.004062547306670217,0.0012504153086922987,0.03059277843515873
2026-03-26,0.021389071889322264,-0.021724535261508526,0.0006504217008531654,0.012190737013539676,-0.06011134669284157
2026-03-27,0.0025581708577346505,0.05664254398731772,-0.004578320252100587,-0.014762795090817238,0.08330045861456314
2026-03-30,0.027074505971176555,0.042218289680638454,-0.0022839647342894898,-0.01080329238684885,0.13155971693667867
