Date,Cible,Brent,EUR_USD,EuroStoxx,VIX,Residus_ARIMA
2015-01-07,0.0096994151588564,-0.0378460198292429,-0.0006208717070699,0.0,0.0602410019248709,0.009239282725981549
2015-01-08,0.0268368091932775,0.0009785333317209,-0.0053320102740123,0.0012074024405341,-0.0857008191935618,0.025951314912030652
2015-01-09,-0.0215580471285071,-0.0037146126244027,-0.00331406935574,0.0357771889245548,-0.1191092335925292,-0.023056517421475946
2015-01-12,-0.0087697870509329,-0.0166797191795885,-0.0033737355038501,-0.0294028137987404,0.0317459730107367,-0.007694073470086353
2015-01-13,0.011007534501379,-0.0534823442932098,0.0063270697283346,0.0135660161759114,0.1168091870955849,0.010252166334038668
2015-01-14,-0.0261997963466411,-0.0177103130335891,-0.003300907382986,0.0161080666116721,0.0489795441728797,-0.027018524578780415
2015-01-15,0.0314538699509193,0.0450740173265367,-0.0044993459948303,-0.0141008800750933,0.0447470865851882,0.03242685953297156
2015-01-16,0.0281818380292451,-0.020948870128005,0.0006482569125643,0.0219085492167385,0.0423649844881406,0.025571180270255067
2015-01-19,-0.0001013149489594,0.0004195606992218,-0.0126033365676293,0.0142143693736431,-0.0643143665012665,-0.0008488127079775976
2015-01-20,0.00108748654509,0.0,-0.0061300077513734,0.0058271435514767,0.0,0.0007909168573650702
2015-01-21,0.025983116325283,0.0062906911385356,0.002760376690102,0.0074575492128057,-0.0505967224195121,0.02541531495364796
2015-01-22,0.0148271393622813,0.0216711203262309,-0.0043993877736242,0.0076458153640395,-0.0522875334385364,0.013209950793734434
2015-01-23,0.0061091496044055,-0.0104017608450064,0.0059237401689544,0.0161847988032985,-0.1299735126450129,0.005520359509572531
2015-01-26,0.0076858543055636,0.0055647249632386,-0.023124580111494,0.018027823648264,0.0158536728615568,0.007019598940563424
2015-01-27,-0.0039488806287841,-0.0129125037157918,-0.0195029805617366,0.0093804910528205,-0.0684273349393529,-0.0046528586048097224
2015-01-28,-0.0136933698723928,0.0299003038054694,0.0109890981220448,-0.0122133951562439,0.1095360055057483,-0.013828522440063714
2015-01-29,-0.0213704594638021,-0.0227822033907429,0.010639768137864,-0.0040384859282784,0.1869919482636646,-0.021315408866260082
2015-01-30,-0.0040057126063598,0.0136166666141985,-0.0075584771296683,0.0038315780292623,-0.0821917936047273,-0.003677857939798058
2015-02-02,0.0285770065065737,0.0785670776802944,0.0047949105074023,-0.006047201740987,0.1178037877137265,0.02795269117602169
2015-02-03,0.0404073701318112,0.0332137811999428,-0.0023409517325408,0.0055707893747281,-0.0734382002195861,0.03869431347032121
2015-02-04,-0.0149528472857521,0.0577168921901756,0.0028921564131989,0.0130766719228836,-0.1080803061495746,-0.016707029091104688
2015-02-05,0.0100852727846137,-0.0647556554978575,0.010197043765431,0.0003954383434037,0.0577034047549001,0.010971711080816295
2015-02-06,0.0007925039052365,0.0444977816507003,-0.0120998057879881,-0.001923586764871,-0.080741928444978,-0.0007652112046346199
2015-02-09,0.0100151915281549,0.0217429653327161,0.0135370184246137,-0.0031681360156412,0.0261127907475595,0.010062518197999247
2015-02-10,-0.0165195319857444,0.0093425765165253,-0.013735707342063,-0.014834473189369,0.072874392991018,-0.017673941811308807
2015-02-11,-0.0108946575894093,-0.0327391128285313,0.0011100808001009,0.0105682571316556,-0.0711590161247568,-0.01021994397376633
2015-02-12,0.009540651773897,-0.0313663024666212,-0.0004416034668187,-0.00265729976258,-0.0156703694101565,0.009077151390169274
2015-02-13,0.0226686875510122,0.043724833448963,-0.0008823336482569,0.012883346935131,-0.0955188101022905,0.021780245479753393
2015-02-16,-0.005622722363658,0.005959687241626,0.0081309612093207,0.0087722061693473,-0.0423729182359189,-0.006930147240944694
2015-02-17,0.0009374670341062,0.0,-0.0003419288739856,-0.0041449356501784,0.0,0.0011692128753759674
2015-02-18,0.0076226355315968,0.0895626318925444,-0.0057917738762315,0.001497070604091,0.0755616502422391,0.006810099619238526
2015-02-19,-0.0165283246443754,-0.0319846479936631,0.0062384441848408,0.0079571282000305,-0.0221519226104166,-0.017159580605359194
2015-02-20,0.0026749188077727,-0.0052866297914691,-0.0004103701777322,0.0064285385720415,-0.0103559773066249,0.003100671991524818
2015-02-23,-0.0002097630867823,0.0001661208500673,-0.0029213495365388,0.0007023781326693,-0.0647481866310079,-0.0011970375697619145
2015-02-24,0.0132746916152687,-0.0219196225185464,0.0012975205632153,0.0083225322757005,0.0181818339450299,0.013097553034128595
2015-02-25,-0.0007357711858926,-0.0040747312775764,-0.0042612286947729,0.0078191201564905,-0.0597528031703382,-0.0019375033015250906
2015-02-26,0.0001836654774003,0.0506307744362217,0.0005329870828207,-0.0014998359823255,0.0109569449819069,0.00013365818242764592
2015-02-27,0.0052489403479301,-0.0256368944291989,0.0021704473487005,0.0093624990358189,0.0050577813621721,0.004606398936335991
2015-03-02,-0.0098860305063733,0.0421316007683263,-0.0139282323258231,0.0067301993846322,-0.0409776923851127,-0.010485937314427927
2015-03-03,-0.0055793074397985,-0.048577833598253,-0.0038731930613384,-0.0021978083104682,-0.0224887696629197,-0.0054829756219413675
2015-03-04,0.001160349223308,0.0248572307604779,0.0015315062556262,-0.011690038245019,0.0628834123637294,0.0007208975671761628
2015-03-05,0.0039837694965226,-0.0077024126053301,0.0002794937037138,0.0096728004895043,0.0266955190998745,0.0034806273607824348
2015-03-06,-0.0060704194772588,-0.0011560643386659,-0.0089543054736462,0.0097029725905228,-0.0133520440263795,-0.006676875842232796
2015-03-09,-0.0008020003264321,-0.0124007937446533,-0.0045120111252887,-0.0001630208739592,0.0826210719774824,-0.0008831956838463559
2015-03-10,-0.0339487968582597,-0.0200904197578456,-0.0168655766643005,-0.0020289824948042,-0.0092104862766577,-0.0345298054423825
2015-03-11,0.0007172691655762,-0.0365624369431115,-0.0011591210771538,-0.0119187511627055,0.1082337363229903,0.0019438386514297082
2015-03-12,0.0009699440608773,0.0203937141040297,-0.0115118995101854,0.0230682007323568,0.0107849190782511,-0.0003063786639844118
2015-03-13,-0.0234298563815181,-0.0079944226130265,-0.0149370318297338,-0.0022523305992381,-0.0859514339541279,-0.02352506455354292
2015-03-16,-0.0055246769449883,-0.0422215063910211,0.0073534322628197,0.0040891468749226,0.0376134838415287,-0.005027695337507083
2015-03-17,0.0149312031917703,-0.0224986205127589,-0.0136156622858045,0.0138230680410762,-0.0243750214576721,0.014298183529517162
2015-03-18,0.016038911870126,-0.0001870943448752,0.0087120700759693,-0.0093316484496189,0.003203087241163,0.014976061762079081
2015-03-19,0.0105140321499969,0.046415862400736,0.0023740502417852,-0.0009912129823437,-0.1079182373467635,0.009603629191216293
2015-03-20,0.0296590502684828,-0.0264711061755589,0.02377234840675,0.000602412124163,0.0071581550382231,0.028937553022545935
2015-03-23,-0.0021224908128375,0.0163512655641819,-0.0166862419149097,0.0150760443249922,-0.0746268130657316,-0.003840451957974315
2015-03-24,-0.0016177944205623,0.0108459594618766,0.014778276686364,-0.00725429978529,0.0299538691195579,-0.0013560720066491169
2015-03-25,-0.0018433915555156,-0.0144849353561598,0.0109341313936768,0.0087347144806626,0.0156599582801262,-0.002549238427358682
2015-03-26,-0.0003039845949109,0.0248593525079263,-0.0039248152009448,-0.0126790725489592,0.1336269978059188,-0.0005379301876410169
2015-03-27,-0.0046438229128719,0.0479815705813895,0.0053596994037039,-0.003868036136661,0.0233161023403749,-0.005175597031181747
2015-03-30,0.0066770028594745,-0.0469673736069732,-0.0067604892376312,0.0025178525572366,-0.04620256247457,0.00649266612488537
2015-03-31,-0.0113392196110916,-0.0021272634676362,-0.0001305279032411,0.0132562167590055,-0.0371598856856456,-0.012225154478408922
2015-04-01,0.0087239735102831,-0.0209628759279391,-0.0050253232000376,-0.0081603534570444,0.0537560110728749,0.009025449937466672
2015-04-02,-0.003684453861292,0.0361095598209038,-0.0085045033780151,0.0047357886721408,-0.0117724202501545,-0.004898879247941263
2015-04-07,0.0380365262964775,0.0576887738841178,0.0120135413332298,0.0,0.0047716219809252,0.0381321743173951
2015-04-08,-0.0111317149659409,0.0168616579533125,-0.0060469659791116,0.0143865589555771,0.0027137016603897,-0.013635822151262713
2015-04-09,0.0115528601073619,-0.0600676705366588,-0.0101205849038297,-0.0069227982162223,-0.0541272128002968,0.01261586183356682
2015-04-10,0.0095164572235887,0.0183618446763753,-0.0035915372277134,0.0104632724784883,-0.0636623332468341,0.007805095367952904
2015-04-13,0.003990047620873,0.0229803649297082,-0.0107757579709848,0.0092469360651745,-0.0389610559921199,0.003697581007135454
2015-04-14,0.0006463415319086,0.00103683038532,-0.0055489179542949,0.0031492730746747,0.1081080814725945,-6.0836770147159355e-05
2015-04-15,0.0147152935563978,0.0086311064623856,-0.0034785770327849,-0.0115572061234675,-0.019368688107373,0.014364106796490295
2015-04-16,-0.0018873804558599,0.0323463867837943,0.0070165045876018,0.005025728263222,-0.0607168923974925,-0.003074352337192259
2015-04-17,-0.0080548749059881,0.0013262903093407,0.0027866658336563,-0.0136267638021402,-0.0186915707372318,-0.00805739542950421
2015-04-20,0.0083721713296985,0.0504966748345816,0.0073783396832036,-0.0207024837891734,0.1023809462537932,0.008097045722027804
2015-04-21,-0.009042318480137,0.0,0.0050807797541105,0.0119731603134818,-0.042476611807394,-0.00996523350964941
2015-04-22,-0.0055440905374264,-0.0215917874769352,-0.0058036396117232,0.0003603629159243,-0.0037594127832941,-0.005333732673949146
2015-04-23,0.0091244740354755,0.0104703236470666,-0.0005370663400049,0.0013739138197443,-0.0407547141021152,0.008629001165840082
2015-04-24,-0.0057492585835534,0.0337956152934029,-0.0014802230744337,-0.0071446312090103,-0.0180960263745346,-0.006602756188468046
2015-04-27,0.0112566931804615,0.0066306910608082,0.0083167860817701,0.004348458747873,-0.0152243259096509,0.011278052028089928
2015-04-28,0.0006269468847966,-0.0068933357331021,0.0049888142979461,0.0154794318837683,0.0675345749619442,-0.0005738632188006259
2015-04-29,-0.0148286015887455,-0.0029307795162707,0.0008267566439954,-0.0148563629432402,-0.0541158570381128,-0.014943565957346642
2015-04-30,0.0082576972848134,0.0185643093993339,0.0083804068210147,-0.0264599470639411,0.0789686146623931,0.008356871862870268
2015-05-01,-0.0004912317995976,0.0142770731119448,0.0132372033195218,-0.0004202303734495,0.0866318011702345,-0.0015871483044259363
2015-05-04,0.0006510135066745,-0.0047918493661821,0.0090277452281466,0.0,-0.1271477908741037,0.0005389884198860338
2015-05-05,0.0006598432015311,-0.0001504985911563,-0.0025615628658635,0.0047986229339807,0.0118110688549111,2.473791591313466e-05
2015-05-06,-0.0008370080229622,0.0161023287278347,-0.0032889857024716,-0.0237768540646625,0.1136186766385125,-0.001223189745113585
2015-05-07,-0.0264744773072543,0.0037026068191559,0.0033335193782932,0.0032341115090752,0.0587001519414402,-0.026908447714818325
2015-05-08,0.0184036264533217,-0.0329053539619322,0.0138706733072209,-0.000511538223227,-0.0013200993130648,0.01920623593906867
2015-05-11,-0.0047148604612696,-0.0022887019191872,-0.0083340042804674,0.0262273658067877,-0.1500330760471744,-0.006626446611774242
2015-05-12,-0.0050060679394356,-0.007340506683275,-0.0047015117188017,-0.0068694905831911,0.076982951105947,-0.004529313319667497
2015-05-13,0.0022015579060475,0.0300415473459676,-0.0044355496563037,-0.0141567360473482,0.0007219693091775,0.0015536266115391993
2015-05-14,0.0025326460619051,-0.0007478769264335,0.0069124663038393,-0.0055078713843362,-0.0072149661091249,0.0020795861118488084
2015-05-15,-0.0167350536886868,-0.0032929386131196,0.0114980614005444,0.0,-0.0741279390114195,-0.01729668010372965
2015-05-18,-0.0033778312687898,-0.0003002950017437,0.004801462966917,0.0055299252315799,-0.0282574303881364,-0.002975481523192784
2015-05-19,0.0045882131529948,-0.0045065803384874,0.0035136753843081,0.0045198952258904,0.0282713590113092,0.0038986606504671636
2015-05-20,0.0021313460126639,-0.0339520162060459,-0.0103861071664191,0.0226511747654736,0.0094266177178761,0.0015851304025663558
2015-05-21,0.009012062824199,0.0157763540954489,-0.0158506007362733,0.003530824207071,0.0023346095004364,0.008513841259122457
2015-05-22,-0.0025742106022861,0.0232200855693571,-0.0041182855278325,0.0014225651455035,-0.0597826437051313,-0.0034210758778607034
2015-05-25,-0.0072680386491675,-0.0175833807160692,0.0010000016108273,-0.0025971280555552,0.0016515655103792,-0.007400163203470853
2015-05-26,-0.0143977291996374,0.0,-0.0106961509755563,0.0,0.0,-0.01464832780295003
2015-05-27,0.0086790451632497,-0.0252409584909368,-0.0019858820518575,-0.0162646285537317,0.1591096691646434,0.008822474246546091
2015-05-28,-0.0067890592518647,-0.0260514723102792,-0.0075023236275928,0.0175641885175996,-0.0561877623240187,-0.007926019588843508
2015-05-29,-0.0089608810289274,0.008378995266788,0.0010246067651416,-0.0087323623225029,0.0030143150318902,-0.008755172189996354
2015-06-01,-0.0061125628958239,0.047618977953757,0.0055349126902493,-0.0218943527412128,0.0398196631301424,-0.006444052521453019
2015-06-02,0.0084735949593491,-0.0103721831985736,-0.0002191598098105,0.0011930193769074,0.0093930717491075,0.008263323866709785
2015-06-03,-0.0006196282593915,0.0094019826784044,-0.0031894470403077,-0.0036783214567363,0.0193270936956666,-0.0015782599842688052
2015-06-04,-0.0193636088873794,-0.0258054463557086,0.0207835513563379,0.0061568932343882,-0.040730332375596,-0.019534995912837926
2015-06-05,0.0010812331657924,-0.0277429542152016,0.0096704823576856,-0.0076566861682418,0.0768667790969108,0.0014220121306621875
2015-06-08,-0.0065707895960434,0.0206352187519525,-0.0044382750555155,-0.0130385039210727,-0.0339904825767074,-0.007442105936332963
2015-06-09,-0.0034218643694745,-0.0097931248323048,-0.0088976153084846,-0.0118802940891497,0.0760028093460083,-0.0033531165018410992
2015-06-10,0.0163121936554584,0.0349337801034173,0.0155564529638854,-0.003321507978419,-0.0536298035886222,0.015783747063445725
2015-06-11,0.0031919976839863,0.0126387134638945,0.0016044342110643,0.0201603049704315,-0.0863856238377712,0.002013917066381372
2015-06-12,-0.0187851085184643,-0.0089801577670607,0.0011425006003165,0.0072111373895407,-0.0279878879035937,-0.01903234929905653
2015-06-15,-0.0119223362097851,-0.0190447191958658,-0.0063060369615396,-0.0138347801025567,0.0723734882407136,-0.011572788280587333
2015-06-16,-0.0007094445782355,-0.0197275456803585,-0.0018400050395988,-0.0184710816899515,0.1168360407510995,-0.0009692899430964691
2015-06-17,0.0051726567372409,0.000319445097727,0.0050858629838677,0.0046595965796865,-0.0376868038185391,0.004672424917541957
2015-06-18,-0.0006696153428542,0.019798784011211,-0.0031028008930383,-0.0073333576949259,-0.0209318305761886,-0.0013337465850755386
2015-06-19,0.001195622758887,0.0061062033954568,0.0113813834448439,0.0063258849684648,-0.0903448565252895,0.0008862200198565055
2015-06-22,0.0225072308640634,-0.0192966330103445,6.814974491020642e-05,0.0015505507200395,0.0583775953191725,0.021940427059299973
2015-06-23,0.0007703206664476,0.0050777482148494,0.0001934272477661,0.0405897382803777,-0.0873925690325965,-0.0006827784470253669
2015-06-24,0.0097572513254943,0.0175244204764806,-0.0020996162076409,0.0083146050481133,-0.0494505593217623,0.00975575995561833
2015-06-25,-0.0042140875492586,-0.0148951949609297,-0.0155851443087201,-0.0041423452628145,0.0949628905703972,-0.005333014697694172
2015-06-26,-0.0026442443447389,-0.0045676627478449,0.0031154805280333,-1.1088235240430676e-05,0.0565610849965456,-0.0025690429919775523
2015-06-29,-0.0308501374414671,0.0009493284473016,-0.0003584684229208,0.0028968335773336,0.0007137921997475,-0.0314184765162943
2015-06-30,-0.0154533147327023,-0.0197597223073986,-0.0203476645494548,-0.0421029085428484,0.344507829244143,-0.014379489849874779
2015-07-01,0.0042380554383806,0.0254797915468742,0.022591827635104,-0.01285705980893,-0.0328912905403908,0.00380013545847085
2015-07-02,0.0109208559943613,-0.0248467027404211,-0.0078390721893349,0.0210203485215565,-0.1173888888307628,0.010271270456654722
2015-07-03,-0.008027283104909,0.0009676080457201,-0.0091027380585578,-0.0094471921642722,0.0435053297887548,-0.008892367646636076
2015-07-06,-0.0203359916679141,0.0,0.0048338965910661,-0.0062051512984552,0.0,-0.020201257025190947
2015-07-07,-0.0223516950941525,-0.0890929403332669,-0.008290269870579,-0.0222444500419898,0.0131029959117534,-0.022110800814401695
2015-07-08,0.0162679748107796,0.005482800735304,0.0049058267317683,-0.0211012750493166,-0.0540858356210863,0.01655369797755434
2015-07-09,0.0172538796206988,0.0035180434178989,-0.0035342036729306,0.0101117601553752,0.2218769211291789,0.015689794507188003
2015-07-10,0.0145473251139847,0.0273444591437892,0.0055465633817244,0.0278076722154394,0.0157680299261644,0.013818328237909573
2015-07-13,0.0020718245658325,0.0020474139333752,-0.0007190668798957,0.0318067468311789,-0.157235828623621,0.0010728994453965655
2015-07-14,0.0093951792683112,-0.0149838425842719,0.0059651793605375,0.017461941000993,-0.1740938988982823,0.009115573071548921
2015-07-15,0.0016913988551138,0.0114088135664749,-0.0124522840613099,0.0046679673701268,-0.0381294782385922,0.0007221855581470337
2015-07-16,0.0043230275419116,-0.024952984555724,0.0015961878920103,0.0046241467879972,-0.0104712299567009,0.004047269494834486
2015-07-17,-0.0096706956719777,0.0080630866016528,-0.0058547687277552,0.0144982555176815,-0.084656078935114,-0.010401603461838896
2015-07-20,0.000508209159106,0.0001739199534409,-0.0052579934157709,-0.0016510194357699,-0.0132122090791214,0.0006567914808478353
2015-07-21,6.289379349024478e-05,-0.0151251551627437,-0.0051227303473808,0.0044246554394113,0.0251046188722334,-0.0006896766606194425
2015-07-22,-0.0177205657416518,0.0068843667986535,0.0004768263179948,-0.0104758655363705,-0.0024489577935666,-0.01802249179641904
2015-07-23,-0.0049970563109571,-0.0159537137588717,0.0096490406793583,-0.0033936454744746,-0.0081833370936611,-0.004671841562678316
2015-07-24,-0.0132428966351277,-0.0153215854977079,-0.0011801107211915,-0.0002586067495891,0.0429043286034391,-0.013819018634167518
2015-07-27,-0.0240862192163108,-0.0117604762166706,0.005670242273988,-0.0095304881919277,0.0870252688225992,-0.02384229508476269
2015-07-28,0.0131027478332426,-0.0210545172770101,-0.0015141702600819,-0.0241388617621527,0.1353712257158352,0.013469147372039627
2015-07-29,0.0194822637015327,-0.0031793899338224,0.010724127396219,0.0116734532537188,-0.1384615864274052,0.018029578749432524
2015-07-30,0.0092570429711377,0.0015009724615353,-0.0021689777491131,0.006026803117402,-0.0699404471526399,0.008369441597883652
2015-07-31,-0.0057251614958599,-0.0013113468232212,-0.0074032444013253,0.0023101497394637,-0.0295999908447265,-0.006398015930333761
2015-08-03,-0.0058436372823233,-0.0206340697895662,-0.0040802687273058,0.0047156507941439,-0.0008244211696197,-0.005909528200364513
2015-08-04,-0.0053721171557167,-0.0515226714016356,0.0027202083408026,0.0096398083429376,0.0363036747699869,-0.005721725925776014
2015-08-05,0.0163265314047756,0.0094911392641039,-0.0011831811564788,-0.0044258800083112,0.0350318125544082,0.016089841105730182
2015-08-06,-0.0105408689093186,-0.0080016305750837,-0.0061196368715874,0.0158704118951797,-0.0376922900860126,-0.011858702585762989
2015-08-07,0.0088975464455642,-0.0014115687559755,0.0012975219323574,-0.0022519968169919,0.1007194409135878,0.009367102449684866
2015-08-10,-0.0002339790477302,-0.0183764103190641,0.0021963250915382,-0.0083604124116958,-0.0275962310681456,-0.0015367422918439238
2015-08-11,-0.0132715177146678,0.0370294016552066,0.003475893970015,0.0102094375940451,-0.0866318723931092,-0.013297122774478214
2015-08-12,-0.0051929017806568,-0.0243999116437108,0.0047372641587382,-0.0189553879029432,0.1210139453235021,-0.005210042725549417
2015-08-13,-0.0041931621186704,0.0097600556986132,0.0022746872602581,-0.033525861016425,-0.0072939738287004,-0.004596817921788557
2015-08-14,-0.0125812297055177,-0.0088602220713037,0.0107703645101682,0.0091091435953241,-0.008817038103319,-0.012847974243723631
2015-08-17,0.0002329148504686,-0.0038602689291752,0.0,-0.0071441416732918,-0.048925119244639,0.0002980386246897418
2015-08-18,-0.0131544642829306,0.0,-0.0060900433057641,0.0019678642089075,0.0148090830231848,-0.013854218014157808
2015-08-19,-0.0195044196854183,-0.0044869959511145,-0.0013515696186234,-0.0007204378631765,0.0591397447785966,-0.019205749651710312
2015-08-20,-0.0080650691165654,-0.0338045785588072,-0.0042578742911254,-0.018750406856819,0.1058738246690165,-0.007941690057333101
2015-08-21,-0.0294272937129521,-0.0114504011296551,0.0079049362975411,-0.0222634599471478,0.2550819271900615,-0.029761950427212684
2015-08-24,-0.0735227257967022,-0.0248820221790857,0.0106976062456152,-0.0316745504138293,0.4644723918750533,-0.07262765670738981
2015-08-25,0.0295360010700694,-0.060932699374158,0.0124576581355257,-0.0535436388415503,0.4534427641978897,0.031932573041501
2015-08-26,-0.019147696302213,0.0121808497187052,0.0181159697429051,0.0470555712884788,-0.1158566771291492,-0.022346151361443998
2015-08-27,0.0525938634254757,-0.0016199883431465,-0.0027722740077467,-0.0146923189031095,-0.1582454383814669,0.054367361311097546
2015-08-28,0.0218231728966028,0.102457163796418,-0.0182574472619453,0.0347081112254963,-0.1391820368017637,0.01783005535759509
2015-08-31,-0.0085254914392175,0.0523548736726462,-0.008121015141084,0.0017709381738084,-0.0019157526313554,-0.008312950498336353
2015-09-01,-0.0222847358527165,0.0819181288974411,-0.0030165946088135,-0.0051604260417551,0.0913628075938397,-0.02264009561986388
2015-09-02,-0.0064851900094766,-0.0847645433656041,0.0010552767505003,-0.0247428318321341,0.1044670869318913,-0.005918414936362581
2015-09-03,0.0251416398111529,0.018966880562186,0.0060193663800272,0.0031768531720066,-0.1691082653010212,0.02452082630231358
2015-09-04,-0.0373942062026803,0.0035643624787282,-0.0068530283348861,0.0222673008749225,-0.0183978359305879,-0.038946285475371566
2015-09-07,-0.0022870143538974,-0.0211128588867617,-0.0080328853117737,-0.0274732761104378,0.0855134156390369,-0.00043443328351572014
2015-09-08,0.0102162260857739,0.0,0.0023418749571417,0.0055718797903072,0.0,0.008783733579898562
2015-09-09,0.0107658474527628,-0.0018141534263378,0.0010718358794468,0.0112165272082318,-0.1043165359035063,0.010307319145462348
2015-09-10,-0.022647520601508,-0.0391760623743054,0.0038888397698495,0.0111755348427566,0.0534136523727608,-0.023596339363447447
2015-09-11,-0.0112019640617177,0.0275325243417443,0.0011893944140157,-0.0149358981346496,-0.0709111222060032,-0.010335123297239927
2015-09-14,-0.0032679517642476,-0.0153405606333224,0.0062552290253334,-0.0103068951610488,-0.048009849651312,-0.003808485866332444
2015-09-15,0.0202767666924662,-0.0367677706731395,0.0047078160832891,-0.0038645095093339,0.0452585863159906,0.020031465363681552
2015-09-16,0.0237938884618444,0.0056071197373197,-0.0032114087397185,0.0100704679050442,-0.0705154261638209,0.02229313651780393
2015-09-17,-0.0044561510121187,-0.0004289182351605,-0.0031674617914708,0.0137766367567262,-0.0527950526052485,-0.005524972705300654
2015-09-18,-0.03437060715119,0.052992945470045,0.0017954690344252,0.0012300917193144,-0.009836111853354,-0.03430782960314891
2015-09-21,0.002954163603013,-0.032803597194099,0.0096452394286796,-0.0302507191964795,0.0539262691537867,0.003893823952597354
2015-09-22,-0.0296316934999715,0.0305455426786422,-0.0095530975158537,0.0086846107278202,-0.0960503245531663,-0.030877157769292934
2015-09-23,0.0072724629664411,0.0032707209341422,-0.0089527043968057,-0.0341222848082959,0.1142006561127968,0.008611372598432209
2015-09-24,-0.0190566496847791,-0.0270986508034958,-0.006272076232996,0.001280844376297,-0.0138146776253645,-0.020696876775854765
2015-09-25,0.0238327435450991,0.0087957731716294,0.0062215121600821,-0.0196915907311552,0.0605512970359043,0.024859155533984472
2015-09-28,-0.0243515831083289,0.0089267245489121,-0.0009837218221332,0.0310729568341849,0.0063912028234935,-0.026626891605432062
2015-09-29,0.0128021850131671,-0.0259258922035591,0.0020386953288304,-0.0236801104936413,0.169771303092949,0.014382014672545516
2015-09-30,0.0227259800338954,0.0188001560367503,0.0026168805931965,-0.0031518418422648,-0.0289540087354223,0.02070910790532209
2015-10-01,0.018122796962795,0.0029027449922705,0.0022174283435552,0.0233706547307814,-0.0868430835009935,0.017350559052433278
2015-10-02,0.0169356011980612,-0.0140583072191786,-0.0074517867459422,-0.0101977552734005,-0.0795918678750797,0.015788008310649877
2015-10-05,0.0501250294936406,0.0092263043421398,0.0019140391753817,0.0062331609156405,-0.0713968406862259,0.04921256813264691
2015-10-06,0.0290182147139368,0.023270286869508,0.0029976329488072,0.0330971521090093,-0.0668576687117682,0.026422325230414174
2015-10-07,0.0246587208440549,0.0542131607907676,-0.0028323757054261,0.0093092682438571,-0.0071648562148131,0.02386458424797832
2015-10-08,-0.0013268848720653,-0.0113635662306998,0.0065016088441813,0.0019595148834044,-0.051546392766154,-0.0027734808977011322
2015-10-09,0.0084727455242418,0.0335086176631549,-0.0024840588590764,-0.0004462997302981,-0.0532608457909634,0.008567445973112394
2015-10-12,-0.013679489643543,-0.0075400135143113,0.0041761447277657,0.0078605929882245,-0.0195178043110677,-0.014783454831511776
2015-10-13,-0.0088623820167066,-0.0529914688446111,0.00735643896475,-0.0009168295993395,-0.0532786798288612,-0.008346175467936116
2015-10-14,-0.003071530444893,-0.0124347959144638,-0.0012718839315483,-0.0080219898197617,0.0927643780409794,-0.0035556913738042286
2015-10-15,0.0019757987867928,-0.0018277853273763,0.0025958227273639,-0.0092230295619424,0.0203735488849565,0.0016943260008946072
2015-10-16,0.012812576157029,-0.0089522365767288,0.0079525331671417,0.0148014893054373,-0.109817047930093,0.012195521464224333
2015-10-19,-0.0169174143043245,0.0004106027127814,-0.00935597088247,0.0080646510830635,-0.0623052394928852,-0.017887568682796666
2015-10-20,-0.0082995523608957,-0.0024625268420279,-0.0006248753447615,0.002177721289811,-0.0046512058213546,-0.0076938318924961325
2015-10-21,0.00654219036247,0.0020571584625694,-0.0028208848306928,-0.004987734919054,0.0514019012879569,0.0059887129449914854
2015-10-22,0.0167016881197018,-0.0176555250773081,0.0022026716798588,0.0050710779533227,0.0603175087580605,0.01599809771172571
2015-10-23,-0.0040066699261702,0.0048067578739419,-0.000522028072763,0.0247171279023421,-0.1347305898732356,-0.005119703603218718
2015-10-26,-0.0119731497303709,-0.0018718833020043,-0.0235359927390533,0.0216813492079961,0.0006920573711997,-0.011910577813569849
2015-10-27,-0.0242110527666811,-0.0093769691019071,-0.0054660540176395,-0.0032722073745389,0.0573997179471943,-0.024331696797527273
2015-10-28,0.021734625914678,-0.0153554801888508,0.0041386492945798,-0.0098371952585841,0.0091563337915003,0.022280717835168485
2015-10-29,-0.0073602169989862,0.0478529758182753,-0.0026157993765257,0.0118544689336126,-0.0712897187112009,-0.009307231879889641
2015-10-30,-0.0078542810751999,-0.0050968400385031,-0.0097923646708876,-0.0022508016786099,0.0195394092436795,-0.007235394517600807
2015-11-02,0.006636832799025,0.0155738145104988,0.0059367070478804,0.0014179710032975,0.031485287402915,0.006055998111612576
2015-11-03,0.038025402980302,-0.0155367319698792,0.0029219379452249,0.0047597790740279,-0.0610484469093863,0.03733037239775603
2015-11-04,0.0038708767913441,0.0358680050658302,-0.0009033163874566,0.0023816950474959,0.0275618624619624,0.0017441965116533702
2015-11-05,-0.018975779113148,-0.0387811446174803,-0.0047255157941394,-0.0010224649404374,0.0667125357340914,-0.01880298326205091
2015-11-06,-0.0021127204746804,-0.0123508082791962,-0.008748722984795,0.0024221258498826,-0.0296582869992733,-0.0019543681387246764
2015-11-09,-0.0061315965447455,-0.0116715585375954,0.0014692713335564,0.0060101612366729,-0.0478405486979367,-0.00676473686170548
2015-11-10,-0.0005662362121096,-0.0048502646798276,-0.0138353559888716,-0.0143733666868743,0.1528262767423123,-0.000631815462854401
2015-11-11,-0.0085864273668615,0.0052977327246308,0.0024317402352773,0.002059407055035,-0.0744552337668125,-0.009186042025809039
2015-11-12,-0.0391553800033755,-0.0343591336552078,-0.002040166257928,0.0067203889144444,0.050359679922199,-0.03912071685470221
2015-11-13,-0.007981955180571,-0.0382012649539084,0.002367851661998,-0.0176080558861027,0.1438357067314801,-0.006802359318054323
2015-11-16,0.0082893240610578,-0.0102133624356226,0.0048342780852372,-0.0079847829553995,0.0930865000735632,0.007447255447927089
2015-11-17,0.0317706534270501,-0.0006878876146989,-0.0106357861339621,0.0004701704048071,-0.0956175340432761,0.031121910885841098
2015-11-18,0.0125172896283607,-0.000229512065402,-0.0011222391752049,0.0266816849110937,0.0374449510401666,0.010664674448236596
2015-11-19,0.0037262843592302,0.0130823892315043,-0.004129724154146,-0.0057996430618935,-0.1056263139597063,0.0033590765977203328
2015-11-20,-0.0122752935412099,0.0009062282754974,0.002453995013387,0.0049564121986656,0.0083085689305026,-0.012934356460796442
2015-11-23,-0.0010727961048715,0.0108646341992011,0.0052665643050082,0.0010206120741849,-0.0894643628349689,-0.0008351466804019286
2015-11-24,0.0143826124893574,0.0038065827188404,-0.0079382014804579,-0.0020825620958848,0.0096961613407315,0.01366243789967223
2015-11-25,0.0014541708759669,0.0287753077881087,9.57840456268233e-05,-0.0103504269658303,0.0198463778417372,0.00045883863335633183
2015-11-26,0.0127589476217361,0.0010841118434194,0.0001703784563666,0.0153859571313248,-0.0464532775025778,0.012506871443766599
2015-11-27,-0.0101376351636517,0.0,-0.0017743892564051,0.0105602034554537,0.0,-0.011279228284564987
2015-11-30,0.0008398415362058,-0.0283733508890384,-0.0019301317657413,-0.0027525500427484,-0.0046082749676055,0.0012062962742012146
2015-12-01,-0.0041004410662507,-0.0055728933704541,-0.0020213227573895,0.0050043023873298,0.0667988943685216,-0.004972567890590384
2015-12-02,0.0002785906578852,-0.0038108491664787,-0.0009516000747492,-0.0076459264974793,-0.0905145170759741,0.0002307667913516503
2015-12-03,-0.031467503461065,-0.0438793206233407,0.0050048307457546,-0.0031554933291142,0.084526227993819,-0.032115579878760195
2015-12-04,-0.0239961076446585,0.0317721445232432,-0.0012098339395217,-0.0361291759336936,0.1382778619760516,-0.022855044555474227
2015-12-07,-0.0332261396306822,-0.0191605873554794,0.0285451736952135,-0.0037657215717376,-0.1822197724746957,-0.03329165414557547
2015-12-08,-0.0099233695022372,-0.0527907083200853,-0.0029278246983254,0.0088448430346017,0.0695475829701461,-0.00897673950527763
2015-12-09,0.0150661450172615,-0.0115394359436645,-0.0045935673190357,-0.0186744283034303,0.1111111244903801,0.014427042263020223
2015-12-10,-0.0030737016576686,-0.0037257257187071,0.0055340875918592,-0.0061410904877955,0.1142045559838782,-0.004140040869790716
2015-12-11,-0.0312671933612145,-0.0094739731322058,0.0113816097453043,-0.002209193283516,-0.0137685083814401,-0.03127105090341358
2015-12-14,-0.0257832991670606,-0.0453057955650615,-0.0063389604031366,-0.020416092613618,0.2611168147475327,-0.02495880563899386
2015-12-15,0.0361469843618248,-0.0002636998721327,0.003273214962167,-0.0199705830973385,-0.0680606760538355,0.0363169862304463
2015-12-16,0.004003493095494,0.0139768623308687,0.0008245063652065,0.0325779551258884,-0.0783105506002903,0.0015534028782747604
2015-12-17,-0.0070366401503346,-0.0327698858577121,-0.005162013729729,0.0016257915339989,-0.1474940353250058,-0.006715960102602889
2015-12-18,-0.0046068703047986,-0.0002688443641409,-0.0056437801947308,0.0183843503001885,0.0604703184097368,-0.005084267083648714
2015-12-21,-0.0147621538275734,-0.0080688336363135,-0.0027978944153598,-0.0138365085439657,0.0929250358634905,-0.014974160637313133
2015-12-22,0.0121399827685608,-0.0143710026747356,0.0023806451002967,-0.0146317259274527,-0.0966183539268621,0.012282269534372335
2015-12-23,0.0455369935058699,-0.0066024174372495,0.0039613526570048,0.0004077356092162,-0.1122994810583969,0.04423672040404817
2015-12-24,0.0062754809974871,0.0346164491518081,0.003394516187773,0.0225117168615331,-0.0620482327093967,0.004081672911814842
2015-12-28,-0.0132017269629386,0.0,0.0055727753782943,0.0,0.0,-0.013110778089019549
2015-12-29,0.0042232579038642,-0.0335180912700314,-0.0003618671169611,-0.009185543476751,0.0743329157120329,0.004147253862210424
2015-12-30,-0.0126844177890732,0.0319498093328414,0.0008450970943074,0.0177461129116938,-0.0490833785449783,-0.013505820646453804
2015-12-31,-0.005501944222661,-0.0351945434991564,-0.0043056607474738,-0.0079353731717426,0.075248818256363,-0.0051675407870104
2016-01-04,-0.0140252204554826,0.0,-0.0068520930021604,0.0,0.0,-0.014581818712860831
2016-01-05,-0.0041684726628842,-0.0016093766244185,-0.0004667787872534,-0.037475888367653,0.1367381550606434,-0.0038968161596769977
2016-01-06,-0.0198562891602235,-0.0214939018140821,-0.0024361372030363,0.0041867313663954,-0.0657005101558478,-0.020446110141895603
2016-01-07,-0.0237305422843218,-0.0601317610327711,-0.0069781291180138,-0.0121742666912189,0.064632884702058,-0.023166978601210673
2016-01-08,-0.0385931529712278,-0.0140227738432791,0.002511578896484,-0.0174050863017943,0.2136959488063554,-0.03839595849284106
2016-01-11,-0.0118351119189567,-0.0059259485315393,0.013635580932217,-0.0166013855804687,0.0808323519913856,-0.0107596099158568
2016-01-12,-0.0081288257201601,-0.0596125199845228,0.001378558188521,-0.0019713333332797,-0.1003332457925521,-0.008738848117703849
2016-01-13,0.0143206405303285,-0.0218700045449912,-0.0075896643367493,0.0122774714350493,-0.0753086412000818,0.014338599791252103
2016-01-14,0.0202931621688888,-0.0178224605810503,-0.0012904642443472,0.0027279070636325,0.1223854064991272,0.018948910705496636
2016-01-15,-0.0280386483451867,0.0237545771491072,0.0038754057012095,-0.0159517410298964,-0.0503568035286404,-0.02901632953763679
2016-01-18,-0.005578174915173,-0.0006445522823426,-0.0024866815033844,-0.0236508001095403,0.1281836992495957,-0.004442334335664653
2016-01-19,0.0150431654931609,0.0,0.0056238014100342,-0.0057883840038474,0.0,0.014108147709763383
2016-01-20,-0.0550338202488582,-0.072557239064591,-0.0022880082669158,0.0153642614121829,-0.0358993783963617,-0.05595801487507539
2016-01-21,0.0370886154028944,-0.0305980897465886,0.0016479181916557,-0.0328469153275201,0.0591171194099857,0.03947704015426167
2016-01-22,0.0523776895714372,0.0491391994430652,-0.0032957666259469,0.0212759470179313,-0.0326205006724458,0.04882554135989133
2016-01-25,-0.0153001085128448,0.1001709506043002,-0.0013793934877196,0.0269334904367914,-0.1629824014397801,-0.016744365076400217
2016-01-26,0.0247110156931599,-0.0522063483295111,-0.0057991284625482,-0.007088469513371,0.0810205664091148,0.02546615998447709
2016-01-27,0.0046655403306968,0.0426229258052637,0.0050032708259326,0.0103472134169089,-0.0683229666498309,0.0024779579916726587
2016-01-28,0.0276515954974504,0.0408804801336439,0.0010972959946609,0.0035049269016662,0.0271111382378472,0.02781579895120529
2016-01-29,0.0189294512518759,0.023867098246092,0.0039596506018966,-0.021045073368451,-0.0298572269941242,0.01688433722557283
2016-02-01,-0.0230730545286435,0.025081212868891,0.002657733749481,0.0220412589489222,-0.0990187023104355,-0.023652084335355733
2016-02-02,-0.0554369027164951,-0.0014393508733998,-0.0101547795674055,-0.0079078376763823,-0.0108911491284078,-0.0547261859586558
2016-02-03,0.0002216477657435,-0.0567886273852168,0.0065929044214403,-0.022892976814314,0.100100102393503,0.0018498276350071559
2016-02-04,0.0530490042852082,0.0709046335046061,0.0022717767915581,-0.0187069847779853,-0.0150136456132282,0.051604707206552795
2016-02-05,0.0061144131817768,-0.0165525632391656,0.0154719402929688,0.0029931908343108,0.0087760063466697,0.0036336039729191337
2016-02-08,-0.0276066562821713,-0.0116075949451164,0.009822411750006,-0.008918237639672,0.0705127746071114,-0.027371274140537638
2016-02-09,-0.0318319932928181,-0.0346447521314872,-0.0049038813497642,-0.0327221995694244,0.1120616310213542,-0.03129484769035922
2016-02-10,-0.007720139571644,-0.0778589200160801,0.0040171617960929,-0.0174746687779232,0.0207692659818208,-0.007126790826492378
2016-02-11,-0.0404181340453901,0.0171504110487321,0.0089529914416095,0.0192033798019823,-0.0094197434580244,-0.040993146279561986
2016-02-12,0.0621898949639787,-0.0252918509334071,-0.0008008882944025,-0.0389738259510787,0.0703689010915344,0.06371989537387411
2016-02-15,0.0175102223559588,0.1097804791429899,0.0032822055322176,0.0282835494211799,-0.0973702853784033,0.013178853193611707
2016-02-16,-0.000555299874322,0.0,-0.0081276913116195,0.0281951002685656,0.0,2.267431642463517e-05
2016-02-17,0.0387077546728403,-0.035371711138687,-0.0046260806072564,-0.0044497831235786,-0.0507873632894705,0.03780085350813922
2016-02-18,-0.0121272234395748,0.0720944584469465,-0.0024188457668705,0.0271013521167273,-0.0746578639088194,-0.014185215139675111
2016-02-19,-0.0113020942036318,-0.0063768469769022,-0.0021578888493676,-0.0008869277864524,-0.0300313802031569,-0.01040461446354848
2016-02-22,0.0380754936949964,-0.0370478559798164,-0.0010777409623446,-0.0083242161299196,-0.051293841696405,0.03752509525982089
2016-02-23,-0.0253221452551284,0.0508936804180288,0.0011680613593243,0.0218943808753551,-0.0560156593967854,-0.02752014024652609
2016-02-24,-0.0304611820755608,-0.0409339355768094,-0.0086239461589018,-0.0158593926503426,0.0825593627841227,-0.028872255140188655
2016-02-25,0.023440688341495,0.0342650848801662,-8.82068233815092e-05,-0.0232528781466491,-0.0123927661846898,0.02346777375792608
2016-02-26,0.0427092477415855,0.0255739922120754,-0.0011894917811772,0.020274846055166,-0.0777026426813272,0.04092885948933524
2016-02-29,0.0114649373259199,-0.005384030503741,0.0010032290793346,0.0179813831971593,0.0366299755747596,0.009633869250172981
2016-03-01,0.0122355671668012,0.0247864041140479,-0.0091652263328876,0.0056637699505719,0.0373548607303286,0.011907911716978891
2016-03-02,0.0127146792684248,-0.0002780688321109,-0.0032013371060571,0.0171908317332174,-0.1386860622837061,0.011633892562039727
2016-03-03,0.0159926807098379,0.0269744506506943,-0.0011963651431659,0.0085936746962673,-0.0344633098337934,0.015248212777268193
2016-03-04,0.0099077990985809,0.0037909393038595,-0.0006413174376633,-0.0030672886498041,-0.0228203268675443,0.008847818689725501
2016-03-07,0.0038210465730028,0.0445104272852012,0.0073577831603117,0.008125136337308,0.0095808287486536,0.003199551792444871
2016-03-08,-0.0191406584659696,0.0547520368039458,0.0041117557017198,-0.0053533538258141,0.0290628560723371,-0.019682994473484646
2016-03-09,0.0042707607225597,-0.0291380661670633,0.0020048998059725,-0.0063156269988366,0.076080672380504,0.00477780792392266
2016-03-10,-0.0294309328293063,0.0358133194022325,-0.0010893965260511,0.0047201447792994,-0.01767541094577,-0.03053251326673781
2016-03-11,0.0209343263220619,-0.0248356577877505,-0.0013627161764127,-0.015052120023574,-0.0158124816311096,0.02219514451504547
2016-03-14,0.0002787422161183,0.0084893922363242,0.0172372196458112,0.0346777676284679,-0.0858725375388417,-0.001971078023423758
2016-03-15,-0.0143382763731996,-0.021292414541902,-0.000938131821971,0.005914480887446,0.0254545500784209,-0.01393671345451019
2016-03-16,0.0170175557775742,-0.0199847489305723,-0.0059062695138417,-0.0080110543042697,-0.0047281278572888,0.016847298057828797
2016-03-17,0.0216024150513567,0.0410428519282093,0.0006331996781279,-0.0016822820006093,-0.1098575038424466,0.020220197938928566
2016-03-18,-0.0025720578653763,0.0300024554806972,0.0098951433723775,-0.0061886484119119,-0.036691140702655,-0.0035936278840676002
2016-03-21,-0.0079225113606733,-0.0081848855342899,0.0088280606562849,0.0054779406986444,-0.0290858126609779,-0.007971459667652399
2016-03-22,0.0037786735406027,0.0082524307352376,-0.0034402023380778,-0.0035950414344164,-0.0164051703567014,0.0035194123839569235
2016-03-23,-0.0153058032886401,0.0060182954860397,-0.0038201998045351,0.0008068699579637,0.0275562085200946,-0.01601880249454697
2016-03-24,-0.0129597995517933,-0.0315864959537189,-0.0011559188669088,-0.0028873794011412,0.0543401199677864,-0.012552961028210241
2016-03-29,-0.015804720835813,-0.0042037135192442,-0.0007142132819546,0.0,0.0339213031047469,-0.01604275699199707
2016-03-30,0.0296164933752965,-0.0280606172155476,0.0038312653772156,0.0060735777379858,-0.093175859423898,0.029820547888718487
2016-03-31,-0.0156867316803014,0.0030658899784372,0.0079722045993806,0.0130554662726882,-0.0188132620078778,-0.01784386952147019
2016-04-01,-0.0269867929693382,0.0086602182150732,0.0037744214930781,-0.0128675683318637,0.0287610160457105,-0.02587352820920609
2016-04-04,0.0004408026582847,0.0015151862526012,0.0039715201555541,-0.0171883882548803,-0.0609318594564329,0.000530132336307661
2016-04-05,-0.0218910408822633,-0.0496722447877586,0.0009111707989557,0.0030474590660956,0.0778625552967289,-0.02261217547121292
2016-04-06,0.0067405711183632,0.004775810871169,-9.10550644512842e-05,-0.0242819486777886,0.0920680029228901,0.007463064151017243
2016-04-07,-0.0041432445125301,0.0520201023571849,-0.0006146253192974,0.0065770612982281,-0.0862516158966004,-0.005464456156780219
2016-04-08,0.0335089053757101,-0.0102911607892018,0.0020186604071505,-0.0129891239541287,0.1469126807953955,0.033677177552060865
2016-04-11,0.0060883786876878,0.0636570708117323,-0.0027183530378303,0.0140724102659499,-0.0495049627653911,0.003764012213948771
2016-04-12,0.0158865568245569,0.0212208687050103,0.0025542954159876,0.0042067596900263,0.0585937885625762,0.016048598519783453
2016-04-13,0.0371508001584957,0.0434274274138759,0.0008672785705876,0.0061076274920799,-0.0867158565537776,0.035663729611625936
2016-04-14,0.0020613724726744,-0.0114119117745598,-0.0024477091243334,0.0330036982603894,-0.0680134816792424,0.00035364926733022104
2016-04-15,-0.0082916282427008,-0.0076957933508221,-0.0093052491116617,0.0071302440562823,-0.0086705118667678,-0.008232870076696708
2016-04-18,-0.0037756205046553,-0.0168796002712402,-0.0008001862697506,-0.0021301265992001,-0.0072886573996679,-0.004068747375362041
2016-04-19,0.0192206442085577,-0.0044083209613816,0.002655602256659,0.003172515544247,-0.0198237523023497,0.01888144438464416
2016-04-20,0.0117277329992727,0.0261011171257861,0.0008029258529465,0.0159789429181067,-0.0082397458583033,0.010321742414977384
2016-04-21,0.0141541016724457,0.040199875240422,0.0044756376115471,0.0094860662544731,0.0030211452072894,0.013611378500157131
2016-04-22,-0.0004961797193285,-0.0277292680986773,-0.0048046247976735,0.0029180154201111,0.050451813988406,-0.001565280622030561
2016-04-25,-0.0167018818969901,0.0130249684921246,-0.0011518059828533,-0.0033537005274173,-0.0523297170048336,-0.01682645517326424
2016-04-26,0.0141062525278444,-0.013965884717161,-0.0051339437705892,-0.0074814076263474,0.0650529227916976,0.01429869749464941
2016-04-27,0.0272865289925767,0.0283273864477904,0.0031102056980327,0.0011771549249273,-0.0085227191910024,0.025869253921593744
2016-04-28,0.0033417372169704,0.0314822600320738,0.0026666316870487,0.0029282419972962,-0.0136102850905522,0.0020677655585933517
2016-04-29,-0.02047409918463,0.0203475853807346,0.0026509938668533,-0.0015972246973052,0.1053013624591139,-0.020682720055929728
2016-05-02,-0.0072457734400194,-0.000207692597839,0.0023733463784081,-0.0311061111045581,0.031537420092965,-0.006834669960176635
2016-05-03,-0.0260512109022041,-0.0006233657454459,0.0094340612978314,0.0014497464757663,-0.0649681220688561,-0.02656180930986319
2016-05-04,-0.0108429294305722,-0.0280664972338289,0.0054052238364381,-0.0192574505717089,0.0626703036218314,-0.010023832397969251
2016-05-05,0.0122484194120076,-0.0455615201735879,-0.0018176723512414,-0.0119191553203769,0.0288460797812124,0.011713645356847317
2016-05-06,0.0049991951875361,0.0087404616536139,-0.0009538577405892,0.0,-0.0087227038195222,0.004016529186117687
2016-05-09,-0.0222386753967736,0.0079982364758128,-0.0075736320439585,-0.0006499062898766,-0.0747957003014594,-0.02266462766182443
2016-05-10,0.0123274767186948,-0.038351287298504,-0.001582870012457,0.0064661301487527,-0.010190256079042,0.0129257210662796
2016-05-11,0.0030736539519646,0.0433188022777668,0.0,0.0078285598178917,-0.0645161015835313,0.0015471583644501214
2016-05-12,0.0058477765320655,0.0456941563145936,-0.0011943994494666,-0.007472384745245,0.0777695859899016,0.005772220978646407
2016-05-13,0.0021556308484141,0.0100841044605193,0.0046279896217662,-0.0071870424494603,-0.0190605677991371,0.0012571017501212464
2016-05-16,0.0076489233502948,-0.0051996670232763,-0.0043801859985523,0.0072117903690429,0.0437196475442058,0.007317492639812641
2016-05-17,-0.000964804022342,0.0238343998746883,-0.0052736476153483,0.0,-0.0239361474461661,-0.0018266375570724933
2016-05-18,0.0033478704469646,0.0063303563583063,-7.921335242178085e-05,-0.00627058362281,0.0606266601598535,0.003146683975461282
2016-05-19,-0.0350086593385672,-0.0071022419397488,0.0,0.0062420971452128,0.0244059166274253,-0.03572894528382421
2016-05-20,0.0151184330940302,-0.0024524612944274,-0.0082264105386544,-0.012586112912492,0.0238244588705374,0.01646157218366919
2016-05-23,-0.0087992629438951,-0.0018438875241896,-0.0015128779446443,0.0147093887535674,-0.0691978027997729,-0.010812971757447132
2016-05-24,0.0140910196477907,-0.0075944732617289,0.001402832941713,-0.0098677928727808,0.0407894666670431,0.01480982913011876
2016-05-25,0.0261220447449663,0.0053775004019831,-0.0005048095539031,0.0263184553828383,-0.0884955528152321,0.024454583701415154
2016-05-26,-0.0015285756163153,0.0232462673097477,-0.0069612174860732,0.0171023010592847,-0.0360610579065486,-0.002628156517195113
2016-05-27,-0.0070203039021188,-0.0030157121193633,0.0018858629101818,0.0031388368744196,-0.033812901169287,-0.007081469445267666
2016-05-30,0.0022396771813856,-0.0054446553122178,0.0029658716973923,0.002367151586416,-0.0230826815020419,0.0019435249288515181
2016-05-31,-0.0139835920200834,0.0,-0.0073325205733856,0.0037453643908769,0.0,-0.014606142573273802
2016-06-01,-0.0106491335037624,0.0075020059646024,0.003455996216205,-0.0085857421862809,0.0815548554998042,-0.010348009782279292
2016-06-02,-0.0031313823764281,0.0004025046954403,-0.0011136711230264,-0.0080659776120747,0.0007047377855924,-0.0034284243998947968
2016-06-03,0.0009396009044106,0.0066385402762512,0.0047665598534203,-0.0016157564007204,-0.0401408241183431,0.000571766049519038
2016-06-06,0.0245270080866349,-0.00799363546284,-0.0033121441200332,-0.0119682705556933,-0.0117388001517761,0.024000178968180918
2016-06-07,0.0227516430130344,0.018331987481891,0.0178437638061537,0.0014511362428546,0.0133629805444071,0.02118386290462731
2016-06-08,0.0077019141256209,0.0176063185574875,0.0011477745262109,0.0129218296160422,0.0293040720427257,0.00671438825158183
2016-06-09,-0.0112408484288899,0.020800927748638,-0.0005451684147652,-0.0068832837428157,0.0021352122821303,-0.011792443690435911
2016-06-10,-0.0145173288060577,-0.0106645891543307,0.004334757925811,-0.0101762989010292,0.0397727572905624,-0.01437988257290843
2016-06-13,-0.0118204787925577,-0.0271414788586102,-0.0080676672863453,-0.0260686313323287,0.1632513857428168,-0.011856360309187176
2016-06-14,-0.0253694176258049,-0.0037594467345543,-0.0066316621887372,-0.0197828614396271,0.2313563398619609,-0.02545035909400686
2016-06-15,0.0048726750668294,-0.0103276396986123,0.0045390756313214,-0.0197440661025676,-0.0224129389005358,0.005454684104172695
2016-06-16,-0.0009921988891969,-0.0172586911248234,-0.0069072880054985,0.0118405386842863,-0.017561005383003,-0.002158009590822658
2016-06-17,0.0284875929049327,-0.036348837035389,0.0044262450368997,-0.003886513730074,-0.0382323025695225,0.028432603118427463
2016-06-20,0.0243851075307804,0.0419580334786378,-0.0009451934899983,0.0105947832900192,0.0020649977514557,0.022404898324452933
2016-06-21,0.0050331281140913,0.0300997236536064,0.008625290037336,0.0328902675189799,-0.0535805778647324,0.004164862735999325
2016-06-22,0.0015864385183239,-0.000592351294971,-0.0022985658831186,0.0083116559466058,0.0059879530744495,0.0011043472757945785
2016-06-23,0.0200392253811512,-0.0146186858827335,-0.0063903387528069,0.0036969037515761,0.1455628030676936,0.019536235563433597
2016-06-24,-0.0435301109275579,0.0206495340264794,0.0068989244522741,0.0199945766748819,-0.1851676930640893,-0.044896781715657405
2016-06-27,-0.0049565826162419,-0.0491062661067182,-0.0003736788254172,-0.0861692146033034,0.4933333466018454,-0.002901878989169378
2016-06-28,0.0224127375549489,-0.02582111142202,-0.0254378708577571,-0.028331265915126,-0.0741459561506773,0.021010287458573827
2016-06-29,0.0473271390473202,0.0301103050940849,-0.0018946552251383,0.0226992933295222,-0.2138364905617433,0.046276849147090675
2016-06-30,0.0176953797981562,0.0417867168131558,0.0053487626353059,0.0266469029812967,-0.1125333658854166,0.015297655823640515
2016-07-01,0.0160304787949209,-0.0183758208646526,0.004885190856261,0.0114964654010836,-0.0606970740537303,0.01567795774440901
2016-07-04,-0.0064573919778688,0.0032206088250654,-0.0019768856284785,0.006395019590548,-0.0550223704657988,-0.007705994968775437
2016-07-05,-0.0022637045091531,0.0,0.0022485005255767,-0.0072319331656309,0.0,-0.0020204806164664866
2016-07-06,-0.0162781064706152,-0.0377207275754315,0.0013486654017149,-0.0172349613753849,0.0548408558455133,-0.016944555014182922
2016-07-07,0.0152473011266759,0.0175145990121556,-0.0072696474385164,-0.0183121099268188,-0.0397946013218979,0.015677983371697218
2016-07-08,0.0086390160410231,-0.0491802817357216,0.0030743370960637,0.0067828576662611,-0.0133689711734726,0.007054155465421857
2016-07-11,0.0086516702774029,0.0077585513753379,-0.0029987529183332,0.0208301536186397,-0.1056910837009437,0.008340445346047961
2016-07-12,0.0123946025135491,-0.0109067224088916,-0.0019658249392385,0.0166701521245364,0.0257575876894515,0.011475662478775826
2016-07-13,-0.0090736842013763,0.0480000263935811,0.0012716462394795,0.0166774818414638,0.0007385693434276,-0.009880147163759833
2016-07-14,0.0072491081443697,-0.0455952721995385,0.0004425327317907,-0.0024885625661131,-0.0376383927456002,0.007405440698437783
2016-07-15,-0.0016073684771485,0.023994825997105,0.0028957178439601,0.0126207827161373,-0.0168711861711957,-0.0026827795991831343
2016-07-18,-0.0115916663829805,0.0050665333307671,0.0009995564689773,-0.0014917521063119,-0.0117004385414168,-0.011660622734395353
2016-07-19,-0.0001085024594777,-0.0136526258673809,-0.0047638414324111,-0.0032041575656653,-0.0181531566318602,-0.0001845109024392367
2016-07-20,-0.0036721742684688,-0.0063883995508795,0.0016939082181295,-0.0061270881968245,-0.037781296560141,-0.004288488843189579
2016-07-21,0.0044015366147105,0.0109300969395842,-0.0052644584186383,0.0122308526905277,-0.016708421453927,0.0042114961033408935
2016-07-22,-0.0067831685250903,-0.0205638635501255,0.0005400016885199,0.000519064725676,0.0824128526447649,-0.00755865310005557
2016-07-25,-0.0214133827804849,-0.0110390070954193,0.0012135637438472,0.0012598965287666,-0.0565148607762729,-0.021380260919148634
2016-07-26,-0.0008600249186484,-0.0212299723169356,-0.0056606829534567,0.0003330799570964,0.0707154239121845,-0.000519685078833745
2016-07-27,-0.001673997536527,0.0033541526629521,0.0018904281873632,0.0019103637459025,0.0139860378225606,-0.0024531961434179268
2016-07-28,-0.0246219419133986,-0.0312011977826636,-0.0003075897221649,0.0069086168718888,-0.0168582577634751,-0.024828942158691098
2016-07-29,-0.0049246717585471,-0.0177133755725994,0.0077956107892624,-0.0111285566264334,-0.0085736287865442,-0.004317962150775787
2016-08-01,-0.0174014483910821,-0.0056206481072267,0.0009865334523546,0.0083139177025282,-0.0668239279580041,-0.01811518024642966
2016-08-02,-0.0164274998552015,-0.000235476254093,0.0075496953407176,0.0,0.0480201937927291,-0.015921094263786035
2016-08-03,0.0032474139867959,-0.015312167590027,0.0,-0.0280129562463423,0.0747588694972549,0.003126093713850561
2016-08-04,0.0175891429518892,0.0311004607844094,0.0045660677240804,0.0014035453124592,-0.0381451184178907,0.01683554251538705
2016-08-05,0.0099739115427536,0.0276102664393542,-0.0060217408305309,0.0073100619253987,-0.0342145872573831,0.008842700278524613
2016-08-08,0.0081712792960088,-0.0004515795292444,-0.0015032240960558,0.0141081429189322,-0.0829307348344668,0.0075806087251275404
2016-08-09,0.005197643917228,0.0252992753626311,-0.0040587771658427,0.0030971281861653,0.0096575639474614,0.0044346538869023755
2016-08-10,-0.0048344092608319,-0.0090328233735471,-0.0005320025493983,0.015508297566549,0.0139130302097485,-0.005374472064976055
2016-08-11,0.0107452825567525,-0.0206758629310902,0.0029012744957375,-0.0035389019289187,0.033447714273282,0.01057392013493147
2016-08-12,-0.0002548157822345,0.0451759753219824,0.0063539366191389,0.0101277037810634,-0.0307053842076758,-0.0013395469922982345
2016-08-15,0.0058968824673728,0.0201998324648626,-0.004232905836947,-0.0013414390318642,-0.0111301464935159,0.00576833251872885
2016-08-16,0.0037469509183621,0.0293803963711565,0.0025013537896478,0.0005615746025882,0.0225108419556911,0.0028713582523892172
2016-08-17,-0.0108365241737978,0.0182006431414107,0.0015322103102499,-0.0099978540081245,0.0702794152595798,-0.011254228888947058
2016-08-18,0.0093763083509499,0.0125939252010929,0.0082202197302754,-0.0118195150293249,-0.0356013252149294,0.009430789068888244
2016-08-19,-0.0082619582569912,0.0208626067675257,0.0020338330098137,0.0049521259812592,-0.0623461280860537,-0.00938953049546706
2016-08-22,-0.0115671157032234,-0.0001964692798804,0.004471617839838,-0.0090475402178331,-0.0078740288875702,-0.011296147918257698
2016-08-23,0.0037998019226597,-0.0338050547286837,-0.0045192491908079,-0.0026379065134354,0.0820106078185145,0.0035605962689318022
2016-08-24,-0.00161144764593,0.0162733775334351,0.0018677759791474,0.0112688150334876,0.0089649268601001,-0.002335007217097481
2016-08-25,-0.0026472123397461,-0.0182145689369104,-0.0016274394741642,0.00496374339664,0.0864296999138227,-0.002883695982297127
2016-08-26,0.0116908340831876,0.0126401415194379,-0.0032776955622942,-0.0069468242179274,0.0133829225076855,0.011271209372537082
2016-08-29,-0.0054756041318551,0.005033219432577,0.0023709991968257,0.0075878576626846,0.001467315034588,-0.006486760716870344
2016-08-30,0.0086872808309073,-0.0132211512744543,-0.0080636356974994,-0.0039397636823031,-0.0520146562629296,0.008770836374811136
2016-08-31,-0.0140063859823083,-0.0180673857079566,-0.0005932011253045,0.0107553776888444,0.0139103795218553,-0.015115195746726947
2016-09-01,-0.0107606410995988,-0.027496341652402,-0.0035356515884125,-0.0025142678173719,0.0228658683957052,-0.010226648409630935
2016-09-02,0.0271430659845938,0.0002125493481845,0.0006696223394135,-0.001865580638857,0.0044708990761013,0.02674029940072231
2016-09-05,0.0093890515906754,-0.0046758216699942,0.0035843813769822,0.0206297287485499,-0.1112759681704819,0.0076382767649787325
2016-09-06,-0.0115958618767806,0.0,-0.0034602536462134,-0.0006754070576073,0.0,-0.01186350914599065
2016-09-07,0.0140835082802374,0.0091820728948459,-0.0007808118713308,-0.0024369164281246,0.0033389747125045,0.014102410357657533
2016-09-08,0.0061650943125931,0.0152348972973845,0.0090029734865892,0.007002892557876,-0.0066556467831662,0.004831620399016388
2016-09-09,-0.0170376196582557,0.0418925001126997,-0.0011240166046414,-0.0026263797693502,0.0477387494581666,-0.017351548208343264
2016-09-12,-0.0123802965387715,-0.0396079874065393,0.0027050870759555,-0.0098393688767697,0.3988808696899744,-0.012081694370244074
2016-09-13,-0.0239575582142272,0.006457016957486,-0.0026866842606075,-0.0132058394485101,-0.1337142944335937,-0.024171436754763166
2016-09-14,-0.006768398540943,-0.0252483697932184,0.0002136855011789,-0.0126390149841711,0.1774406702594271,-0.0061898652822570625
2016-09-15,0.0011210060019219,-0.0265392789914167,-0.0022100856881339,-0.0033280040076223,0.0162464426880215,0.0005079960490654111
2016-09-16,-0.0114441400896931,0.0161396227501398,0.0025530989757001,0.0029917088197439,-0.1014333084067182,-0.011862687849119868
2016-09-19,0.0169219715884841,-0.0176003368134496,-0.0001236891415242,-0.0129532611056862,-0.0570551776092705,0.0170056216022398
2016-09-20,-0.0084903117179521,0.0039327136415889,-0.0077773735564634,0.0112631150987991,0.0104098795447902,-0.009989036028580185
2016-09-21,0.0026071294325656,-0.0015233883277903,0.0019900846181244,-0.0011622610521723,0.0251127076644281,0.003065829140017647
2016-09-22,0.019025239353711,0.0207062062079956,-0.0023869195910793,0.0058417003134123,-0.1645728563444202,0.018025469410727007
2016-09-23,-0.0011203936363274,0.0175101358693616,0.0035146137286146,0.0233084560150549,-0.0962405800462223,-0.002202252594710306
2016-09-26,-0.0146157491601941,-0.0369360352543662,0.0015133874616966,-0.006350541236037,0.0224625202834301,-0.01470468767057803
2016-09-27,-0.0144878391927936,0.0318151907581414,0.0025963068744336,-0.0186096324883807,0.1798209963390236,-0.014411148056216275
2016-09-28,0.0068043470757941,-0.0291446103038883,0.000944935473603,-0.0016935478313432,-0.0965516978296739,0.006796030088852651
2016-09-29,0.0506071476975602,0.0591689652768787,-0.0026926801190115,0.0068229924639404,-0.0541984746161752,0.04963127874416294
2016-09-30,-0.0050592934852491,0.0112960169905633,0.0004826993764646,0.0001571225017624,0.1315577134200292,-0.007647783643833379
2016-10-03,0.0076966089423455,-0.0036555706547527,-0.0004824664901906,0.0035633049528984,-0.0520685072807113,0.008512336921865217
2016-10-04,0.0160043462230562,0.0008152690523945,0.0013481157139738,-0.0012457332680066,0.0210684525037538,0.014593428003803734
2016-10-05,0.0102253836059558,0.0360488902804463,-0.0021635460424137,0.0103385025846256,0.0044215490763483,0.009482534080014662
2016-10-06,0.000833691974878,0.0194614055288739,3.3602890188833e-05,-0.0010628719931093,-0.046955270575873,4.599144176999927e-05
2016-10-07,0.0074697438707653,0.0125337004151884,-0.0002241535200662,-0.0015530456951688,-0.0115473149479017,0.007148070343978598
2016-10-10,0.0234019740623308,-0.0110454777165661,-0.0056836933551764,-0.0069533188670817,0.0498441886326181,0.022543972688926314
2016-10-11,-0.0122372008140396,0.0,0.0047026748682867,0.0117277519286496,-0.0074183554296189,-0.013593853426652857
2016-10-12,-0.0011881170917552,0.0092432031468423,-0.0050133689127902,-0.0049641830417742,0.1479820273020275,-0.0006197444582668397
2016-10-13,-0.0052435645639838,-0.011448167828047,-0.0070795905280315,-0.0041910663970633,0.0358073048846565,-0.006115928279604792
2016-10-14,0.0116385365535579,0.0042462343210682,-0.0045259225939857,-0.0109673074780062,0.0490258135843024,0.011644946523772095
2016-10-17,-0.0134293279687182,-0.0015375363873592,0.003436451413574,0.0168568831630089,-0.0341521675605148,-0.014641090534517282
2016-10-18,0.0056930051598513,-0.0082771953582441,-0.0074141401936309,-0.0054442765651497,0.005583017404082,0.006248752661715004
2016-10-19,0.0085426328525373,0.0031055870727967,0.004362065927812,0.0127197013693189,-0.0573719558314039,0.007350502149265032
2016-10-20,0.0039613118790335,0.0191563053003771,-0.0035125462768069,0.0029373090166229,-0.0569371662802975,0.0034674439113416052
2016-10-21,0.0022017217702311,-0.0244920665592631,-0.0001646370838298,0.0067704018413166,-0.0458015166135229,0.001591907850210684
2016-10-24,-0.001941223815539,0.0077850856922201,-0.004077068056276,0.0003315379392718,-0.0298181707208806,-0.0024124612944037786
2016-10-25,0.0031267206095181,-0.0061799865270016,-0.0043748118677119,0.005267072471687,-0.0239879828458727,0.0027855733761339417
2016-10-26,-0.0120252753466184,-0.0130197858699044,-0.0006525382335154,-0.0020848374162188,0.0337941294096448,-0.012668374579537376
2016-10-27,0.0133418648346841,-0.0159480480151632,0.0010887853899097,-0.0020826297199493,0.0579494599376371,0.013560067643964462
2016-10-28,-0.0039528781659036,0.0098039552411903,0.0022696955406378,0.0013599378875588,0.0786516786208584,-0.005346241714995776
2016-10-31,-0.0178597111202423,-0.0150584925272145,-0.0010682051967778,-0.0019220761873047,0.0540365166622616,-0.01766605846086983
2016-11-01,-0.0074797260412774,-0.0283645116350954,0.0077331386387462,-0.0077908803180193,0.0537368068675858,-0.007384155697052365
2016-11-02,-0.0211094701121332,0.000621171728117,-0.001031514644415,-0.0105065371593977,0.0879249734441385,-0.02145858391371151
2016-11-03,-0.000161169230134,-0.0304159148564022,0.0076294662741307,-0.0142169531307161,0.0409482893723374,0.0003469858367598091
2016-11-04,-0.0067098077332963,-0.0108835281602153,0.0036621877604354,-0.0022414599891077,0.1428571569605787,-0.00760208757700147
2016-11-07,0.0155169492928787,-0.0166126573552386,0.0004440721523792,-0.0063763325250022,0.0194746515698178,0.015602271813967495
2016-11-08,0.0092439317571276,0.0125054776640194,-0.000111022445861,0.0185308659777032,-0.1688139096299752,0.007810930649621538
2016-11-09,0.0008356532965131,-0.0023835451075744,-0.0044208806367597,0.0047020889402094,0.0016034574085257,0.0004234004775223964
2016-11-10,-0.0041457393553654,0.0069504710786463,-0.0029971215250965,0.0108684865086468,-0.2326574018104749,-0.004646473966003804
2016-11-11,-0.0274510042686846,-0.0112165757316138,-0.00893314416859,-0.0031737665757829,0.0250347464403508,-0.027673718549938348
2016-11-14,-0.0109212240385441,0.0,-0.0028312816174972,-0.0054388899987682,-0.0386702648354911,-0.010173082574355822
2016-11-15,0.026567946561067,-0.0307591588725705,-0.0059536294304106,0.0032277111153833,0.0218771675563365,0.026070702410157486
2016-11-16,-0.0028920612523766,0.0567184434043344,-0.0068803131441655,0.0032633468371789,-0.0766574372768118,-0.0045705716643942695
2016-11-17,0.0095157406588502,-0.0068157548375763,-0.0021454703883946,-0.0076596748244607,0.0261780392270429,0.00979509285042096
2016-11-18,-0.0104847343083691,-0.0030023458383355,-0.00192716276013,0.0050985114437587,-0.02696792116311,-0.011726099556715457
2016-11-21,0.0192574674172748,0.0079586775333704,-0.0078079323898924,-0.0068906665707801,-0.0374531824503928,0.019687914810359725
2016-11-22,0.0053705332572207,0.0435339498283466,-0.0036515628049164,0.00401872739087,-0.0334630577751469,0.0035959242424832244
2016-11-23,-0.0004874218850979,0.0044989243178128,0.0051598694540526,0.0037455390365244,-0.0008051714026091,-0.000553452071430209
2016-11-24,0.0022167079834891,-0.003460874850202,-0.0004785688337957,-0.0040042259656623,0.0016116404520216,0.0016135768303478745
2016-11-25,-0.0049990192821821,0.0,-0.0083307035505151,0.0027901763697755,0.0,-0.005474151817739528
2016-11-28,-0.0073726887046844,-0.0349335864723278,0.0015843421102759,0.0025586347781303,-0.0072405591615645,-0.007567208630843773
2016-11-29,-0.0121375977767966,0.02116850051798,0.0047755305386323,-0.0103595467751345,0.0656401503992294,-0.01235349915348271
2016-11-30,0.0377671635209397,-0.0385572252411803,0.0008496710220731,0.0071664918778004,-0.0190114073956103,0.037787047752517296
2016-12-01,0.024704245880682,0.0881845635704314,0.0025556034551939,0.0043411331830445,0.0333333579760812,0.022249006657772182
2016-12-02,-0.0089809195457322,-0.0001981798293748,-0.0052959926686543,-0.0067604072037086,0.0555138616169192,-0.009637857387747183
2016-12-05,0.0032973689534827,0.0792707109111079,0.0067071485294356,-0.0052293640203452,0.0035536739032948,0.003378034028175303
2016-12-06,0.001157194427041,0.0088138000423356,-0.0076084772860842,0.0124771133084349,-0.1402265976121804,0.0003049466114371527
2016-12-07,0.0141308689462859,-0.0183836612082147,0.0165662667568189,0.0157268069005405,-0.0288303436220439,0.013824647637124215
2016-12-08,0.0071931058183484,-0.0172445818637706,-0.0034305604345797,0.0133773592081012,0.0364716120922021,0.006012369275742528
2016-12-09,0.0019141374620061,0.0167924413141213,0.0038742643807088,0.0138595552737768,0.0343698909260388,0.0014787311744510158
2016-12-12,0.0185333852189537,0.0081648255036121,-0.0130642393130355,0.0036882531039168,-0.0704114176541861,0.01799262681052729
2016-12-13,0.0039316615816876,0.025032150742114,-0.006961185467786,0.0004910238308808,0.0757447100700217,0.002654287957670583
2016-12-14,-0.0015867484760468,0.0005387429472794,0.0089389351715283,0.0117532226941468,0.0063291077162284,-0.0018216775316275027
2016-12-15,0.0033532540560489,-0.0326633103903807,-0.0011692748882591,-0.0077238925642749,0.0369496307773486,0.0028826808912442883
2016-12-16,0.0190221539301531,0.0022263252038527,-0.0108295196009359,0.0118410534448676,-0.0303259765925367,0.01843002421122024
2016-12-19,-0.002543979777662,0.0220288525846903,-0.0090643874574102,0.0029233107967245,-0.0461298009654107,-0.003820006392194595
2016-12-20,0.0091981161262305,-0.0052526882872001,0.0029886884988181,-0.0004264468349337,-0.0401639162933461,0.009269132709506323
2016-12-21,-0.001936283074285,0.0078295761018238,-0.0042248098493339,0.0066178043209033,-0.0222032645631808,-0.0030633011513034095
2016-12-22,0.0051987441276638,-0.0160794835444224,-0.0014754199774545,-0.0026406921798333,-0.0157204676419131,0.0051699601382500055
2016-12-23,0.0025363951503018,0.0108336423523023,0.0036708821693403,-0.0003791149535656,0.0141969690251333,0.0016462992945451395
2016-12-27,0.0013928643676542,0.0,0.0016414382525924,0.0,0.0,0.0010393865062915193
2016-12-28,0.0046568126517797,0.0168600490889851,0.0002091194315965,0.0013928223638444,0.0480769415130026,0.00410168019593841
2016-12-29,0.0037386401248479,0.0023177227270738,0.0005126572884317,5.793492954242474e-05,0.0800667269785482,0.0031251014079387066
2016-12-30,-0.0023019459859398,-0.0014230136840557,-0.0043335343639943,-0.0021227677263354,0.03243243880154,-0.002844172971752559
2017-01-02,0.0050927288256991,-0.0001780962173477,0.0151968219375477,0.0057339198809294,0.0501121976087384,0.004802499141476388
2017-01-03,0.0081737264132122,0.0,-0.0045688284406104,0.0,0.0,0.007413275628130477
2017-01-04,-0.0005090795147447,-0.0117584150160835,-0.0063596526243588,0.0074456316492765,-0.0847578051008941,-0.0011912546570532424
2017-01-05,0.0009261578970891,0.017847446222879,-0.0038345156784235,0.0007541432586442,-0.0778210093629292,0.0006177557838208622
2017-01-06,-0.0018052965003023,0.0076160168641241,0.0077706268201145,-0.000316516199433,-0.0151898986819658,-0.002359819531777321
2017-01-09,-0.0101195593807738,0.0036913181002928,0.0100013770340909,0.0014171547498977,-0.0299914635117017,-0.010427441546325897
2017-01-10,0.0038889744315835,-0.0378283696170511,-0.0069826670834416,-0.0036733896364409,0.0212014780267366,0.0038571604614020165
2017-01-11,0.0064299283970821,-0.023662163624965,0.0053896182614066,-0.0008340993693087,-0.0060554192004826,0.005603287611964561
2017-01-12,0.0027794885398744,0.0272184769031598,-0.0034189038769906,0.0005232518470361,-0.0200173669989504,0.0022114245237257876
2017-01-13,0.0076525867782252,0.0165154241853475,0.0042920190677575,-0.0064209116884225,0.0248667608596484,0.007134093743374754
2017-01-16,-0.0082152756621147,-0.0099981713153963,0.0018048360833133,0.0114522582766734,-0.0268631213727422,-0.008988113867285156
2017-01-17,-0.007826406176711,0.0,0.0011160953639486,-0.0089672108766299,0.0,-0.007726743007012611
2017-01-18,0.0018526337377349,0.0003606935525426,-0.0024175669126554,-0.0028805292864185,0.0569902377035453,0.0015179824603893891
2017-01-19,-0.0080101878499816,-0.0279430866711303,0.008846318945084,0.0027275043320498,0.0513900305440917,-0.008596062225975032
2017-01-20,0.0047577629325404,0.0044510698556556,-0.006451047055332,-0.0011141232164542,0.0240384777034299,0.004758594444516646
2017-01-23,-0.0149445808809556,0.0245569024150991,0.0030059793178662,0.0027686776295834,-0.0970265881867807,-0.01582791568697403
2017-01-24,0.0042769330081988,-0.0046855672799765,0.0050676412403001,-0.0080013283504406,0.019930718948955,0.004747865028377305
2017-01-25,0.0014474913806093,0.0038022648237043,0.0043903956062663,0.0025939157887011,-0.0594732995509547,0.00036283408396368933
2017-01-26,-0.0060844420598223,-0.0064934488559107,-0.0029825620432837,0.0135972770776184,-0.0234868367095875,-0.006293622577285069
2017-01-27,-0.0056131652003505,0.0210602724918227,0.002171806735201,-0.0021105541654341,-0.0166512764281802,-0.005883069910929707
2017-01-30,-0.0202574995454194,-0.0128022972833373,-0.0064203642227343,-0.0047602248918658,-0.0047036867541456,-0.020520770771542855
2017-01-31,-0.0063266187182258,-0.0052233593864603,0.0029035259428145,-0.0122936874188865,0.1228733648496556,-0.005899719394450803
2017-02-01,-0.0003737735348881,0.0085098899981648,-0.0005033636575444,-0.0098200395222993,0.0092592302708427,-0.0009354186634478255
2017-02-02,0.0012288128784327,-0.000718149281498,0.0088915591136782,0.0087411909665819,-0.0150124566253163,0.000856550549396853
2017-02-03,0.0147034706148597,0.0161696286084476,-0.0033702284934149,-0.0016293172524687,0.0101608705584599,0.014165059309037187
2017-02-06,-0.0044122678611791,0.0044200847583086,-0.0005273271840983,0.0059933425813738,-0.0804694060008096,-0.005509433886714451
2017-02-07,-0.017978956962227,-0.0191867651159809,0.0019732863070722,-0.0106321045384983,0.0364630454688779,-0.01790474588979815
2017-02-08,-0.0089233458073394,-0.0120244430898116,-0.0036848588353365,-0.0008029180681293,-0.0070360531672178,-0.008765194441566884
2017-02-09,0.0118412418896095,0.001271565772831,-0.0060652039383213,0.0007201134072982,0.0141718200135272,0.011530644839797054
2017-02-10,0.0051558345358535,0.0092525788482091,0.0013258307123169,0.0122759445591997,-0.0497816335650054,0.004085585678351402
2017-02-13,0.0061914138827597,0.0192342202818596,-0.0031442884093582,-0.0021233699701798,-0.0027573283690845,0.005799794515598332
2017-02-14,-0.0024605176958825,-0.0195767300778783,-0.0036637644435899,0.0105171780624782,0.0202764336976633,-0.003224655086351869
2017-02-15,-0.0047291708459128,0.0068357810230648,-0.0019818553870826,0.0011073093645532,-0.0298102920328304,-0.004906112850591169
2017-02-16,-0.0066147253439775,-0.003930698872698,-0.0019041322447906,0.0044788641630586,0.1145251882796443,-0.006964162492146676
2017-02-17,-0.0122424540387337,-0.0017936946030689,0.0027473211674677,-0.0038119817986242,-0.0175438624446329,-0.012420395151399666
2017-02-20,0.002131684615021,0.0028751094883205,0.0061152284630203,-0.0006734984906378,-0.0229592221521023,0.002138438362518468
2017-02-21,0.0153381458068733,0.0,-0.0042719777028342,0.0010819097865946,0.0,0.014576319058427233
2017-02-22,-0.0081166880444317,0.0152302177603578,-0.0016232376737422,0.0081331565487621,0.0069625696518416,-0.009137405059352758
2017-02-23,0.0051694805703167,-0.0144722855106338,-0.0063463131191633,-1.7985222288574576e-05,0.0146931789782149,0.005382634877279366
2017-02-24,-0.0080570563006753,0.0132521790194246,0.0011398418605113,-0.0015901854485237,-0.0025553435737702,-0.009061093704277254
2017-02-27,0.0011101480021467,-0.0104277153321699,0.002879003032955,-0.0089592776748511,-0.020495283547082,0.001312528229455867
2017-02-28,0.0056116917102626,-0.0010716444274387,-0.0029969925331975,0.0015768216964162,0.0540540428182296,0.004804978243662311
2017-03-01,0.0209975457633049,-0.0060790300506475,0.0029847640571236,0.0031154801443287,0.0686517711522436,0.02045872202829624
2017-03-02,0.000574076131367,0.0001798582749732,-0.0014268959926961,0.0212644983795469,-0.029411773389859,-0.0008208848183551908
2017-03-03,0.0024552214913913,-0.0093524578657756,-0.003150221226062,-0.0016193706310677,-0.0582136797812602,0.0024353080029363545
2017-03-06,-0.0021459554432603,0.0148874304205612,-0.0024802802950946,0.0055189164968956,-0.0719729340617003,-0.0029103882452203972
2017-03-07,-0.0007191932216635,0.0019677422656845,0.0105354998467024,-0.0046806073190038,0.0255474208026127,-0.0009108872862669278
2017-03-08,-0.0094499791450448,-0.0016068586910363,-0.0038825575177493,-0.0006907369465564,0.0186832777956615,-0.009982235744660508
2017-03-09,-0.0122718702771204,-0.0502503156402865,-0.0008561622611157,0.0013293472149338,0.0358078475320449,-0.012228430676293532
2017-03-10,0.0165383445391988,-0.0173225752790381,-0.0021516004262148,0.005979954888704,0.0370995402019167,0.01644096334565934
2017-03-13,-0.0030332286057623,-0.0157118167541888,0.0029407277055,0.0018710653874811,-0.0520325474307588,-0.0044274963192869575
2017-03-14,-0.0152447604636906,-0.0003893412143183,0.0105510259438175,-0.0002283277646133,-0.0265865754716271,-0.015094217401725838
2017-03-15,0.0100011691068689,-0.0083739107683223,-0.0036107226385362,-0.004702124333454,0.0837004209106573,0.009993484682798948
2017-03-16,0.0103960070748736,0.0174784610437888,-0.0036614117974124,0.0029093515435327,-0.0544715500735221,0.009268483797862779
2017-03-17,0.0030304003676026,-0.0013510845969655,0.0118224790429237,0.0089870977097405,-0.0361135057748136,0.0024179877942731138
2017-03-20,-0.0068827772201946,0.0003864832318845,0.0034263246936396,0.0024564097454122,0.0062443973760939,-0.0073920095693441185
2017-03-21,0.0003288250537023,-0.0027047796404234,-0.0029435278565829,-0.003169556960802,0.0053191862621519,0.00023974588981552712
2017-03-22,-0.0048204098109758,-0.0127857392690575,-0.0004939042056647,-0.0022865189981929,0.0996472750648986,-0.005451199010257613
2017-03-23,0.0021848567010264,-0.0062794289751414,0.0069631497061644,-0.0026009195510959,0.0272654487014618,0.0020560788904358594
2017-03-24,-0.0074081542262282,-0.0015797396785469,-0.0020608286224531,0.0092027891712529,0.0241998013885824,-0.008107893280468932
2017-03-27,-0.0052234729350679,0.0047467930627136,-0.0005823378938569,-0.0023260749601364,-0.0121951104274183,-0.005196867607718348
2017-03-28,0.0079366653395795,-0.0009842369647925,0.0060865503928455,-0.0020353381717952,-0.0354938299994591,0.007513603969823227
2017-03-29,0.0086959163769774,0.0114286075084668,0.001053483400879,0.0081259933125097,-0.0776000213623047,0.007864138220927906
2017-03-30,0.0096920942578878,0.0212350730373669,-0.0039808697853092,0.0029436493261749,-0.0095403000194953,0.009019196448409228
2017-03-31,-0.005183623750318,0.0103014294999965,-0.0053691894940511,0.0018157031132219,0.0105078708193866,-0.005979420372203143
2017-04-03,-0.0064507722124537,-0.0024546309604466,-0.0067434234033408,0.0055577792500598,0.0719237371273593,-0.006483698089415137
2017-04-04,0.0095217232995681,0.0054892502513526,-0.0017069780298106,-0.0079950158331955,0.0008084259478053,0.0091851454322228
2017-04-05,0.0074904990626295,0.019766552299953,0.0001173228533857,0.0025108325655622,-0.0476575240011243,0.006542451794977386
2017-04-06,0.0021693915595542,0.0035075216508899,0.0009612642031981,-0.0026079037624539,0.093299438933742,0.0016089870528568865
2017-04-07,0.0087951175109293,0.0097497934758292,-0.000736440065688,0.0048926129425785,-0.038789758470333,0.008301858244323218
2017-04-10,-0.0018413234554248,0.0063764309110989,-0.0026079227997661,0.001785314622348,0.0387408820771348,-0.0026802829316264288
2017-04-11,-0.0012446556826124,0.0133960507111641,-0.0058836171103204,-0.0043938747088878,0.0916861162135527,-0.001415247140470935
2017-04-12,0.0001464378906896,0.0044658807081872,0.0014730477104787,-0.0029880999295589,0.0725978284870048,-0.0003709999910578033
2017-04-13,-0.0085262037998403,-0.0065800984331655,0.0012946137812419,-0.0004409255454264,0.0464499520315098,-0.008944168105497365
2017-04-18,-0.0274920721393099,-0.0094828911269416,-0.0005516709521382,0.0,-0.0814536458413316,-0.027546849259457624
2017-04-19,-0.0076230086048901,-0.0084899063497344,0.0032038844332133,-0.0111592456368641,-0.0163710623203403,-0.006952974992538558
2017-04-20,-0.0009451140041871,-0.0357077629124967,0.0079071369176109,0.0032875906484242,0.0353675607616854,-0.0015612789848583435
2017-04-21,-0.0083729213652332,0.0011335985819964,-0.0012751281128192,0.0055656517899356,-0.0522438493437341,-0.008692145217538869
2017-04-24,0.0224672990840219,-0.0194376780782911,-1.0680427804499182e-05,6.976399401481537e-05,0.0339222974452986,0.02235819729362204
2017-04-25,0.0007895192601368,-0.0069284183351562,0.014842949307033,0.0398543900632346,-0.2590567281070633,-0.000879866456088367
2017-04-26,0.0028845483090967,0.0096899227671636,-0.0008366842178136,0.001615715827286,-0.0073800666586666,0.0029852473741454224
2017-04-27,-0.0164165060625966,-0.0053742569577224,0.0058357999356819,-0.0012419069427619,0.0083643262707666,-0.01725875877336287
2017-04-28,-0.0006891988662669,-0.0073330966876324,-0.0017672641505214,-0.004308793404135,-0.0451613555359253,-0.0001681618837609196
2017-05-02,0.0032858816328703,-0.0040595222565428,0.0039811951266213,0.0,-0.0656192290362636,0.002412460684214904
2017-05-03,-0.0021420400122898,-0.0205745606341756,0.0001309307074914,0.0052309037240603,0.0474777954709051,-0.002538950722702162
2017-05-04,0.0003273524232982,0.0065398699374181,0.0024495480094361,0.0022469444639279,0.0084985978556286,-3.971726026980987e-05
2017-05-05,0.0203332732530692,-0.047450281629653,-0.0042684944838889,0.0116081931857789,-0.0205992753504128,0.0198350661547576
2017-05-08,0.0048381396081609,0.0148821287744942,0.00849979774116,0.0085201708018063,0.0105162195292622,0.003455267367853981
2017-05-09,0.0048168523956408,0.0048880180432855,-0.0014913197224265,-0.0045588654890125,-0.0756858335059631,0.0045892953759925715
2017-05-10,0.0080766110328735,-0.0123632064950361,-0.0034094577036881,0.0019137177343764,0.0194472437544583,0.007299346779170025
2017-05-11,0.0004716404561093,0.0305766815609211,-0.0037451144752039,-0.0009153232647997,0.0251004015102906,-0.00019792214547839236
2017-05-12,0.0014653937227142,0.0109517965689298,-0.0014784487785168,-0.0060865397602924,0.0381978787331656,0.0011045475115365566
2017-05-15,0.0101440036021848,0.0013787609650004,-0.0005324023584492,0.0038553271004613,-0.0188679958247059,0.009588949602179837
2017-05-16,0.0066466274698838,0.0192761514416801,0.0057368796869232,0.0011985812470693,0.0019231210093542,0.005773261578232084
2017-05-17,-0.0036544238953564,-0.0032805513304989,0.0049857769753367,2.7485161364637638e-06,0.0220728925673991,-0.00421047457855946
2017-05-18,-0.0102760904863836,0.0108421595750227,0.0102174545712701,-0.0156676385437704,0.4638498320189939,-0.01049569794620876
2017-05-19,0.0081637124614211,0.0057460111534415,0.0056228564256779,-0.0063071629419324,-0.0596536431092595,0.008097230678088096
2017-05-22,0.000184500614352,0.0209484350405562,-0.0038342150507072,0.0069591544784941,-0.1787175929624299,-0.0008280012107722504
2017-05-23,0.0012677247545277,0.0048498100834379,0.0082131371794171,-0.0029216479575518,-0.0921926628068203,0.0010839452069934664
2017-05-24,0.0008904403681954,0.0051977464181536,0.0030345825164299,0.0051726113994454,-0.0192131777020655,0.0002603409121839556
2017-05-25,-0.0071205587123534,-0.0035088169169384,-0.0052989873925509,-0.0023393162340342,-0.0652984880437088,-0.0075200441799196304
2017-05-26,-0.0084176672468982,-0.0463306160566521,0.004615861514984,0.0,-0.0029940803667591,-0.008547802789198726
2017-05-29,0.000743737257437,0.0134085202814246,-0.0017937266377162,-0.002119013836963,-0.0180179535160607,0.0005466194308690086
2017-05-30,-0.0018006936914963,0.0,-0.0030958280755261,-1.957752652759215e-05,0.0,-0.0023996269975318355
2017-05-31,-0.0098367416544927,-0.0059444173388408,-0.0042066504500458,-0.004953961555943,0.0581039419411655,-0.010123672271849746
2017-06-01,0.0048321076090245,-0.0295138652545026,0.0038318428032897,-0.0018616886536191,0.0028901476532217,0.004776916526173969
2017-06-02,-0.0110806008246665,0.0003975443692652,0.0064313145508345,0.0034968678056492,-0.0499519223546026,-0.0119407506400356
2017-06-05,-0.0013234920486113,-0.0075501898329112,-0.0024675137548544,0.0069525959182545,-0.0141557470639801,-0.0010465510730425214
2017-06-06,0.0028267627275332,-0.009609600298394,0.005798381206417,0.0,0.0328204815204327,0.0020997278022586736
2017-06-07,-0.0065432145874341,0.0131392297380743,-0.0021275399601946,-0.0104794048706183,0.0377358615647456,-0.006988167635517626
2017-06-08,-0.0023532731448799,-0.0411013089085132,0.0012962107333662,-0.0015024123293428,-0.0057415757930623,-0.002489069447021717
2017-06-09,0.0078134517104346,-0.0041614805914383,-0.0014406964924613,0.0042379466387323,-0.0221367168730131,0.007331914926872127
2017-06-12,0.0057595380063509,0.0060593587929169,-0.006252378455307,0.0062264123024715,0.0531496033428162,0.004961467401383293
2017-06-13,-0.0005979063798356,0.0029075677094878,0.0015347730001453,-0.0117454808145368,0.0710280600401274,-0.0011478497381589747
2017-06-14,-0.0144930071602331,0.0089045412512618,-0.0005150637524415,0.0039278675510137,-0.0907504326693868,-0.014860235965860022
2017-06-15,-0.0106889304198814,-0.035303800854016,0.0011321271010444,-0.0030130989863745,0.0211132692339726,-0.010485395198191015
2017-06-16,0.0073753425384208,-0.0017021666181847,0.0006168448852073,-0.0061147518439856,0.0244360213174885,0.007126703127150638
2017-06-19,0.0091350116569891,0.0095908094735879,-0.0061419008027644,0.0052248279881474,-0.0477063781915499,0.008246665827595758
2017-06-20,-0.0213772572416147,-0.0097107683100037,0.0055032231804628,0.0100737599729727,-0.0009634131764529,-0.02204397926499223
2017-06-21,-0.0042210557913217,-0.0189724875835303,-0.0056836933551764,-0.005285582555129,0.0472516660101918,-0.003548825079469091
2017-06-22,-0.0036365028811378,-0.0260756356150146,-0.0006793441927142,-0.0017720913001733,-0.0101288821505268,-0.004414779837028089
2017-06-23,-0.0018410296315941,0.0089246213432057,0.002713658021074,0.0003966722665571,-0.0251163216524346,-0.001955554850946679
2017-06-26,0.0023373634947616,0.0070765078767338,-0.0015721002852027,-0.0033973266170447,-0.0438930443287497,0.001821435172536732
2017-06-27,0.0021279467813291,0.0063680480829428,0.0044122760236398,0.0051020629610387,-0.0119761311128903,0.0016055340375973988
2017-06-28,-0.0003331983920808,0.0178922029688548,-0.0013643431779222,-0.0065809996580292,0.1171718026044366,-0.0008426053595831273
2017-06-29,-0.011249096343714,0.0141479062341718,0.0139130989068103,-0.0007404975064098,-0.0931284491471298,-0.011648180553489458
2017-06-30,-0.0120712751976491,0.0023250220346937,0.0038359027970225,-0.0182056944695039,0.1405782537338538,-0.012006137359536092
2017-07-03,0.0174293558090837,0.0105440746374267,0.0051831400229083,-0.008483836065629,-0.0227272102049157,0.01731213438354546
2017-07-04,0.0006195417766527,0.0367279257821642,-0.0016221172229486,0.0145066584195989,0.0035778140215712,-0.0008074532260403679
2017-07-05,-0.0155912354654717,0.0,-0.0045258062688177,-0.0035340089190288,0.0,-0.015598031538216256
2017-07-06,0.000163370387158,-0.0380434657415155,-0.0009883622131555,-0.0003046609405098,-0.0133690346376713,0.00024709008004450753
2017-07-07,-0.009247265966167,0.0066959549841785,-0.0011686762854835,-0.0047003814756582,0.132791355695891,-0.009952591424047575
2017-07-10,0.0036453457836237,-0.0291000105615811,0.0068662454215224,0.0005141532113102,-0.1076555331400684,0.0037616863516418283
2017-07-11,-0.0005936957344063,0.0036395201664451,-0.0018360141755821,0.004105261889207,-0.0071492338432522,-0.001479424207943551
2017-07-12,0.0150419552292149,0.0136518638026168,0.0,-0.003904497879916,-0.0198019190056653,0.014834588949611817
2017-07-13,-0.0003156435061486,0.0046296552732287,0.0061500858020231,0.0146486630854001,-0.0541781573909363,-0.0015866373816856294
2017-07-14,0.0019083853364306,0.0142437466814171,-0.0047959276225421,0.0035844305283745,-0.0388350062910097,0.0018715028549019224
2017-07-17,-0.0004779437334894,0.0101198202601557,-0.0013115312019776,-0.0005357788433377,-0.0393938792602029,-0.0012083979341696869
2017-07-18,-0.0062332534547664,-0.0100184354936718,0.0062656297089047,-0.0027197978154372,0.0325972090937407,-0.006520116047334482
2017-07-19,0.0033416470782317,0.0086741429063488,-9.183217234198791e-05,-0.0107128599170865,0.007128375832377,0.0031158172605350357
2017-07-20,0.0080719753644448,0.0176085300504651,0.0065717979523285,0.0062092799799673,-0.0101112616782912,0.007363731040867685
2017-07-21,-0.0112946977707064,-0.0080483203166705,-0.001844533611983,-0.0002257073879482,-0.0214504636328133,-0.01199694128286471
2017-07-24,-0.0038194026775347,-0.0251520868754371,0.0086982849429471,-0.0136534264793467,-0.0229645374510296,-0.0036075960283180226
2017-07-25,0.0118307257878817,0.0112358944111512,0.004555875441164,0.0004229674433895,0.007478702036981,0.011252907367103477
2017-07-26,0.0045666132593697,0.0329218588282536,-0.0036662755510128,0.0058989617216518,0.0,0.003624241231543521
2017-07-27,0.0034736740821128,0.0153386543040081,0.0004890718808658,0.0050812433843467,0.0180275790872073,0.003048994996762254
2017-07-28,0.0051187062366405,0.0102020883914057,0.0071658282629512,0.000558534827552,0.0531249223897885,0.0044989984931766615
2017-07-31,0.0033498983731968,0.0200038598897078,-0.0033546913178812,-0.0072742326075642,0.0178041850928154,0.0027452731274642977
2017-08-01,0.0106032329075122,0.0024752678404826,0.0050161348734885,-0.0052973770017675,-0.0029154259555301,0.010075161940403607
2017-08-02,0.0057617144292669,-0.0003798757299909,0.0065387413448061,0.0,-0.0165692078461554,0.004853744174796847
2017-08-03,0.0016024312065954,-0.0051301624982722,-0.0010866257920078,0.0028874807579728,0.018830483400396,0.001104771715102375
2017-08-04,0.0054616872030563,-0.0066845356137975,0.003377573677836,0.002037986855454,0.0155641878957388,0.00496536128024358
2017-08-07,0.0039074823824136,0.0078830967245457,0.0028522959141332,0.0118394151618099,-0.0392720176141095,0.0032278051992202595
2017-08-08,0.00232706617168,-0.0009538198933048,-0.0089632501927566,-0.0004589892033126,-0.0099700329469288,0.0018083722390328308
2017-08-09,-0.0052180621914164,-0.0043918187307102,0.0019116520801309,0.0028038775307965,0.1037260524991452,-0.00573866910101674
2017-08-10,-0.0090639598628147,0.0107403410020405,-0.0039260165342218,-0.013420050805485,0.013686096533594,-0.009226432551990961
2017-08-11,-0.0172775696744371,-0.0151802509578545,0.0005881051250842,-0.0100649894335594,0.4437445014579371,-0.017428674473021998
2017-08-14,0.002959619761073,0.0038535056331832,0.0007415154707228,-0.0079218389366159,-0.0330424349372977,0.0031919675640753186
2017-08-15,-0.0032268713122853,-0.0262955656815473,0.0046947429594301,0.0130109804292015,-0.2050290301900941,-0.00413543251694027
2017-08-16,0.0046096184041885,0.0013798481264708,-0.0042039522171026,0.0032602459490489,-0.0235198672868979,0.004537803103177222
2017-08-17,-0.0073864220695798,-0.0104330469932413,-0.0029353383312505,0.0065455649700003,-0.0249169594423064,-0.008228113761546075
2017-08-18,-0.0034447339765607,0.0151183273246982,0.0028141223313202,-0.0064857635842836,0.3245315582534989,-0.0033514916419012494
2017-08-21,-0.000524608696991,0.0331178224933035,-0.0049908023402726,-0.0046042979982904,-0.0829581958861741,-0.0010636485428793412
2017-08-22,0.0075426922410943,-0.0201062471310177,0.0034797650512456,-0.0065292524466453,-0.0750351073860001,0.007166795692993583
2017-08-23,0.001784821295895,0.0040650229402425,0.004736625588263,0.0093646202368302,-0.1394995646285004,0.0009492132011418819
2017-08-24,-0.0014459376278109,0.0134952916397528,-0.0042108938864631,-0.0049080488850683,0.0792951179102718,-0.001789805598453039
2017-08-25,0.0002036146332407,-0.0100817725389688,0.0046202130545873,0.0017739907649672,-0.0016326904296875,-0.0002216962416889573
2017-08-28,-0.0017600559864071,0.0071098947996821,-0.0012155423160857,-0.0017940249818315,-0.077677828685464,-0.00222464236639641
2017-08-29,-0.0066908855043498,-0.0099217794176228,0.0126809030625938,-0.0050951765373375,0.0035460959929021,-0.007043780528804445
2017-08-30,0.0057607713245225,0.0021198807409026,0.0010049925468371,-0.0095906958760293,0.0335689156082454,0.005588084295606251
2017-08-31,0.0075551027335376,-0.0219230651855468,0.0005506166238591,0.0045717191824357,-0.0410256025693454,0.006706993458885335
2017-09-01,0.0045600443731201,0.0298859701046543,-0.0064343671348647,0.0052178387610715,-0.0561497414837183,0.003948942828975553
2017-09-04,0.0002317877158043,-0.0011455015667714,0.0014291962983425,0.0065497906751377,-0.0434372078865893,-0.0003504902129440333
2017-09-05,0.0064875462575848,0.0,-0.0023170401538554,-0.0039083711962996,0.0,0.006096449005001224
2017-09-06,0.0014588166922933,0.0202599652040111,0.0008919502269502,-0.0027867767418688,0.2073049757227283,0.0006804101022562589
2017-09-07,0.0043902228378434,0.0153615526117705,0.0025756404571504,0.0037826572849839,-0.0490596443379504,0.0040345226949712555
2017-09-08,-0.0082473295720776,0.0053505703218668,0.0003101183458396,0.0040363047015448,-0.0068787551950854,-0.008943311949969827
2017-09-11,0.0073970564189516,-0.0130299665498174,0.0084925295343121,8.71005193103791e-06,0.0493506221135353,0.007461601576861884
2017-09-12,0.0023835031365795,0.0011156819385074,-0.0009493881946254,0.0137773410043438,-0.1146864980567311,0.0013448406073198814
2017-09-13,0.0084134697462362,0.0079866326886537,-0.004843604322492,0.0049697205241188,-0.013979461782811,0.008138049208036475
2017-09-14,0.0046514896993787,0.0163994726762732,0.0012693001604815,0.0030120008790996,-0.0075614295163465,0.0037267599932968606
2017-09-15,-0.0054593743432604,0.0056200394153111,-0.0070155063686195,0.0009480429368307,-0.0057143256777808,-0.0058964816168400385
2017-09-18,0.0031062085165779,0.0027041230914135,0.0026108411967522,-0.0030993885407432,-0.0258620225039742,0.0029153581309217156
2017-09-19,0.007211303370133,-0.0025170692617216,0.0013012212761127,0.0031829845261284,-0.0019666133346736,0.006497531852489429
2017-09-20,0.0086479801905178,-0.0061283373358547,0.00185367566448,0.0012589364167883,0.0029557327855203,0.007989119693361375
2017-09-21,0.0058564914333927,0.0208560308053757,0.0027822467300226,-0.0015943347327204,-0.0392927858755779,0.005103436849735845
2017-09-22,0.0050160325244359,0.0024871093865947,-0.010043745126784,0.0039823683873576,-0.0112474089652994,0.004440040714551526
2017-09-25,0.0116345619163657,0.007620065618471,0.0061877381690282,0.0005169621167815,-0.0082730013521069,0.011013959244604653
2017-09-26,-0.0004755857177346,0.0379880377106234,-0.0015385191117365,-0.0010193265302858,0.0646506648273381,-0.0013882760377781867
2017-09-27,-0.0007747378339557,-0.0098272081761462,-0.0059989457543223,-0.0004042545409627,-0.0039177239670498,-0.0009748438454773447
2017-09-28,0.0034631660753352,-0.0092401970143661,-0.0058695433804141,0.0053133542450638,-0.0294985436071094,0.002937549025022153
2017-09-29,0.0026140581858938,-0.008462895778125,-0.0030901611562736,0.002382437658186,-0.0324214486863788,0.002042962999395816
2017-10-02,0.0006234946310068,0.0022644324762368,0.0027333756006684,0.0087579570380063,-0.004188477597292,0.00011427875444437621
2017-10-03,0.0078455362723567,-0.0246785186139854,0.0021725642531424,0.002180854148859,-0.0063091922368706,0.007401066565281144
2017-10-04,-0.0105537234496932,-0.0021382561327275,-0.006230663267346,0.0008438247842426,0.0063492508812406,-0.011370982205945578
2017-10-05,0.0111945649101616,-0.0035714421953473,0.0011748437546192,-0.0030007982899397,0.0126182841925326,0.01142611571097065
2017-10-06,-0.0070565126310643,0.0215053903108739,0.000822968012319,0.0051823626762856,-0.0456906052781663,-0.00835457547959417
2017-10-09,-0.0004254634621205,-0.0242105450546532,-0.0038182300255964,-0.0028282433825685,0.0500544134005049,-0.00013029784197365912
2017-10-10,0.0025098320743348,0.0030564902356573,0.0025715959864538,0.0019925878091351,0.0704663556535298,0.0017315928806535708
2017-10-11,0.0030800664902214,0.0146979688361323,-7.045475703104653e-05,-0.0032433072808475,-0.0242013554546386,0.002674526474673817
2017-10-12,-0.0013022352083831,0.0058293236671875,0.0062382235053426,0.0023896513612295,-0.0228174150770991,-0.00191243089422664
2017-10-13,0.002092888236061,-0.012117995141386,0.0042835047734128,-0.0005127955587587,0.0060913161034243,0.0017877267634967427
2017-10-16,0.0032658098760641,0.0163555230034722,-0.0028396050152021,-0.0002745747443239,-0.0302724717814405,0.0026545035216976823
2017-10-17,-0.0027927341359898,0.0113696264946181,-0.0015004181765808,0.0004771665477869,0.0312175027526058,-0.0033136392053353106
2017-10-18,-0.0020271815702221,0.0010377269734989,-0.0016513054394394,0.0004159422316898,0.0403633277864323,-0.0023043387241902373
2017-10-19,0.0003520690955757,0.0046648315960797,-0.001918743283792,0.0032928603398183,-0.0232784398665818,-7.752259857642845e-05
2017-10-20,0.0040948266373174,-0.0158211858899632,0.0019815712255766,-0.0048540120433673,-0.0019860481326166,0.0036252522941454916
2017-10-23,5.21960374355405e-05,0.0090861517023062,0.004478521531023,0.0008356309966301,-0.0079601912624645,-0.0005755193802812779
2017-10-24,0.0098775143021945,-0.0065801050755884,-0.0079689115657278,0.0010485256137071,0.1103309326312811,0.009516578894906463
2017-10-25,-0.0091886873145109,0.0167335352456556,0.0004704010914766,0.0005042642599086,0.0081300953088525,-0.010141968684485976
2017-10-26,0.0019349347870141,0.0018857670529977,-1.1759566737046256e-05,-0.0053258465226345,0.0062723741739523,0.002166697460572854
2017-10-27,0.0076904012983966,0.0147159587707197,0.0052483766284783,0.0127357650459327,0.0062333616519982,0.006830632484184836
2017-10-30,0.0142396653665932,0.0192242732599561,-0.0155240579735868,0.0041323076813615,-0.1327433605912578,0.01362771600682521
2017-10-31,0.0055087092061447,0.0076109018799124,-0.0028083304001996,0.0027243495686428,0.0714285505756349,0.004468556014150561
2017-11-01,0.0080578082843633,0.007717526998848,0.0041483929561452,0.0032139380781264,-0.0304761614118304,0.007635136161656339
2017-11-02,0.0071498899857054,-0.0013035362188325,-8.163686205087117e-05,0.0063827628257144,0.0019645877691365,0.006312190799088541
2017-11-03,-0.001942499281472,-0.010931668683869,-0.0019768373834866,-0.0023259192250677,-0.0264705401115892,-0.002539378398001187
2017-11-06,0.0058577348584945,0.023919511522406,0.0028454487786415,0.0003144415782967,-0.0795568920014291,0.005576538803729436
2017-11-07,0.00819316657651,0.0354438047214238,-0.0040187544600722,-0.0020596032466688,0.0284463091292401,0.007392190613234106
2017-11-08,-0.0008702698517468,-0.0090243978007115,-0.0001973660104939,-0.0064062414327916,0.052127738795493,-0.0015340478627112663
2017-11-09,-0.0068825477118006,-0.0031401625459969,-0.0009977009455318,-0.0010194629476131,-0.0111224071317479,-0.0071826188879771675
2017-11-10,-0.0084390608210528,0.0069302034190716,-0.0003595474860088,-0.0116387340789326,0.0736196612154784,-0.008627853692583082
2017-11-13,-0.0025743106980271,-0.006413262090645,0.0043093372674718,-0.0051875405493079,0.0752380916050501,-0.0027424549049303005
2017-11-14,-0.0112067819212923,-0.0056675158651948,0.0012244501079825,-0.0053537215011832,0.0186005348854318,-0.011662434150625876
2017-11-15,-0.0174795854363261,-0.0150411774103,0.00032661821949,-0.0050748454672604,0.0078261002250339,-0.01738948614986788
2017-11-16,-0.0095569965681997,-0.0054653618002182,0.0109673143007573,-0.0029974053561862,0.1328731614821563,-0.009430061416702872
2017-11-17,0.0012312718120714,-0.0082430633641141,0.0,0.0053811576443292,-0.10434119372568,0.0009655549389792402
2017-11-20,0.001496263425968,0.0221642861281543,-0.0013072429264127,-0.0048642525956891,-0.0280612174560673,0.0009069476687203295
2017-11-21,0.0064701167520164,-0.0079719386203543,-0.0038714957745441,0.0039323773419526,-0.068241528068228,0.006022507980202888
2017-11-22,0.0044732424214214,0.0056251762657413,0.0007983624272778,0.0050289510873495,-0.0863849867837749,0.003722598909525921
2017-11-23,0.0004769879788229,0.0119865750944223,-0.0003403304129084,-0.004657355502512,0.0154162979713885,-3.4663537493925226e-05
2017-11-24,-0.0020339374365722,0.0,0.0066043733940015,0.0026441458672175,0.0,-0.0024703098008314055
2017-11-27,-0.0068696888211838,0.0085281256811422,0.0033191651314923,0.002564314790606,-0.0212550643435752,-0.007223066034901408
2017-11-28,0.0153010547969368,-0.0003131922576341,0.0061182712240825,-0.0048056005984981,0.0206825033802675,0.015137063019108865
2017-11-29,-0.0029659316713723,-0.0036027497131357,-0.0018095565656847,0.0054629240566628,0.0162107243431894,-0.00426986829100583
2017-11-30,-0.0025609112564537,-0.0078603992328626,-0.0047748187888979,0.0017915277822724,0.0667996105813923,-0.002456613332083677
2017-12-01,0.0018216828671558,0.0072888461420361,0.00033192898229,-0.0055655938332475,0.0542056013126124,0.001235528667723645
2017-12-04,0.0080739308549244,-0.0012584240481589,0.0039025677688939,-0.0118713486326113,0.0132979233825814,0.0076094081257522365
2017-12-05,-0.0020045284017412,-0.0163805463542784,-0.0032258381247838,0.0137970889714713,0.0218722653827747,-0.002823041581884655
2017-12-06,-0.0048044967015993,0.006565249678194,0.0006646044362246,-0.0015798531382394,-0.0299657853017889,-0.0049771075893311435
2017-12-07,-0.0044280722313552,-0.0260897132313798,-0.0029345920957166,-0.0025206059054136,-0.0273609415736855,-0.004776007649070431
2017-12-08,0.003065002228072,0.0160078327784305,-0.0024198653821433,0.0032457074355551,-0.0780399795487926,0.0027828186893995824
2017-12-11,0.0058292874440133,0.0192926165308737,-0.00271940887193,0.0051271767218701,-0.0570866075213365,0.0051610034694513866
2017-12-12,0.016954319264674,0.0203470171053667,-0.0001882488944048,-0.0025727743279173,-0.025052168374686,0.016339207010468506
2017-12-13,-0.0081312817431824,-0.0208687932890578,0.0006477021765123,0.0050639512805112,0.0620984918876421,-0.00929845190426845
2017-12-14,-0.0050025178294484,-0.0142090546844139,-0.0029708211535502,-0.005166191384654,0.0262097002905437,-0.004718861375944273
2017-12-15,-0.0024712094918528,0.0139334203349883,0.0079418022134918,-0.0071278088355901,0.0304518130303759,-0.0030272629297424677
2017-12-18,0.0089104208618829,-0.0012636523348495,-0.0051456196564302,0.0012119775011829,-0.1020018797112103,0.008634795705039871
2017-12-19,-0.0042253605885473,0.002846754807511,-0.0026658432506035,0.0137310715471705,0.0116772458371914,-0.00517352079184667
2017-12-20,0.0003823304141337,0.0061504398452438,0.003464546211443,-0.0075358234177821,0.0524658986369261,0.000376664385700804
2017-12-21,0.0131787831767031,0.0119121995395217,0.0048431274245479,-0.0082546768766885,-0.0309072257423232,0.0125056994475924
2017-12-22,-0.0010039685413657,0.0052664804854829,0.0031120812336458,0.0051032686731007,-0.0102881048068421,-0.0019647530132711876
2017-12-27,0.0034801238553282,0.027126385334351,0.0013891584109138,0.0,0.0353535752480853,0.003327959501287248
2017-12-28,-0.002452707451421,-0.0086540470115072,-0.0012333064843425,-0.0009061687010059,0.0214634406857374,-0.0032026227415034485
2017-12-29,-0.0046035567787797,0.0042143101897655,0.0036178299996894,-0.0072841198732235,-0.027698180941434,-0.0047876479412452405
2018-01-02,0.003365826075865,0.0,0.005294264684684,0.0,0.0,0.003013849615868973
2018-01-03,0.0133133981444139,-0.0004504321318945,0.0005525059930118,0.0,-0.1150361873621048,0.01266414058916461
2018-01-04,0.0172850314140318,0.0190776122711195,0.0043187588619857,0.0016894947262513,-0.0634596530382676,0.016306516179413397
2018-01-05,0.0034095372226589,0.0033903798547985,-0.0043958437319254,0.0168096920606646,0.0076503444171487,0.0023999363199480876
2018-01-08,0.0014368581077655,-0.0066107969775178,0.0048636858782689,0.0108577484455605,0.0,0.0010990071435621079
2018-01-09,0.0030845472057511,0.0023661050904486,-0.0026000394900196,0.0024448373713157,0.0325379806991632,0.0025198828551442247
2018-01-10,0.0012619963191482,0.0153437730046848,-0.0055662873149811,0.0017752674867088,0.0588234704847829,0.0007274398020300925
2018-01-11,0.0061762173108587,0.0055216107977773,-0.0034356260046385,-0.0035993669772029,-0.0257936736954104,0.005713597253856295
2018-01-12,0.0034937514243624,0.000867127032291,0.0022477158098972,-0.0040417658379652,0.0061100225541068,0.0027641780847930866
2018-01-15,0.001323247650766,0.0088074009751215,0.0071891624950732,0.0048314207771058,0.0283400536161873,0.0008479261883454454
2018-01-16,-0.0102098114605609,0.0,0.0124727210271198,-0.0002214600536275,0.0,-0.01070356758334649
2018-01-17,-0.0055233283091449,-0.0103048689337335,0.0062446468589039,0.0028240552538485,0.1476377974928877,-0.005462267012187453
2018-01-18,0.0006748976692743,0.0033260408165427,0.0002331048083525,-0.0025483034127085,0.0214408236081997,0.0002496084282261569
2018-01-19,-0.0082652900351152,-0.0010089319342077,-0.0071153741723137,0.0022503121547874,0.0260285830048989,-0.008752199513014652
2018-01-22,0.010577223415792,-0.0100995090592871,0.0043194853718868,0.007777093861359,-0.0777413902214358,0.010542958143935351
2018-01-23,5.360458072706242e-05,0.0061215298820729,0.0015442078323903,0.0044422169576996,-0.0212955381583103,-0.0010885213082458072
2018-01-24,-0.0004126803685246,0.0134724079620685,6.128010640571446e-05,0.0019125441193015,0.006346387143536,-0.0005284735409882536
2018-01-25,-0.0001557295044094,0.0081475086089692,0.0044070340971771,-0.0079160600198116,0.0333333218777864,-0.0007386782822941698
2018-01-26,-0.0038190610261718,-0.0015596287006296,0.0065673109670838,-0.0035875045878309,0.0095902052411844,-0.004191491586271244
2018-01-29,-0.0043193084354625,0.0014200294905033,9.918784301454764e-05,0.0047546272826037,-0.0431778932032997,-0.004618649135659139
2018-01-30,-0.0178242666563091,-0.0150311629190635,0.0028832806660605,-0.0011980756625042,0.2490974952966125,-0.01813476369679211
2018-01-31,-0.0029486250816189,-0.0063346162857149,-0.0037762496543305,-0.0099614713737373,0.0686416039589059,-0.0026144150245942794
2018-02-01,0.0027362740214056,0.000434749495086,0.0022957708481008,0.0007042459451029,-0.0845165654647769,0.002058881644111771
2018-02-02,-0.0172970942466335,0.000434450079233,0.0007327641442789,-0.0088493695603765,-0.0051698445362948,-0.017761426712558353
2018-02-05,-0.0125429251216179,-0.0072379847531391,0.007355873169887,-0.0151145587888643,0.2850778858789582,-0.012160343727033292
2018-02-06,-0.026194420856041,-0.0139982364952043,-0.005041091441751,-0.0126331172644564,1.1559792516603906,-0.026440630959024363
2018-02-07,0.0239933888183155,-0.0112393094552023,-0.0063570908245311,-0.0241033748093381,-0.196677390477199,0.024693237610108075
2018-02-08,-0.0173263983047577,-0.0201914218037275,0.0010896513674667,0.0175556711285647,-0.0750500345015069,-0.0194536465360666
2018-02-09,-0.0172191811817365,-0.0106854610717465,-0.0091397388241666,-0.0223533139963111,0.2066353998134333,-0.016042534551520257
2018-02-12,0.0119607558955657,-0.0311679790026246,-0.0006008013016098,-0.0151926266105831,-0.1315002910616373,0.011557427432768974
2018-02-13,-0.0035548919836048,-0.003185232680734,-0.0006494849380261,0.012705994272294,-0.1187198526838975,-0.004586596041050944
2018-02-14,-0.00295606135167,0.0020770261670923,0.0041587240340001,-0.0081110571838121,-0.0249902882367906,-0.00295364691798247
2018-02-15,-0.0022563846386849,0.0261479489433922,0.0040643773971436,0.0086503300205948,-0.2286743789143328,-0.002775264778416508
2018-02-16,0.008874545044224,-0.0004661090586137,0.0091883818016773,0.0058756092231559,-0.0067497957720835,0.008571029305912664
2018-02-19,0.0010519094954099,0.0079277862944151,0.0029133778536047,0.0109658479836103,0.0172503888229564,0.00011874269253307963
2018-02-20,0.00730438510508,0.0,-0.0073354603053779,-0.0055474522863177,0.0,0.007041720908188398
2018-02-21,-0.0006290503970726,0.0063233140849174,-0.0010662864839592,0.0080081339371504,0.0585817754691821,-0.0015073514356433375
2018-02-22,0.0016311690338866,0.0026053359225335,-0.005106754965563,-0.0014323293500367,-0.0281553355808565,0.0014219361066214143
2018-02-23,0.0057203968594397,0.0148272890225114,-0.0043355863473919,0.0005335255999405,-0.0649351206135984,0.0050852233228556734
2018-02-26,0.0074384875817524,0.013857481208062,0.0036487320821019,0.002759323520777,-0.119123911540183,0.006812747660144375
2018-02-27,-0.0002489101521878,0.0028227967359655,-0.003206951718941,0.0063112664246158,-0.0418435166743796,-0.0009604894893398095
2018-02-28,0.0020103385274597,-0.012888929578993,0.0023152774549177,-0.0014870444058361,0.1765822739349767,0.0017036351330207012
2018-03-01,-0.0102857496064218,-0.0127569939840795,-0.0069223347244791,-0.0055147202880863,0.0677783872264483,-0.010892412661541716
2018-03-02,-0.0215673942096311,-0.0010641486184741,-0.0031941012542768,-0.0115732806663079,0.1319898680873867,-0.021448917219741688
2018-03-05,0.0086892863361955,-0.0203925788549778,0.0065281628103974,-0.0218906771182764,-0.1281708610936603,0.00899623077192708
2018-03-06,0.0086165069488501,0.0181761398015076,0.003632962028863,0.0091946968522069,-0.0438999797678896,0.007401117330836822
2018-03-07,-0.0052190039914316,0.003814464395907,0.001714851283888,0.0007570184097942,-0.0197543481541692,-0.005705282463336088
2018-03-08,0.0014786661312858,-0.022039892954227,0.0064938961550604,0.0058072699207745,-0.0326797582529185,0.0012998743691790267
2018-03-09,0.0031257181370182,-0.0113459087517722,-0.0001613887458375,0.0106355025026987,-0.0686936541459325,0.0024832541356732563
2018-03-12,0.0009144061174136,0.0295550579371008,-0.008700747242001,0.002126989201973,-0.114873063303214,0.0004149858701222903
2018-03-13,0.0008400180774089,-0.0082455479178765,0.0001722275433881,0.0026136052506786,0.0778688089422339,0.0003771058582402703
2018-03-14,-0.0078462731022482,-0.0047728648677348,0.0025049078334542,-0.0093687331593953,0.0361217147112846,-0.008323066065292576
2018-03-15,-0.0015555420630763,0.0038675742939446,0.0042754488032974,-0.0018750252415535,0.0538225773843985,-0.0016144679291037055
2018-03-16,0.0151206569106808,0.0035445116211587,-0.0013490517486015,0.0068269062268393,-0.0371444809432287,0.014564709174589605
2018-03-19,-0.0206718627908327,0.0167382722960316,-0.0053667001045906,0.0068157979719507,-0.0476190448816719,-0.02178042114762821
2018-03-20,0.0115027407364431,-0.0024164935044134,-0.0023087996256335,-0.0123959575527412,0.2037974827947799,0.012352189031295422
2018-03-21,0.0127208759777754,0.0207417873412352,0.0045646072869085,0.0050931099901763,-0.0431124960614555,0.011113683553186714
2018-03-22,-0.0102187959131542,0.0304064536848664,-0.0068855653781814,-0.0032355744325223,-0.0186813262821521,-0.01071263041728732
2018-03-23,-0.0019938088169142,-0.008060998254695,0.0078160954880879,-0.0155393929648702,0.306830870938501,-0.0019322847903621436
2018-03-26,0.0058654899527746,0.0223478915149091,-0.0018364604103372,-0.0149692442555467,0.0655527282194925,0.005272875860408077
2018-03-27,0.0118593804783894,-0.0046840910710413,0.0023843820845586,-0.0058670971978093,-0.1544028959794058,0.011206483943861536
2018-03-28,-0.0053169222025664,-0.0001426431237691,0.0083465213194759,0.0116600322108482,0.0699001077202994,-0.006224862682932992
2018-03-29,0.0067618712716553,-0.0082727403509542,-0.0039829287741676,0.0043112042806292,0.0164444817437066,0.0067887130563044195
2018-04-03,0.0046838306906537,-0.037427029729017,0.0009235128642599,0.0,0.1827742439349033,0.003693213278930466
2018-04-04,0.0075659448165457,0.0070964423605104,-0.0017455142626162,-0.0043343948711512,-0.1066892619909601,0.0071587136843093
2018-04-05,0.0292718997638736,-0.0014680871914768,-0.001154203173118,-0.0019659312022554,-0.0492891420248828,0.028450127334995353
2018-04-06,-0.000588927217186,0.0045575595896458,0.0006757298610655,0.026823491818565,-0.0558324507329267,-0.0022407596886913914
2018-04-09,-0.0002550678749448,-0.0178545468756106,-0.002866807917854,-0.0063703126362412,0.1346356475795858,-9.747385452144226e-05
2018-04-10,0.0190318704571024,0.0229474132248748,0.0016198671529901,0.0019805756305812,0.0130293480515444,0.018311141484298906
2018-04-11,0.0058116408294681,0.0348142656449539,0.0041525994571225,0.0070076082276786,-0.0597152557222647,0.00459645481520379
2018-04-12,-0.0002323900079772,0.0143580606689359,0.0033009309184357,-0.0055455912262216,-0.0112359330704168,-0.0005859698010199186
2018-04-13,0.000848197676305,-0.0005551057019509,0.0006928037696238,0.0070941717405104,-0.0864624515706365,0.00037006109876420925
2018-04-16,-0.0050019950517057,0.0077756902817378,-0.003390605609685,0.0011701696969361,-0.0584099479218512,-0.005471918136542369
2018-04-17,0.0046268438788047,-0.0159824143406545,0.0002343636924231,-0.0020185501558874,-0.0488225381343742,0.004429981601437999
2018-04-18,0.0190448288098411,0.0022403201653811,0.0042603793037685,0.0107147468870836,-0.0791062504945457,0.018261928910925766
2018-04-19,0.0082561607274605,0.0265437479362371,-0.0009651184794344,0.0037321209567724,0.0229508446865394,0.00706999680846572
2018-04-20,0.0002806762186264,0.0040826811194609,0.0004827845540928,-0.0012288542617729,0.0230769005047504,-0.00020247303677851475
2018-04-23,0.0077671949299245,0.0037950499312755,-0.0027160017803659,0.002179731917272,0.0576440551642032,0.007326530456945907
2018-04-24,0.0127676948343131,0.0087766884594433,-0.0058421166573228,0.0053975467017992,-0.0319904641603185,0.011952331253601154
2018-04-25,-0.0161206017640797,-0.0113773053746129,-0.0052498738305284,-0.0006205916622225,0.1028151951950691,-0.016994101466897057
2018-04-26,0.0153015397450148,0.0018954696519297,0.0026564143873653,-0.007134907921553,-0.0099889179025093,0.01582346200777328
2018-04-27,0.0026673714017459,0.0099999711320206,-0.005696364074937,0.0057948754583987,-0.0896861192704434,0.0010364506661224493
2018-04-30,0.0016347095720548,-0.0013379512574158,-0.0050980692506104,0.0036365917842857,-0.0511083704066399,0.0016281666977935115
2018-05-01,0.0024122386150445,0.0071007339714739,0.0010909323947758,0.0050415172550355,0.033744351908673,0.001680279261061886
2018-05-02,0.0007284345969112,0.0,-0.0034309910205799,0.0,-0.0276208741762959,0.000305454470479361
2018-05-03,-0.0027649971847365,-0.024078722930467,-0.0074227828696388,0.0048833371325123,0.030987766494718,-0.003255542063576829
2018-05-04,0.0124532325445162,0.003544194848245,-0.0033820619593035,-0.0069418625196856,-0.0043832590687588,0.01216029011087781
2018-05-07,0.0096673063216183,0.0169790811378098,0.0032010247748006,0.0060836610798713,-0.0710691313130392,0.00855966731575332
2018-05-08,-0.0134188254374209,0.0173633681671345,-0.002857222969384,0.003830307971063,-0.0013541270916588,-0.014006216267714621
2018-05-09,0.029229030320889,-0.0173296537554912,-0.0017781177837504,-0.0017704046915244,-0.0027118618205442,0.029486655381326256
2018-05-10,-0.0059906307071656,0.0315297349159935,-0.0055185675398946,0.0033334760622945,-0.0876954424546371,-0.008154960181465968
2018-05-11,0.0072085973077497,0.0033674671585737,-0.0017415490223751,0.0,-0.0141580128895265,0.007866230531545839
2018-05-14,0.0060114282631608,-0.0045178581206419,0.0059348972501669,-0.0011821507209682,-0.0438397538756085,0.0046989753687934985
2018-05-15,0.0091114133059314,0.0143931609286769,0.0029044280524377,6.169386286436485e-05,0.0221344422995357,0.008794739750381501
2018-05-16,-0.0053725637358662,0.0025565248582397,-0.0017539073934901,-0.0004066340158973,0.1314771669869674,-0.006310672949744804
2018-05-17,0.0126603370143173,0.0108376701621024,-0.0092439502028255,-0.0004039910867155,-0.0827067688777808,0.01270419395094677
2018-05-18,0.0015965699916796,0.000252324328569,-0.0003308766840448,0.0082321268592437,0.0007451735339034,0.0003185803203352277
2018-05-21,0.003315066489533,-0.0099621801402923,-0.0018400451940925,-0.0051277837484569,-0.0007446186637822,0.0031909854580861835
2018-05-22,-0.0035215311975982,0.0090434220501061,-0.0024239582154234,0.0,-0.0253353316434394,-0.004277018629113022
2018-05-23,-0.0257585753918283,0.004418056914011,0.0021934890121912,0.0037747331095294,0.0107033902247215,-0.025889407217633602
2018-05-24,-0.0146594720003752,0.002890578833929,-0.000330158214121,-0.0126642781073593,-0.048411522722805,-0.014035256669009698
2018-05-25,-0.0220099095795754,-0.0126566678897918,-0.0066513559917973,-0.0056637712268207,-0.0039745779839506,-0.022271094206131107
2018-05-28,-0.0054729261156947,-0.0298261003530204,0.0010667618428481,-0.0018172454471637,0.0550678809866183,-0.004964053986569823
2018-05-29,0.0034715556188047,0.0,-0.002875428438939,-0.0093077846490516,0.0,0.0028304178577885563
2018-05-30,0.0257361401688936,-0.0137363032211135,-0.0053018804251416,-0.0156490483314526,0.2874432763978236,0.025219714135077773
2018-05-31,0.0038161871570125,0.0279878051125344,-0.0075352169427651,0.0038067433760151,-0.1222092139504954,0.002186202034928089
2018-06-01,0.008013106076907,0.0011612430695564,0.0110838863344568,-0.0100372370170258,0.0327979075338038,0.007951726800721265
2018-06-04,-0.0020447144480424,0.0,0.0022216775197889,0.0137642957342021,-0.1276733783581325,-0.0030525181095124587
2018-06-05,-0.0075567654871739,-0.0296429376326712,-0.0021003282412793,0.0046416225425394,-0.0534918473245361,-0.00763724288548337
2018-06-06,0.0075216934678015,0.001195329217642,0.0027379512013323,-0.0036834619405504,-0.0266876105727001,0.0072601454292621735
2018-06-07,0.0153964131445305,-0.000265277842863,0.0021927346739083,0.0011658299322014,-0.0612902660151533,0.014507291642386365
2018-06-08,-0.0099966572143304,0.0260084802096383,0.0050559829080247,-0.00030341040776,0.0420961990262527,-0.010959454084277913
2018-06-11,0.0115001250723562,-0.0111226152838322,0.0008256799721879,-0.0036042773458145,0.004122027226969,0.011774676736170352
2018-06-12,-0.0083052796540697,0.0,-0.0009544638670138,0.0095494797112862,0.0139573129749188,-0.00963830680677218
2018-06-13,-0.0078274343904308,-0.0075856897462672,-0.0008360043524021,-0.0013332181922935,-0.0008097351071211,-0.007456479419932178
2018-06-14,0.0164453716332529,0.0113336932193,-0.0021968538153654,0.0011451269656537,0.0486223193173609,0.015981449798730687
2018-06-15,-0.0197251413599088,-0.0104247516892488,0.0050654713259681,0.0136655347306584,-0.0633693756889541,-0.020940284886432396
2018-06-18,0.0045899417130024,-0.0329207258312764,-0.020426599495713,-0.0062629425274085,-0.0115511835515413,0.005445374666925078
2018-06-19,-0.0025679414371023,0.0258713757260597,0.0025394867515882,-0.010947189166877,0.0275459841393925,-0.0038507017675792165
2018-06-20,-0.0095395080127404,-0.0034509492895365,0.0030007027580272,-0.0090432707076736,0.0844841532414351,-0.00946414714599018
2018-06-21,-0.011491720229386,-0.0045285556605371,-0.0036270917556433,0.0012517243812784,-0.0419475957764016,-0.011733680690220431
2018-06-22,0.0303048186958068,-0.0226116518640008,-0.000822121656106,-0.0104925243824759,0.1446442835799428,0.03030654583644637
2018-06-25,-0.0232118083437842,0.0342231334094358,0.0023095382498676,0.0111914135058612,-0.0594262202975893,-0.025305089477579663
2018-06-26,0.0068038853431533,-0.01085373476772,0.0047928074505707,-0.0210338606068869,0.2585329954680733,0.008242983920969534
2018-06-27,0.0248212557464358,0.0211427021368326,0.0035458973772095,-0.0001454317896646,-0.0813617918995684,0.02315545533793409
2018-06-28,0.0005689201416503,0.0171668880867466,-0.0044852906872155,0.0084334442626423,0.1249999850239587,-0.000469866797986043
2018-06-29,-0.0022816390411549,0.0029630986781843,-0.0074354242825039,-0.0093048733406331,-0.0591847836389315,-0.00247108926657324
2018-07-02,-0.0078378016974424,0.0204239434611384,-5.7833382129168776e-05,0.0089377207535343,-0.0451038701291439,-0.008297154256070758
2018-07-03,0.0113236383940552,-0.0269385614788578,0.0099967844429307,-0.0068883661344263,-0.0304536834351336,0.011255997968229426
2018-07-04,-0.0001204122477877,0.0059508288009335,-0.0031200349914282,0.0101209970163413,0.0346153201906418,-0.0012819677284828836
2018-07-05,0.0127686440805706,0.0,0.0014690584867949,0.0016703973353915,0.0,0.012670351382195442
2018-07-06,-0.005894141953977,-0.0047582656432263,0.0002681876303234,0.0084670686746795,-0.0724906547003974,-0.007109499582362792
2018-07-09,0.0117846542689557,-0.0036180227614051,0.0028772098465015,0.0022000129416699,-0.1068804510974994,0.011985363838048881
2018-07-10,0.0115312399804782,0.0124497351429637,0.0048184545944613,0.0034652706563498,-0.0508601578905208,0.010219940871467709
2018-07-11,-0.021887154833277,0.0101191356297611,0.0003997560686643,0.0037192141477448,-0.0039400503320612,-0.022465712573704076
2018-07-12,-0.0025297992789814,-0.0692366097161296,-0.0025447016071965,-0.0146718720983212,0.0783227645750139,-0.0018754536900967402
2018-07-13,0.0014137779371155,0.0143051144487111,-0.0042855011041584,0.0067614042742067,-0.0770359634569917,0.0005639543072149646
2018-07-16,-0.0160313641449587,0.0118200795014711,-0.0009332123761051,0.0026266362270026,-0.0317964722540661,-0.01635088890020283
2018-07-17,0.0019880221065896,-0.0463295554006651,0.0011328362383338,-0.0015805174859058,0.0533661413993611,0.0022416509386329847
2018-07-18,0.0005476779884853,0.0044544451632992,0.0025995333537542,0.0024412079987361,-0.0600155501689928,-0.0003250273818093479
2018-07-19,0.0074710518624716,0.010254958789007,-0.0048010656229794,0.0079768844902385,0.0033167463069041,0.00720343966378392
2018-07-20,-0.0039023901275312,-0.0043895704818417,-0.0006522460547092,-0.0038564926043552,0.0636363206457872,-0.004786223353898534
2018-07-23,0.0007638831094024,0.0067511415184324,0.00081583969661,-0.0033442014841661,-0.0007770185680464,0.000712262769110384
2018-07-24,0.0036041474065596,-0.0001368843064492,0.0074443753256352,-0.0017283030546313,-0.0186625021403907,0.00293490463205305
2018-07-25,-0.0021080338199588,0.0052012714961799,-0.0040695118595955,0.0084712176581089,-0.0166402567394056,-0.0026173402975124215
2018-07-26,-0.004519492630891,0.006672083979851,-0.0007362066255334,-0.0042660880518555,-0.0096696121703906,-0.004834595572554565
2018-07-27,0.0071828794467974,0.0082510565106659,0.0044485481494358,0.0117660797094567,-0.01220501375068,0.006889373617633939
2018-07-30,0.0013693867538251,-0.0033539039029971,-0.0080569718196924,0.0051064674105458,0.0733113150312188,0.0005115399459175836
2018-07-31,0.0112319521070118,0.0091533220728989,0.001504279651034,-0.004215796566964,0.0943975841226032,0.010918353526407156
2018-08-01,-0.0099695201733329,-0.009603857662794,0.0040272993090113,0.0037524966249427,-0.1002805247000975,-0.011009491579934076
2018-08-02,-0.0079653789140514,0.0,-0.001519618494706,0.0,0.0249415196201951,-0.007655324528211036
2018-08-03,0.0033632171662918,-0.010774451875526,-0.0020298875316873,-0.0159637467281912,-0.0730038073000544,0.0029348563428256967
2018-08-06,0.0043556073194122,-0.0032674999828611,-0.0068473952277203,0.0038020014800965,-0.0451188889247896,0.003742884141933429
2018-08-07,0.0152128154562103,0.0073760541221188,-0.0020464967350711,0.0002584845249304,-0.0317869308115038,0.01464098955146796
2018-08-08,-0.0027955732671327,0.0122034105203918,-0.0003698259168476,0.0060488812516921,-0.0301686014887134,-0.0039009260514214616
2018-08-09,-0.0105095933629474,-0.0317481942148443,0.0038869294031265,-0.0030733110861855,-0.0073192974814622,-0.010508021859212327
2018-08-10,-0.0151767728086538,-0.0029053553959494,0.0006734641857293,0.000151644476025,0.0387096830900803,-0.015337630928657559
2018-08-13,0.0005043969857996,0.0102677656015401,-0.007478994461084,-0.019418240246127,0.1677018023851504,0.0006419322591946303
2018-08-14,-0.005485358620657,-0.002746833607311,-0.0112124091028334,-0.0048449331386543,0.1231002966825758,-0.006232482686919077
2018-08-15,-0.0174447721813439,-0.0020658521500896,0.0006842021899073,-7.038497430444934e-05,-0.0994586833499882,-0.01748661370028063
2018-08-16,0.0021343148352599,-0.0234611781634217,-0.0049808063005599,-0.0147707142952278,0.0999248596375592,0.002322495237368667
2018-08-17,-0.0004412979200936,0.009468600179737,-0.0001248230097979,0.0055015004224208,-0.0812841875786137,-0.001289731561209886
2018-08-20,0.0096624954111804,0.0055999093401923,0.0023880109555323,-0.0013678860204853,-0.0602230094742758,0.009430136210820875
2018-08-21,0.0059679794420333,0.0052902303178514,0.0058332030787671,0.006145967858564,-0.0118671335546149,0.004963588450364202
2018-08-22,0.0067943405626759,0.0058163436403591,0.0046884432334,0.0053010430149422,0.029623690339424,0.006332877290235025
2018-08-23,0.0006234763454763,0.0296021149274892,0.0074323314978568,0.0024973238103274,-0.0474338781463744,-0.00013591331083940162
2018-08-24,0.0081716680833956,-0.0006685667715886,0.0006950676455279,-0.0002689688535066,0.0130612120336415,0.007846451952220827
2018-08-27,0.0045135973302855,0.014585792706103,-0.0035783983078884,0.0023923105049814,-0.0338436810199904,0.0036240522055152975
2018-08-28,-0.0035672549053027,0.0051437535111868,0.0091443377540207,0.0083356875241562,0.0141784887021805,-0.004014605465147358
2018-08-29,-0.0012394307975208,-0.0034116538427231,0.002979387538047,-0.0024421056022411,0.0279605392149941,-0.001514980372413825
2018-08-30,-0.0016246191108019,0.015668235539459,0.0006546323554694,0.0024828543824777,-0.02,-0.0020922729816352298
2018-08-31,-0.0137924776818745,0.0081669336064644,0.0015808572704292,-0.0072740011025473,0.1044897741200971,-0.014150322723657228
2018-09-03,0.0083960690613638,-0.0045004306188599,-0.0038493955058419,-0.0111017776207569,-0.0495195927211458,0.008561964830418592
2018-09-04,0.0001335902056135,0.0,-0.0054524110250465,0.0006160181410541,0.0,-0.0010006821021328518
2018-09-05,-0.016860424754662,0.0096874195006224,0.0012428484833599,-0.0104948417859812,0.0233281647545842,-0.016983748468998142
2018-09-06,-0.0090109717523088,-0.0115133880895554,-0.0024911297185524,-0.0130203338837475,0.0569908821197657,-0.008811616251413959
2018-09-07,-0.0046712341299433,-0.0099650145789866,0.0042003193786017,-0.0059325753012713,0.0531991214403815,-0.004997323716004456
2018-09-10,0.0015810707756229,0.0043137494255514,-0.0013014936799229,-0.000785765496554,0.0156996929624302,0.0012999862204275876
2018-09-11,0.0145832688684458,0.0070285162392,-0.0050752896527265,0.0048339450760708,-0.0483871143475365,0.013984717419702707
2018-09-12,0.0141241298471819,0.0218430238079108,0.0030149052154178,0.0007191542545299,-0.0663841518723671,0.01306132231807073
2018-09-13,-0.0053481760949274,0.0086010666098466,1.1616684766790897e-05,0.0045113888332086,-0.0060514313230066,-0.006167944441682762
2018-09-14,0.00155908368798,-0.019563551547354,0.002860858097059,0.0021282491963381,-0.0585997288923174,0.0015453753330430852
2018-09-17,0.000813496964061,-0.0011512403035792,0.0053781881289509,0.0032846438159666,-0.0242522387639702,8.85337376175712e-05
2018-09-18,0.0041926022693045,-0.0005121435268067,-0.0053725628061594,0.0004425675369885,0.1333886206345103,0.00384197928314408
2018-09-19,0.001348759799712,0.0125559985806686,0.0034540896185308,0.0036908090646008,-0.06505850317752,0.0006597135450900994
2018-09-20,0.0038789172898642,0.004681801243795,0.0009226873411831,0.0030073598535413,-0.081313523452298,0.003485831525650104
2018-09-21,0.0033284877009207,-0.0088161783902304,-0.000455304899146,0.0102595940083007,0.0042553353816905,0.0026745339239888184
2018-09-24,0.0168724002838205,0.0012707256339716,0.0086788315645003,0.0081366335752892,-0.0101694816626616,0.016368856899179718
2018-09-25,0.0241040672504178,0.0304567741565695,-0.0021151275656576,-0.0059374074459398,0.0445205043238678,0.022887592932347683
2018-09-26,-0.0027256953991407,0.0082513032453304,0.0001645452636427,0.0027386753765186,0.0180328090547781,-0.003944711749020729
2018-09-27,0.0028946290027729,-0.006473755843541,0.0008704655560571,0.0039095710637342,0.0378422112835488,0.0029470732458108857
2018-09-28,-0.0045817275256637,0.004671808457354,-0.0012453796102303,0.0048469007156926,-0.0372382066040279,-0.0054014554204926775
2018-10-01,0.0058321492507465,0.0122369063272438,-0.0094612234834052,-0.0146646860585095,-0.0233682486235889,0.005782134284357212
2018-10-02,-0.0006398647011859,0.0273211085938045,-0.0027504212446839,0.0044010241093179,-0.0099009807501782,-0.0015498286035313226
2018-10-03,0.0016992139071525,-0.002118148953463,-0.0023966412508881,-0.0073722152807568,0.0041666825612385,0.0015055860184054759
2018-10-04,-0.0030713646122316,0.0175707288932538,-0.0022294163309379,0.0048657535967624,-0.0365145665637357,-0.0037171983193080302
2018-10-05,-0.0108818969932372,-0.0198168856916184,-0.0065300304727187,-0.0089267599627954,0.2248062607693941,-0.011086311532721958
2018-10-08,-0.016644665428153,-0.0049656911782083,0.0036397522018474,-0.0087612938581896,0.0421940517952448,-0.016689707597181382
2018-10-09,0.0153632000672148,-0.0029705321901328,0.0003917380428559,-0.0106979321412962,0.0587044469280875,0.015515025285861657
2018-10-10,-0.0065096402381555,0.012990064239299,-0.0024712767231949,0.003646854859691,0.0165710794031446,-0.007967062596482801
2018-10-11,-0.0314428404171245,-0.0224706313189337,0.0011161622934408,-0.0165242643494233,0.439498392415999,-0.031097602932808794
2018-10-12,-0.0026615504921871,-0.0340593853218118,0.0022952058428242,-0.0176650533112745,0.0879791175222544,-0.0019951474350065734
2018-10-15,0.0062461759076087,0.0021180932521875,0.0049491032657342,-0.0046055327253077,-0.1469175397737172,0.005396842460326692
2018-10-16,0.0030875884477379,0.0043515911077096,-0.0033730113426569,0.0049962921219417,-0.0004692740090311,0.002539041277036277
2018-10-17,-0.0058965682698636,0.0077990207023124,0.0027799876800456,0.0146307026880359,-0.1727698840206624,-0.006438951502999977
2018-10-18,-0.0102840164147643,-0.0167055711727543,-0.0007060887366547,-0.0043778080829316,-0.0124858802624606,-0.01040398506498488
2018-10-19,0.0054242034359103,-0.0094940925328769,-0.006428907457512,-0.0097099021534432,0.1528735578005025,0.0053106011266901565
2018-10-22,-0.0140439362859169,0.0061798191210964,-0.00355268857417,-0.0002397627063781,-0.0084745803000927,-0.0149042753064922
2018-10-23,-0.0233423113626556,0.0006267617513524,0.0043160821807344,-0.006456288433298,-0.0125691306018898,-0.02292498177020122
2018-10-24,-0.0059888954990812,-0.0424652300124298,-0.003612281508549,-0.015407134322302,0.054480637885772,-0.005740374931174467
2018-10-25,0.0037046606941122,-0.0035322378837953,0.0004588374758991,-0.0033779261874392,0.2182520839005033,0.003212055633149559
2018-10-26,-0.0039728513729986,0.0094525566234904,-0.0064406240070786,0.0108837801025625,-0.0400317180819224,-0.0045711162042334375
2018-10-29,0.0103198985023231,0.0094941261897301,-0.0018772501563677,-0.0093256259247663,-0.0024772695145908,0.01013548953582736
2018-10-30,0.0005399694432488,-0.0036074001389253,0.0018350998067984,0.0063925814778837,0.0223510314129899,-0.0005184030376328432
2018-10-31,0.0313109110833405,-0.0184896915372707,-0.0019794069309048,-0.002472336627796,-0.0546558842012386,0.031132167547835456
2018-11-01,-0.0259856293789489,-0.0057963696506297,-0.0026210758262471,0.0160082770108305,-0.0907923256787526,-0.028040517052130284
2018-11-02,-0.0083962635224787,0.0003974927628416,-0.002614095481043,0.0020953651908555,-0.089024937842714,-0.006844140409635841
2018-11-05,0.0140940500569872,-0.0353642141582161,0.0076516353819506,0.0031832967552758,0.008790076264358,0.01309402067538617
2018-11-06,-0.0066460797833766,0.0046683554763504,-0.000501475468995,0.0009209171073587,0.0230650358950104,-0.0074943490649237434
2018-11-07,0.0116724192402524,-0.0142134883361079,0.0013466199838405,-0.0030926486385092,-0.0025049719115188,0.011733745644007384
2018-11-08,-0.0083225941541874,-0.0008317975998661,0.0022420447364435,0.0120782408222146,-0.1783023236698805,-0.00956213842551757
2018-11-09,-0.0102441833385526,-0.0197030411399778,-0.0003888355932035,-0.0026369047381781,0.022004809876055,-0.009916969989459878
2018-11-12,0.0046368910049699,-0.0066525295194929,-0.0057410746754654,-0.0025049750362146,0.0382775911052755,0.004308240319898985
2018-11-13,-0.0229639955546768,-0.0008549096371167,-0.0038164873174884,-0.0109645523647543,0.177995394236643,-0.023684550301238227
2018-11-14,-0.0046063758927931,-0.06631490792555,-0.0080881066579987,0.0096240512080147,-0.0210269090040842,-0.0038333604702598108
2018-11-15,0.0126779870584056,0.0099282345159534,0.0069225335880782,-0.0060344330923864,0.0614385371684313,0.01186991098823809
2018-11-16,0.0009899758107239,0.0075620081553284,5.6594723917280376e-05,-0.0046952755146847,-0.0597647274241728,0.00011724949482325023
2018-11-19,-0.0082552485892969,0.0021014617813959,0.0011550150310031,-0.0029997298643735,-0.0920921018390544,-0.008543791290935732
2018-11-20,-0.01584585504447,0.0004493525814401,0.0078643041999728,-0.0064167181762855,0.108048569888032,-0.015975153100321948
2018-11-21,0.0172542331298752,-0.0637820344038968,0.0035968657063256,-0.014004869324246,0.1184079161988838,0.017408401910419615
2018-11-22,-0.012138599909716,0.0151927199981649,-0.0072100965286886,0.0121434508595381,-0.0747331111826461,-0.013686669915479531
2018-11-23,-0.0287630363434909,0.0,0.0014007512253035,-0.0086368954705357,0.0,-0.028108087201158483
2018-11-26,0.0215526616406209,-0.0737240129005034,0.0012999772642674,0.0033710111159348,0.0346154445727218,0.02194455680288562
2018-11-27,-0.0042889608823734,0.0285714341322118,-0.005770744798348,0.0113157870980975,-0.121747248303993,-0.006153858274801173
2018-11-28,-0.0026916013830256,-0.0044642933169189,-0.0003514024870716,-0.0019825446195659,0.0063492508812406,-0.002257266453010462
2018-11-29,0.0067407264809838,-0.0240823913799624,-0.0030505557939733,0.0005906093422987,-0.0278654402675984,0.00600343790302712
2018-11-30,0.0038302737193062,0.0127637852522735,0.006173060938891,0.0018526943475831,0.0162250485734343,0.00320490267562964
2018-12-03,0.01822788053438,-0.0134431063623652,0.002130522668025,-0.0003245045383332,-0.0383183174891781,0.017686955404907313
2018-12-04,-0.0023674755975097,0.0507579558628279,-0.0044348900197709,0.0131920560984954,-0.0902047143494685,-0.0036303057009466977
2018-12-05,-0.0139797198739774,0.0063219843252979,0.0011127155525094,-0.0080062427293897,0.2615571227113122,-0.01392335034616849
2018-12-06,-0.0397454509777705,0.0,-0.0010547867602687,-0.0122223031962843,0.0,-0.039768137861277225
2018-12-07,0.0257019450434434,-0.0325386662078542,0.0005447130829194,-0.0331178208465202,0.0216972404968929,0.02693681526288439
2018-12-10,-0.0162325030448779,0.0268064728411789,0.0022635879349817,0.0041333999135952,0.0962717771007095,-0.01869567621458752
2018-12-11,0.0097125191650303,-0.0275660288425019,0.002303016380289,-0.0135817005766164,-0.0253981990621723,0.01099750410805598
2018-12-12,0.0079590940212525,0.0038352432475343,-0.0038953099126091,0.012704741563303,-0.038869221929792,0.006229047831572011
2018-12-13,0.000616076543797,-0.0008305521001144,-0.0029439813237839,0.0172322051915241,-0.0137868171531998,0.0004062493667003551
2018-12-14,-0.0040482227800195,0.0216126218467547,0.004447013736577,0.0013513486975309,-0.0377446179169903,-0.004635053732575924
2018-12-17,-0.0109841459321075,-0.0190399018570591,-0.000863663848614,-0.0062881605792782,0.0474576058276012,-0.011170436752384213
2018-12-18,-0.017061946119259,-0.0111147674604038,-0.0050764179713861,-0.0093611182818108,0.1336107909906476,-0.017110786541371648
2018-12-19,0.0084170058856209,-0.0561986622130081,0.0038816471916522,-0.0076771237840383,0.0432299937256632,0.008590397710667545
2018-12-20,-0.0180792827741745,0.0174191856766996,0.0022524055418104,0.0037004997923286,0.0,-0.019218119547144988
2018-12-21,-0.0005663188481926,-0.0504892229140674,0.001241409766141,-0.0168185628108185,0.109460486528996,0.00017481745014748457
2018-12-24,-0.001375884267274,-0.0097515877493398,0.0059117313883085,0.0001833459388751,0.0609584743038529,-0.0023600397717427604
2018-12-27,-0.0142406071771747,0.0792550010551451,0.0010160650122716,0.0,-0.15691710272524,-0.01436402277594457
2018-12-28,0.0237506178988409,-0.0424086895818357,-0.0047490418009036,-0.0210790465057603,-0.0147977890561465,0.0238259825466478
2018-12-31,-0.0024237082930064,0.0007668887201757,0.0061384640566766,0.0167394939935221,-0.054072062129146,-0.004241783807376297
2019-01-02,0.0108604242166413,0.0,0.0046432447088642,0.0,0.0,0.011184130168578478
2019-01-03,0.0025455693083508,0.0206319818976303,-0.0027279098681983,0.0,-0.0865460565041901,0.0012193978024658005
2019-01-04,0.0239685489824272,0.0189401004993148,-0.0125291465297024,-0.0106712863674112,0.0960379636317396,0.023822505091948613
2019-01-07,-0.0035690652415592,0.0198391527294994,0.0064473312242818,0.0295093811607674,-0.1599214726979352,-0.005291917742786337
2019-01-08,-0.0006408446104462,0.0047318691073507,0.0017001675155818,-0.002699082734041,0.0009354751425985,-0.00030830285827417123
2019-01-09,0.0094845140666995,0.0242455842535049,0.0060727503519462,0.0070212845236627,-0.0434579589604522,0.008698655607662744
2019-01-10,5.009693331971728e-05,0.0463214807469529,-0.0020620147536288,0.0050082977477723,-0.0239374590891408,-0.0006820258277849104
2019-01-11,-0.0082853300603662,0.0039062774061076,0.0086314892386039,0.0017881306516223,-0.0240240016633455,-0.008596397246680355
2019-01-14,-0.0038871886947988,-0.0194552651913453,-0.0038788840682248,-0.001849948286222,-0.067179459791917,-0.004004325590508637
2019-01-15,0.005692283721301,-0.0246362082514399,-0.0043433744198581,-0.0048403627421135,0.0483781822391349,0.005274475255511836
2019-01-16,-0.00592195000813,0.0279708029197081,0.0011128148567545,0.0042125562079706,-0.024646005289767,-0.0066499723912322025
2019-01-17,-0.0036215058522619,0.0112137254620727,-0.0048863500460352,0.0029888436397909,0.0236559422061071,-0.0036517824343502395
2019-01-18,0.0221249493031698,-0.0022830950806455,-0.0016414103181224,-0.0025574619695051,-0.0514706618940211,0.021653157614984292
2019-01-21,-0.0044749638562988,0.0248447278552086,-0.0004783813266034,0.0213627713139725,-0.0143964693560564,-0.0059552542658214865
2019-01-22,-0.0111553299614116,0.0,-0.0023753677472334,-0.0031419793044454,0.0,-0.010895523025080671
2019-01-23,-0.0111102801923215,-0.0191387679160722,0.0003296575934785,-0.0039263182145837,0.1685393330665903,-0.011363661598351607
2019-01-24,0.0074936511866925,-0.0058536684610009,-0.0004659610425532,-0.0002152936279595,-0.0615384051080265,0.0074827632680438344
2019-01-25,0.001896953959304,-0.0008177827536748,0.0021295870671826,0.004556421587532,-0.0322746441260796,0.0008896755738760701
2019-01-28,-0.0171158756298586,0.0090030976540642,-0.0065618249925286,0.0118126260506727,-0.0778189179910741,-0.01738322078840737
2019-01-29,0.0129772818626862,-0.0277417115737321,0.0087994782965483,-0.0082099274109141,0.0832377012967233,0.013257383694545592
2019-01-30,0.0081742316653692,0.0231937157111676,0.0014859055187195,0.0051477565664439,0.013778394804977,0.00676862321747862
2019-01-31,0.0190054862779827,0.0053816345841002,0.0004688060911626,0.0026384270301773,-0.076842622992336,0.018630820641421072
2019-02-01,0.0022836433192796,0.0038929092916371,0.0045721316074203,-0.0007306288944963,-0.0617214134771139,0.000904745162599762
2019-02-04,0.0020498747279593,-0.0003231613824674,-0.0033203826269594,0.0037000933079103,-0.0259505318705646,0.0019413653754784164
2019-02-05,0.0224325149251409,0.0103442605575772,0.0005040323105429,-0.0018669005893335,-0.0254027176528313,0.0217295050026402
2019-02-06,-0.0019874356729056,-0.0084786241165887,-0.001658170804705,0.0157462683746638,-0.0101716371308528,-0.0033720707146936285
2019-02-07,-0.0158642085068264,0.0114552934771938,-0.0023048017136692,-0.0007122894379778,-0.0122029276883326,-0.015767769964555402
2019-02-08,-0.0039819935377637,-0.016908559288788,-0.0038531703871318,-0.0192949934586802,0.0643693574399215,-0.00393455982368009
2019-02-11,0.0045404753880246,0.0076261138708468,-0.0023924797411158,-0.0048051557501046,-0.0397068136152294,0.00404870800079631
2019-02-12,0.0075983970145842,-0.0095008078435583,-0.0012795889839489,0.0095642932222526,0.015903307617898,0.0069601614296088835
2019-02-13,0.0053059678474766,0.0147943403063552,-0.0039928513959242,0.0079415631505546,-0.0338133971711882,0.004592774061965617
2019-02-14,-0.008544774408207,0.0190644421069254,0.0049305890463788,0.0036418137389329,0.0142578942970401,-0.00911370263224614
2019-02-15,0.0126640096359234,0.0150919521342753,-0.0061505871038866,-0.0061548804032169,0.036421706627348,0.012682073140783609
2019-02-18,-0.0025676741628081,0.0260182795898393,0.0026995517431898,0.0184091575941562,-0.0807644587792192,-0.0038335425136205993
2019-02-19,-0.001403318518276,0.0,0.0002372502526852,0.0010921832819128,0.0,-0.0013360223658456585
2019-02-20,0.0033094704293921,0.0030188218602593,0.0012330288394324,-0.0016580816904503,-0.0020120545458219,0.00268614825745304
2019-02-21,-0.0014288283717654,0.0094808865575,0.0027449212844001,0.0061986839176906,-0.0577956754074634,-0.0019460728460174936
2019-02-22,-0.0007172873931548,-0.0001491075724127,0.0002950014334945,0.0012916011247505,0.0313837065632653,-0.0010607632782052077
2019-02-25,-0.0056580314613527,0.0007455352912677,-0.000294914433314,0.0020988748226657,-0.0656984651977136,-0.006118027010950593
2019-02-26,-0.0012615369298337,-0.035160913494923,-6.799641163912629e-05,0.0028924678712345,0.0991857979190276,-0.0014320715687628819
2019-02-27,0.0011219472120975,0.0069486864329553,0.0022280586566212,0.0028384238359124,0.0215488004447139,0.0006052814846463187
2019-02-28,-0.003408134871933,0.0180953890774819,0.0022558243915535,-0.0019913078362702,-0.0309822191605176,-0.003872652509133314
2019-03-01,-0.0029157594456416,-0.0054225126323422,-0.0011379817523223,0.0047185730776799,0.0054421717512971,-0.003190659327714452
2019-03-04,0.0053195760891935,-0.0145388323825572,-0.0005914274446008,0.0041961785455502,-0.0818673924227283,0.004930977912201272
2019-03-05,0.003824173678281,0.0092208156897966,0.0002161255893011,0.0015156605728197,0.0781135183091417,0.003099873105523883
2019-03-06,0.0028001231475003,0.0028932914070964,-0.0033898816606553,0.0030357128662823,0.0075187734666295,0.0023066445006870648
2019-03-07,-0.0007193343081285,0.0019738422747226,-0.002668429777649,-0.0007574017641399,0.0678426062094939,-0.0012743575996121345
2019-03-08,-0.0175164335496933,0.0046977602367597,0.000610959270366,-0.0047583142358469,0.0540025663170224,-0.017875491878403822
2019-03-11,0.0049175066877558,-0.0084465333666894,-0.0102241320324492,-0.0076310498374904,-0.032549783638375,0.00526029062829516
2019-03-12,0.0008622483116659,0.0127776695251171,0.0030440151064905,0.0063466448806828,-0.107165071346726,-0.00019165123504892058
2019-03-13,0.0157932044768741,0.0013517022441511,0.0023869618457559,-0.0001482823846289,-0.0390788184873593,0.015597070567483547
2019-03-14,0.0035342499719888,0.0131994136340385,0.0025057890853388,0.0059020264496087,-0.0261438343052915,0.002222334135417617
2019-03-15,-0.0011844863171798,-0.0047372269484433,0.0038639308298717,0.0055905996473479,0.0067114208510046,-0.0013841344484145151
2019-03-18,0.0149325812281451,-0.0010411972531457,-0.002001644997434,0.0131806262786311,-0.0459259174488209,0.014426145362113361
2019-03-19,0.0050215636880485,0.0056580886345656,0.0010074681462122,0.0005492673647222,0.0170807659218998,0.0038983084375467576
2019-03-20,-0.0075549611222084,0.0010364183280329,0.0014510758697108,0.0062161841585091,0.0351145057062483,-0.007914956406906235
2019-03-21,0.0069052680037732,0.0131637240291959,0.0016463550313727,-0.0107421875,0.0258111664428182,0.006776874982007836
2019-03-22,-0.0169367653986873,-0.0093430567831889,0.006434020762722,-0.0014766961735629,-0.0201293843308908,-0.0178601746466459
2019-03-25,-0.0060370979160354,-0.0122310908280197,-0.0046296677815408,-0.0183138099612335,0.2090975351332424,-0.0054527437196380596
2019-03-26,0.0032320978611933,0.0026853693637747,-0.0069582524763281,-0.0015881514918092,-0.0091019188529611,0.0025816899290908636
2019-03-27,-0.0037872146727228,0.0113078730335238,0.0017652605545475,0.0057719025538278,-0.1010410058933919,-0.004287884734381707
2019-03-28,-0.0005653986364004,-0.0020597232180981,-0.0036192180213564,0.0007561340742432,0.0320163013340526,-0.0008051179543546438
2019-03-29,0.0081053298744681,-0.0001474588819174,-0.002047784384629,-0.0005267847405276,-0.0475247083487609,0.007588684559420826
2019-04-01,0.0062736709523953,0.008404595950886,-0.0019316303301136,0.0094630051909174,-0.0498960673459277,0.005478516960733348
2019-04-02,0.0031253854275376,0.0090656931147139,-0.0005498689178314,0.0100455953132598,-0.0226112632205797,0.002549710274982694
2019-04-03,0.0023048724481472,0.0052166439531604,-0.001613659206179,0.0030484225453604,-0.0029850718650553,0.0017736310784143222
2019-04-04,-0.0068891136112751,-0.0008650019549154,-0.0001680841407932,0.0117384068071499,0.028443123069318,-0.00740268865827574
2019-04-05,0.0101087889013546,0.0012985712084185,0.0038464755022995,0.0018541003324745,-0.0116448216941337,0.010022079807430893
2019-04-08,0.0090082375178636,0.0135445935352205,-0.0018746903030062,0.0016095734580683,-0.0559646710715464,0.00791328844622949
2019-04-09,-0.0072640348707559,0.0108046939977031,-0.0005610103836299,-0.0027295124219619,0.0280811715227189,-0.007826271273567442
2019-04-10,0.0061514136628944,-0.0068916719308774,0.0032868820627189,-0.0060615834323584,0.0834597422098268,0.006105650998959488
2019-04-11,-0.004542342726915,0.0158618147132241,0.0009351247909736,0.0021742620329754,-0.0686274202074108,-0.005469449113804007
2019-04-12,-0.0026417033278061,-0.0125470721282479,0.0008457988323447,0.0031215411360907,-0.0210526111996784,-0.0026423978332935907
2019-04-15,-0.0033540502801294,0.0101652012154467,-0.0013963867106355,0.0036357361759906,-0.0775729795216393,-0.0038863316596765996
2019-04-16,-0.0081449607139284,-0.00517124711112,0.0039341725063133,0.0007627646238095,0.0258117785207772,-0.008390119632133257
2019-04-17,0.005804581971112,0.007586413503964,-1.1282911303256428e-05,0.0037386744464265,-0.0113635871035981,0.005649382201672836
2019-04-18,-0.0012075760431919,-0.00139428991103,-0.0017604703698442,0.0041491131736721,0.034482764020578,-0.0020660953406537188
2019-04-23,0.0227832281845069,0.0287619794319073,0.0007646358213686,0.0,0.0272952787048077,0.022591955868802607
2019-04-24,-0.0200422411695753,0.0063479364518019,0.0012835261166872,0.0013203239607821,-0.011272169280415,-0.021687415471181037
2019-04-25,-0.0024913918570286,0.0008052282495449,-0.0030754762768938,-0.0003482497280823,0.0700326245156588,-0.001415959035241074
2019-04-26,-0.0128120461813967,-0.0029502644710134,-0.0063128812195926,-0.0030576913050545,0.0083713587369229,-0.013864411849890144
2019-04-29,-0.0092789784542318,-0.0295897376380974,-0.0014923747591043,0.0024313244359326,-0.0392453175670696,-0.008828437246688014
2019-04-30,0.0130503601561896,-0.0015246099518391,0.0012043116734206,0.0004371000355078,0.0298507563319332,0.012617224209982342
2019-05-01,-0.0045701018793894,0.0105497241334246,0.0031318700762503,0.0036209004133171,0.0007627939850283,-0.005639184380520553
2019-05-02,-0.0062151244261294,-0.0085165208872481,0.0027590878682304,0.0,0.1280488048650765,-0.00614682757903925
2019-05-03,0.0001969572097409,-0.0198115862999412,-0.0013553414770735,-0.0073095198599821,-0.0256756830772749,-0.0001990281437694979
2019-05-06,-0.0117592628780442,0.0014134059946444,-0.0024357310657456,0.0038837262695479,-0.1074896104392549,-0.012237512938514598
2019-05-07,-0.0229393892558523,0.0055045786598131,0.0010962267289202,-0.0112862970002142,0.1996891777526674,-0.02281236096462236
2019-05-08,0.0055821922660609,-0.019090407792435,0.0014338184202291,-0.017843179928601,0.2512953510290572,0.005950017257460064
2019-05-09,-0.0123436928505811,0.0070120994908895,-0.0009624563281716,0.0047337079326754,0.0041407828659276,-0.01344099833645533
2019-05-10,0.0024740183686582,0.0002841643070332,0.0006494636731757,-0.0194746810713678,-0.0154638785030695,0.0029238073862375524
2019-05-13,0.0030853495441089,0.0032675573082532,0.0021209636993082,0.0030859394012521,-0.1602093929228979,0.002096129256536192
2019-05-14,0.0119800235821065,-0.0055225060107677,0.0012809962260591,-0.0119813805049676,0.2811719491342017,0.011647806186709086
2019-05-15,0.0040518274582695,0.0143812396206617,-0.0003481922963568,0.0131294012644542,-0.121167876572356,0.0029853139892312996
2019-05-16,0.0147079934616223,0.0074396237393266,-0.0024985821238935,0.0063607996807082,-0.0897009401877206,0.014366862469125007
2019-05-17,0.0070146621672585,0.0118434741991553,0.0002465155605366,0.0155887354878856,-0.0699513707327571,0.005823242529113556
2019-05-20,0.0014600298443204,-0.005645877810555,-0.0030056424003528,-0.0037574350296236,0.043819494961774,0.001038164342381681
2019-05-21,0.0055234811245302,-0.0033236098436835,-0.0007370057657791,-0.0163064026088305,0.0219297886565699,0.00499776772060307
2019-05-22,-0.0051716491809328,0.0029178696805725,0.0002904073849743,0.0049647099583056,-0.0833844084125888,-0.005840243573373041
2019-05-23,-0.0352301450851798,-0.0164865951284973,0.0,6.199920770777467e-05,-0.0133779138338977,-0.03532427258941598
2019-05-24,0.0035911458033889,-0.0454993072930844,-0.0011713255158865,-0.0175745323044506,0.1471186492402674,0.004646294196664437
2019-05-27,7.114292905234058e-05,0.0137249155232614,0.0026060336834154,0.0070629960161314,-0.0632387523640357,-0.001259529896029484
2019-05-28,-0.0011962628534128,0.0,0.002241884333946,0.0039812839361994,0.0,-0.0012230099172182408
2019-05-29,-0.0153328452553053,0.0206725595934662,-0.0014103529391746,-0.0045124111081791,0.1041009197993012,-0.015921141956915772
2019-05-30,0.0021151061967431,-0.0094138305001231,-0.0020666539013922,-0.0152440075699148,0.0228571210588728,0.002463781889569014
2019-05-31,-0.0028521297924947,-0.0371489462207306,-0.0029847442846026,0.0,-0.0335195750981245,-0.003776158818701918
2019-06-03,0.0082489223308467,-0.0355915176470387,-0.0005565852978207,-0.005270202541785,0.0815028849476229,0.008166738173250795
2019-06-04,0.0029991606051153,-0.0497751463917481,0.0038550003250341,0.0060327577405692,0.0080171850998855,0.001990109538368527
2019-06-05,-0.006717998334191,0.0112598311871925,0.006466649149158,0.0100811521130701,-0.1002121546040522,-0.007036682208625574
2019-06-06,0.0075450851408827,-0.0216233681812518,0.0006865524129822,0.0019378972057586,-0.051856169497549,0.007357374008972125
2019-06-07,0.0097001196200582,0.0171531763567294,-0.0022233824627768,-0.000461096449053,-0.0099440550587176,0.008774694105482152
2019-06-10,0.0040629110757727,0.0262688956491294,0.0042287443571003,0.0119727570176875,0.0232265489514491,0.0033871092730995964
2019-06-11,0.0051969402206025,-0.0158002841765588,0.0038714871766898,0.0,-0.02208586954156,0.0046690402382828355
2019-06-12,-0.0206564429402249,0.0,-0.0001811282097077,0.006725180598943,0.0031367749091033,-0.02130853503261028
2019-06-13,0.0008365222782181,-0.0372451382360776,0.0010082874848489,-0.0042545689418908,-0.0050031222546077,0.0014676524169275865
2019-06-14,0.0017242818466857,0.0223445076757025,-0.0029933009529046,0.0011427635500238,-0.0056568292552516,0.0007261468363562716
2019-06-17,-0.0058469317742755,0.0114173370178252,-0.0013423121942293,-0.0033358084629847,-0.0341340058324841,-0.0061104602712977575
2019-06-18,0.0178673233520686,-0.0172552769518888,-0.0056197360548053,0.0011896400027684,0.0045811943535238,0.017612080339657946
2019-06-19,-0.0041616061451839,0.0196915127991734,0.0006733588790275,0.0205958047077032,-0.0130293653400094,-0.005543544559229178
2019-06-20,0.0118349867434646,-0.0051496571929082,-0.0023515592807045,0.000524215555683,-0.0541253937604896,0.012033075452793437
2019-06-21,0.0105579421629701,0.0425428221675996,0.0035963319394261,0.0038730214323203,0.0293091471409669,0.009245509384787102
2019-06-24,-0.0063577068642285,0.0116369284020649,0.0050829905337788,-0.0003345240663032,0.0440677707478152,-0.006889643649521476
2019-06-25,-0.0044652771642738,-0.0052146680031369,0.0078896591725914,-0.0032737570441161,-0.0090908696828785,-0.004568392922686327
2019-06-26,0.008220439131085,0.0029294239842472,0.0013679296106814,-0.0032440265182706,0.066841444460346,0.007823316540527378
2019-06-27,-0.0083754326173271,0.0221367370400578,-0.002660493599308,-0.0004094102259986,-0.0042998525319641,-0.009233010461470756
2019-06-28,0.0011119617551946,0.0009024693926329,0.0004208508862613,-0.0001655755580126,-0.0240591864080987,0.0012596011666391096
2019-07-01,0.0149072452129916,0.0,-0.0001591937147512,0.0090954687337323,-0.046776219051399,0.014126539698959224
2019-07-02,-0.005757042300997,-0.0223892625820805,-0.0007045888946014,0.0068803338488809,-0.0676392247513142,-0.006748359307361743
2019-07-03,-0.0086223856640707,-0.0408852771677284,-0.0068176814344812,0.0029705861227411,-0.0803698492685908,-0.008534962615920762
2019-07-04,0.0034091270909018,0.022756380356119,0.0004969057714576,0.0093073228825517,-0.0278422739253499,0.0031179958917568105
2019-07-05,-0.0040557433895859,0.0,-0.0004515849332772,0.0009941789025555,0.0,-0.004736054709314979
2019-07-08,0.0056455628246008,0.0064243758080528,-0.000191783249444,-0.0045624260600001,0.0564836957346404,0.005504188239741375
2019-07-09,-0.0046582390613553,-0.0018683285117573,-0.0051758665464903,-0.001196143608095,0.0512048432868184,-0.005515819816352256
2019-07-10,0.0056501742946606,0.0007799571249689,-0.0010094279101561,-0.0039758694482024,0.009312329089232,0.00562182543123874
2019-07-11,0.0056941260585061,0.0444201731834408,-0.0006948888470127,-0.0023448907952845,-0.0752306890090424,0.004782449931087009
2019-07-12,-0.0016345017680787,-0.0073124231837493,0.0045148131371075,-0.001367988483796,-0.0076745533265338,-0.0021271947902794944
2019-07-15,-0.0026290955914577,0.0030066835196926,-0.0005738722932974,0.0002573554002671,-0.0417633371313123,-0.0029745370911881982
2019-07-16,-0.0054796613185476,-0.0035970902185035,0.0017471838155604,0.0013123423702379,0.0234059688310916,-0.005848205786442581
2019-07-17,-0.0222762247135431,-0.0320397830213158,-0.0009122557209516,0.005465144074005,0.0141955321111459,-0.022498797100448557
2019-07-18,-0.0143209136230906,-0.010722589635903,-0.0043951258466129,-0.0056171560685274,0.0863142021761425,-0.013817838528798438
2019-07-19,0.0026970203220493,-0.0271756133581997,0.0015496194528008,-0.0053547254615522,-0.0314961006189872,0.002477551794676757
2019-07-22,0.0048516147570997,0.0087195367813071,0.0028379711064945,-0.0007609175368675,0.0679970505876657,0.004170857840389772
2019-07-23,0.0094949057978903,0.0126460234575482,-0.00383673108183,0.0027987030629716,-0.0636678261894546,0.008932026824869647
2019-07-24,0.0062349649539978,0.0090104888499098,-0.0010869658775174,0.0123069286040879,-0.0679970505876657,0.005396060450742261
2019-07-25,-0.0063549663107743,-0.0101833230022353,-0.0048954456048007,8.43086648028013e-06,-0.0428231543659944,-0.006907953965228349
2019-07-26,0.0027016842440334,0.0033238221503373,-0.0007910757250824,-0.0064394691694795,0.0555095354792138,0.0026084732523685675
2019-07-29,0.0014885485702379,0.0011042703186341,0.0003343336238736,0.0040796173262609,-0.0455258974981244,0.0007473864632807661
2019-07-30,-0.0042246698852502,0.0039394894990025,-0.0012578507383255,-0.0002524897603106,0.0550986911760968,-0.004599531358217199
2019-07-31,0.0044158396012309,0.01585311804653,0.0009805837562772,-0.017235305888398,0.0865159519312461,0.004136861124227947
2019-08-01,-0.0165682281271048,0.0069529811457766,0.0013388646684364,0.0011551178616444,0.1563846000338369,-0.017301994969379304
2019-08-02,-0.0268518430349983,-0.0716587126002199,-0.0077280021863278,0.0,0.1085607883928139,-0.026375335795367764
2019-08-05,-0.0167902433972326,0.0229751965231146,0.0006425735328396,-0.0261707249846445,-0.0145495364673406,-0.01640377364116641
2019-08-06,-0.0117917919933295,-0.033607982499113,0.0026325583967756,-0.0193092020674851,0.3963656615737607,-0.01183876730480044
2019-08-07,-0.0093425744317103,-0.0145461081191438,0.0122220365617964,-0.0058201230255879,-0.1797478669730214,-0.009419585885248308
2019-08-08,0.0107837914147144,-0.045978947194013,-0.0032724860429519,0.0055686427560657,-0.033713450798396,0.010605139939580828
2019-08-09,-0.0073873405703922,0.0204517434686284,-0.0002352914396145,0.0197553142973385,-0.1323755748591287,-0.008470420431131321
2019-08-12,-0.0041750746915641,0.0200417861584996,-0.0015326269737027,-0.0123363573949575,0.0626847708756546,-0.003966724081097865
2019-08-13,0.0156223742285213,0.0006834258732548,0.0019053779161146,-0.0021567193084378,0.1736227578436664,0.015063042439133268
2019-08-14,-0.0226652868438102,0.046610885375804,0.0008750984193242,0.0092016842770885,-0.1692745220007101,-0.023795985781260447
2019-08-15,-0.0126663556899819,-0.0296900443307654,-0.0036772366987478,-0.0203922251932542,0.2614155139291969,-0.011711975237285743
2019-08-16,-0.0009122482350443,-0.0210154675457315,-0.0030198398164503,-0.0018000796554549,-0.0416289620096722,-0.0014251794309322542
2019-08-19,0.0217551790262566,0.0070410415702428,-0.0026672928469951,0.0141039144916577,-0.1279509420573069,0.021385189723712332
2019-08-20,-0.0108776402585557,0.01875856582994,-0.0017750133088455,0.0120483323741016,-0.0860855555873389,-0.012388951089957516
2019-08-21,0.0176457524829575,0.0048543202658564,-0.0009641960160103,-0.0056274538590087,0.0367299093636472,0.01822347943999085
2019-08-22,-0.0034317247005815,0.0044977588414809,0.0013206089644373,0.0133304019036706,-0.097142846243722,-0.005200232595137746
2019-08-23,-0.0146046275960062,-0.0063018420053592,-0.0006321496827328,-0.0062505622787696,0.0556962091023867,-0.014256825210045182
2019-08-26,0.0005782367150298,-0.009679539954626,-0.0006096552320123,-0.0116845817130477,0.1912470309168858,0.00044621587525635765
2019-08-27,0.0008186463796188,-0.0107852947085057,0.0053264446441778,0.0043758230158581,-0.027679975902326,0.00019651825960621458
2019-08-28,0.0144356261123116,0.013798936082896,-0.0035310081699094,0.0064589177878973,0.0512422249873731,0.014035739942006645
2019-08-29,0.0128092900630992,0.0164678774084083,-0.0012309884431378,-0.0015102012285732,-0.0472673121475196,0.011658772981910911
2019-08-30,0.0030011530082121,0.0097536805458202,-0.0003769751693002,0.0136537915220729,-0.0759690538358258,0.00228544478924204
2019-09-02,0.0046315203443166,-0.0106418059330906,-0.0021569993116828,0.004523142377681,0.06152127701904,0.004172911620441436
2019-09-03,-0.0088613463895126,0.0,-0.0063423049293739,0.0016867330307355,0.0,-0.009519698531514078
2019-09-04,0.0112928722063469,-0.035909349208736,-0.0021168948030498,-0.0034377017292849,0.0358272034550144,0.011368550285630122
2019-09-05,0.0200038990531171,0.0418812652197486,0.0005487410040276,0.0087963680304632,-0.1185147478021347,0.018775483198236555
2019-09-06,-0.0118128293326022,0.0041186160932082,0.0055064510953648,0.0098149929959108,-0.0611655782232514,-0.01283203188925419
2019-09-09,0.011523207383537,0.0096800680098865,0.0001214241978115,0.0030102994178444,-0.07805780098535,0.011910632727000504
2019-09-10,0.021775839216038,0.0170620607968763,-0.0014217004063976,-4.861592012128657e-05,0.018000030517578,0.020387914668448488
2019-09-11,-0.0016919786941323,-0.0033551539217239,0.0025190469937259,0.0011358935516647,-0.004584194263265,-0.0027190388221825634
2019-09-12,-0.0132513588529995,-0.0251683178573509,0.0001767361303677,0.005095778546027,-0.0388157999994352,-0.013339357280651375
2019-09-13,0.0066519235002083,-0.0070712102526714,-0.0033371119558233,0.0062670363095322,-0.026694004025537,0.0066635697775790335
2019-09-16,0.0265730051466324,-0.0026498814935695,0.0040694863963315,0.003178989747689,-0.0337553085018991,0.025594836573204948
2019-09-17,-0.0086246436481712,0.1461307745596312,0.0022721208923117,-0.0089180772685926,0.0676856128579177,-0.010074146748457578
2019-09-18,0.0034509871854523,-0.0647637468663603,-0.0069887039776144,0.0007986637959178,-0.0156782886649274,0.0038925840652991534
2019-09-19,0.0053012784961922,-0.0147173436517885,0.0062460093225473,0.0019254554557379,-0.0339335031410823,0.004269708871775357
2019-09-20,0.0080797279886437,0.0125786646375996,-0.0039051159828811,0.0069755056656866,0.007168486224875,0.007662785013916306
2019-09-23,-0.002854546553963,-0.0018633966419054,0.0015468169869337,0.0052749330076153,0.090391422551499,-0.0036960144912163563
2019-09-24,-0.0121239521574566,0.0076228667248723,-0.0026665498509088,-0.0096376825018544,-0.0267623926618369,-0.01224537707196323
2019-09-25,-0.0080908513803751,-0.0257835148293786,-0.0022977371416404,-0.0013909990516606,0.1435277942018136,-0.008116648189436318
2019-09-26,0.0059458473248176,-0.0112519667455117,0.0021041610122873,-0.0053849801866654,-0.0639295746444557,0.005683520342903425
2019-09-27,0.0115660075406665,0.0056099101176851,-0.005804942170237,0.0054511069316371,0.0068922090485168,0.010751865413156059
2019-09-30,-0.0028576211402688,-0.0132292287033769,-0.0027526237867139,0.0038786107834296,0.0715618942357954,-0.003674809479979245
2019-10-01,-0.0018037489698229,-0.0182523190260106,0.0018274149347297,0.0066471705580393,-0.0569105447917362,-0.0019366019049737123
2019-10-02,-0.033579796675836,-0.0310957457651712,-0.003934782765,-0.0143439330631504,0.1428571260789175,-0.03408875359605086
2019-10-03,-0.0143526408046023,-0.0203769871858817,0.0032367981127154,-0.0298273122735024,0.1077586237903724,-0.013177887096899623
2019-10-04,0.0106064751973224,0.0003466884770284,0.0026312318146188,0.0011894784019188,-0.070038845530825,0.010068333365917292
2019-10-07,0.0113131556697254,0.0114364903462576,0.0010646919993484,0.0085855036896462,-0.1087866021134259,0.01040983248427421
2019-10-08,-0.0101950910135792,-0.0003426496167493,0.0010217427997381,0.0071169403793416,0.0481220452328152,-0.010957797359030005
2019-10-09,0.0040198986755512,-0.0018851207974424,-0.0013166996248463,-0.0110853702357098,0.135498319909985,0.004208466091818047
2019-10-10,0.0070399565867164,0.0013735922742426,-0.0010959258329721,0.0085499998755385,-0.0808679113150632,0.0061020659365087025
2019-10-11,0.0068722984183744,0.01337446473557,0.0025271908221042,0.0091995495600636,-0.0574034189839316,0.006328383288934324
2019-10-14,-0.0075673768909663,0.0238578660544217,0.0021140823313881,0.0217403638813074,-0.113261229691676,-0.008291154334501213
2019-10-15,0.0025378663188367,-0.0191703830703844,0.0017229052205089,-0.0038263917421992,-0.0648267159067857,0.0025834686133233736
2019-10-16,-0.0023189544031436,-0.0102779580680238,-9.046068807616604e-05,0.0119197956453467,-0.0706931883695978,-0.003118530035306972
2019-10-17,-0.0002869127759262,0.0115763784652358,0.0005187098166075,0.0001667563315506,0.0103397595064389,-0.00045366437866170496
2019-10-18,-0.0041725237952572,0.0082464101912895,0.0036435624311301,-0.0029533605091338,0.008040910396444,-0.004737136171855194
2019-10-21,0.0037041014122025,-0.0081789631065732,0.0047179178946015,-0.0025665032177725,0.0333575082972776,0.0035131044550222095
2019-10-22,0.0133376735005357,-0.0077414860088815,0.0025658447178631,0.0057747412347763,-0.0175438596491228,0.01259566475076032
2019-10-23,0.0088075174252046,0.0125509106166468,-0.0003568028922085,0.001316634666872,0.0328571455819266,0.007872065471773233
2019-10-24,0.0097297456351736,0.0246230718127293,-0.0020144805285945,0.0005741823945437,-0.0311203186775926,0.009100983273123054
2019-10-25,0.0014811656003172,0.0081739417192567,0.0002782799003075,0.0040146012328157,-0.0214132894956281,0.0006625479201039876
2019-10-28,0.0005203444614637,0.0056754061814552,-0.0025538302527958,0.0009139674614908,-0.0773158582543641,0.00018275401677783908
2019-10-29,-0.0106951791704491,-0.0072557362079658,-0.001773545888299,0.0002786479867666,0.0363636404757787,-0.01121657558042709
2019-10-30,-0.0008369813539723,0.0003248409592788,0.0013430624340124,-0.0009928740663986,0.0068650003771777,-0.0007397648778818152
2019-10-31,-0.0188003827895374,-0.0159116665011918,0.0014116106506523,-0.0004969641241511,-0.0659090831916849,-0.01946478046717897
2019-11-01,0.016955550547442,-0.006269610036109,0.003569366257305,-0.0043864239554788,0.0721816990129586,0.01750467177109975
2019-11-04,0.0201161385021171,0.0242403967386524,0.0002342615162191,0.0053628967282712,-0.0695915323533283,0.018393943823754196
2019-11-05,0.0098953254848374,0.0071324761095998,0.0008486785701768,0.0114439697149582,0.0430894085164665,0.009106183216239997
2019-11-06,-0.0030181875191004,0.0133590536309096,-0.0034052868952607,0.0030857873666962,0.0210444629282335,-0.0037681947263621964
2019-11-07,0.0027192587225171,-0.0193773415461617,-0.004883720407087,0.0033237873418905,-0.0366412581628331,0.002561983897073845
2019-11-08,-0.0049664692555036,0.0089083126353779,-0.0003431754059061,0.0048634334362802,0.0087162961707405,-0.005677925506324163
2019-11-11,-0.0021708151272211,0.0035318253776268,-0.004579755477885,-0.0018965838503793,-0.0518460228708039,-0.002254225458330952
2019-11-12,0.0046221131479529,-0.0052791237436931,0.0002491347893853,-0.000764892370649,0.0513670175008327,0.0041069666140310535
2019-11-13,-0.0076934957079924,-0.0019298638034065,0.0011806891300785,0.0041603006173156,-0.0007879649754265,-0.008324452053918406
2019-11-14,-0.0059701185895196,0.0049951265184335,-0.0020923146191315,-0.0034211387691727,0.0252365683850654,-0.005962791142669674
2019-11-15,0.0044434875814163,-0.0014430039142084,7.707426939385087e-05,-0.0028895638346397,0.0038461685180664,0.004064965346401244
2019-11-18,-0.0069730602232387,0.0163776569967233,0.0006612505960077,0.0061808682111479,-0.0766283513704445,-0.0076606855847162324
2019-11-19,-0.0033275266279053,-0.0135861077522423,0.0031396489910286,-0.0018025022438367,0.0340248830640976,-0.003327295073613941
2019-11-20,-0.0061310529596081,-0.0245035043713536,0.0015611910211783,-0.0022564221245081,0.0321026980181102,-0.006631305628585753
2019-11-21,0.0016061764745761,0.0244623490756765,0.0006903407313842,-0.0034302636992928,-0.0062208340467969,0.0014772266714224627
2019-11-22,0.0063484409735929,0.0251602509043704,-0.0001030708330092,-0.0011455234256724,0.0273865718922323,0.005676181385107662
2019-11-25,0.0007619706463548,-0.0090667784897114,-0.0011730626846091,0.0020817565842949,-0.0601675517873112,0.0001241742829330121
2019-11-26,-0.011743806535501,0.0041016270505427,-0.003912969895997,0.0055215882819494,-0.0380875414276427,-0.0121335406761214
2019-11-27,-0.0048135130182795,0.0097406928880499,-0.0007379091269722,-0.0005744516386984,-0.0278011732845532,-0.004729410227668301
2019-11-28,-0.004348841484766,-0.0032674513060724,0.0007384540389474,0.0019700310971197,0.0181975770226303,-0.0048187201727820875
2019-11-29,-0.0093211316587248,0.0,-0.0016066800513411,-0.0022543644282282,0.0,-0.009548938502518657
2019-12-02,-0.0045478856395919,-0.0254448535051388,0.0006277392504392,-0.0002429227174919,0.0740425434518368,-0.004655671247831882
2019-12-03,-0.0165474210424124,-0.0241871236400631,0.0006611214165124,-0.0207691380753314,0.1814580017923335,-0.016938406532320347
2019-12-04,0.0116367746281023,-0.0016414720473854,0.0054508915618229,-0.0043207585642861,0.070422548724379,0.011948899920338199
2019-12-05,-0.0044680015006952,0.0358434777394662,0.0005542388512289,0.0135780019965363,-0.0726816945262859,-0.005825408872859237
2019-12-06,0.0155821382451391,0.0061904665023562,-0.0001994842874131,-0.0032486534650902,-0.0189189006326147,0.015783039726576756
2019-12-09,-0.005772284684507,0.0157753590413081,0.0020211628909287,0.0121185940463395,-0.0619835085282913,-0.007263466267835559
2019-12-10,-0.0031350093354765,-0.0021742412016693,-0.0041913225046946,-0.0054599944127891,0.1644640080719219,-0.0028085894477521372
2019-12-11,-0.0049071881956502,0.0014007212123055,0.0005521259976966,-0.0001089005308003,-0.0113492657880155,-0.005572042839949748
2019-12-12,0.0054606941419912,-0.0096362317761335,0.0025080828572321,0.0042676635718836,-0.0440051352441528,0.00535226313281114
2019-12-13,-0.0037528459996684,0.007532889490641,0.0038863998572851,0.0051255330200126,-0.0700467115922136,-0.004617377716891611
2019-12-16,0.006109378816154,0.0158879177717603,0.0045079802522824,0.0066696264658745,-0.0939741395534792,0.006041477710419414
2019-12-17,0.0132846079188919,0.0018398515017108,-0.0055065542926473,0.0111683568283462,-0.0387964977575817,0.012370044603208008
2019-12-18,0.0028534661514665,0.0116314995229001,0.0011248544504565,-0.007278519327751,0.0123558166629522,0.0020027797984009093
2019-12-19,0.0057194332666895,0.0010589969204253,0.0012935688381461,-0.0016767849794275,0.023596416822877,0.005332158050975513
2019-12-20,0.0015638507640344,0.0055916995136879,-0.0031792335118151,4.544580770260431e-05,-0.0063592944508131,0.0008199884179078224
2019-12-23,0.0082909094598534,-0.0060114445502744,0.0009012606925509,0.0099995821265059,0.0008000183105467,0.007913769970709271
2019-12-24,0.001182954866385,0.003779860936,-0.0041439518617568,2.644033566934212e-05,0.0079935592298825,0.0003125150863278575
2019-12-25,0.0,0.012200595963856,0.0012647340712366,0.0,0.0047581618755181,-0.00029876919478839423
2019-12-27,-0.0029980109958339,0.0107143043660802,0.0004771526231623,0.0,-0.0015785680854961,-0.003513277112248268
2019-12-30,-0.0072100478983809,0.003533649876831,0.0005105536993548,0.001485467993527,0.0616601351910657,-0.007480174240487914
2019-12-31,-0.0053957366025621,0.0041079630905671,0.0073132356001646,-0.0089364452177091,0.1034995799004372,-0.005583298142384896
2020-01-02,0.0128475136633571,0.0,0.0016540089524843,0.0,0.0,0.012534697030171599
2020-01-03,0.0156172010785301,0.0037878787878788,0.0,0.0,-0.0950652751326234,0.014500368548341193
2020-01-06,0.0140642274215824,0.035471675081073,-0.0044014949571914,0.0066427493561338,0.1242983285921113,0.013199522575475853
2020-01-07,-0.0073270211905842,0.0045190261644865,-0.0008483365294456,-0.0055255903896834,-0.0121255399959567,-0.008238384957207827
2020-01-08,-0.0014204194537661,-0.0092875777830625,0.0032283382911486,0.0017934562463948,-0.004332160141813,-0.001296778190740703
2020-01-09,-0.0077175267609781,-0.0414529711559253,-0.0038628596467005,0.0035406154402473,-0.0246555586315029,-0.00836689785179254
2020-01-10,0.0027489965523636,-0.001069677448238,-0.0037228795184237,0.0061814321989728,-0.0676579821796911,0.0027662396750490997
2020-01-13,-0.0026160154268157,-0.0059660298801016,-0.0001888991043865,-0.0016754648401934,0.0015949328408704,-0.0034120687350698282
2020-01-14,-0.0048276852423294,-0.0120037914496071,0.0005001783132467,-0.0025966581097102,-0.0191083373227948,-0.004982051579716373
2020-01-15,-0.005764762211243,0.0045171484316601,0.0017148976262308,-0.0012699617202881,0.0056818709604304,-0.006120296575887943
2020-01-16,0.0041213354414294,-0.0075980443479718,-0.0004340923615802,-0.001568241125222,0.0024212858869983,0.0039060594404255497
2020-01-17,-0.0018258385742124,0.0096875429153442,0.0020757662165888,0.0013743663223571,-0.0080515604553494,-0.002576027849572646
2020-01-20,-0.0028344736198556,0.0035592033080071,-0.0012933037942931,0.0090405014542775,-0.0178570875652631,-0.003048113140023242
2020-01-21,-0.0116013373496947,0.0,-0.0040383941195279,-0.002423673920657,0.0,-0.012022985543336704
2020-01-22,-0.0088282166057284,-0.0040092851557155,0.00021081316828,-0.0026085374511264,0.0619834691202629,-0.008735646210935559
2020-01-23,-0.0106356961950591,-0.0213654951487962,-0.0010198972346647,-0.0051014688178711,0.004669219000873,-0.010919536010833054
2020-01-24,0.0034066990838157,-0.0185097007734764,0.0009765264799332,-0.0087378716228031,0.0054221297948544,0.0033878609957201876
2020-01-27,-0.023591176573373,-0.0217601913103854,-0.0037146146349177,0.0113223204965222,0.1217258037828985,-0.024401169481448822
2020-01-28,0.0076207750909224,-0.0225737182877747,-0.0027011607227293,-0.0268101447345734,0.252060372036462,0.00846611758995854
2020-01-29,-0.0075260103749996,0.0032029438247882,-0.0005068798012616,0.0112511370325056,-0.106966478582347,-0.008947454892344579
2020-01-30,-0.0259596859163596,0.005041220974951,0.0002534602516883,0.0046085299750393,0.0067566768036539,-0.02558347852378909
2020-01-31,-0.0179733644105086,-0.0254138174697058,-0.0005178233768053,-0.0121990591951938,-0.0549115101919218,-0.017581322745140897
2020-02-03,-0.008758195178531,-0.0022302464586272,0.0011139836270916,-0.0135120805877452,0.216268588183969,-0.008751811916313818
2020-02-04,0.0206848907094513,-0.0637895305056081,0.0055005980931706,0.0055920382303771,-0.0461783881203362,0.020438819384078752
2020-02-05,0.0198487799277982,-0.0089991124260976,-0.0024228204988737,0.0193949119804925,-0.106844749563629,0.018329072488891544
2020-02-06,-0.0086928573008591,0.0244625596223195,-0.0014140775226543,0.0122070311541797,-0.0560747452530784,-0.009565863054463563
2020-02-07,-0.0129380867145694,-0.0063313762997435,-0.004070838744932,0.0073269198792582,-0.0125412267437227,-0.01276806473743619
2020-02-10,-0.0159444043308508,-0.0083742778430189,-0.0017573176694883,-0.0018473242187123,0.0340909243035676,-0.016070582885257235
2020-02-11,0.0132672255608986,-0.0220304890039795,-0.0030657140611913,-0.0013979393410017,-0.0277957529252433,0.013424573132070869
2020-02-12,0.0113386120890037,0.0138914559303646,-0.0032740540687078,0.0086102312145983,0.0093085334892184,0.009977790762900483
2020-02-13,-0.0148339385213155,0.0329569088930052,0.0005459388777842,0.0074728276909667,-0.0948616933536314,-0.015379770113850244
2020-02-14,-0.0052840082022811,0.0098583837253078,-0.0039806246137362,-0.0019950917626297,0.0298398729433708,-0.004979195379088608
2020-02-17,0.0021700396994683,0.0173943830241773,-0.0027548918951001,-0.0014999764855171,-0.0332155000724523,0.001617228550113664
2020-02-18,-0.0088529961178205,0.0,-0.0003902938502724,0.0032023288184868,0.0,-0.009349905668178352
2020-02-19,0.0061671405529386,0.007501749955777,-0.0001517363587364,-0.004341761772196,0.0840642977248453,0.006165466918027025
2020-02-20,-0.0001399123591808,0.0237229252274417,-0.0041238963628553,0.0074650315874518,-0.0303438847997431,-0.0010887796679585795
2020-02-21,-0.01793079705808,0.0032138437895636,0.001361110319725,-0.0109179784429758,0.0820584350337232,-0.018129550617913093
2020-02-24,-0.0448959813934798,-0.0136570789839128,-0.0020444041177887,-0.0059116442596381,0.0976863408161012,-0.044609993504976304
2020-02-25,-0.0184981042728935,-0.0376068506485376,0.0047323486962835,-0.0401012285726987,0.4654567212207836,-0.01716652232496729
2020-02-26,-0.0001883044662586,-0.0239786588350863,0.0009362707871527,-0.0206881537473315,0.112664786954193,-0.0006049371019248755
2020-02-27,-0.0340082883400464,-0.0276615184105478,0.0030229751384687,0.001447139927073,-0.0104129591222662,-0.03445845614030945
2020-02-28,-0.0366620619743972,-0.0233950962541714,0.0003582195502427,-0.0340332316171696,0.4208998768597427,-0.0354950449965539
2020-03-02,0.0196516086148068,-0.031812952044913,0.0102273934349932,-0.0365835825189001,0.0242594679939007,0.02017338906870118
2020-03-03,0.0097893754572628,0.0273159353842238,0.0049178636127522,0.0028052608411559,-0.1667913821891017,0.007952569322399862
2020-03-04,0.0055786849620902,-0.000770730527,0.0083914459093521,0.0099256002260335,0.1017355389635619,0.005333093813460254
2020-03-05,-0.0191037007096678,-0.0140763504366526,0.0032871199645283,0.0144100001817315,-0.1311787062395062,-0.019908437249205938
2020-03-06,-0.0538606938916597,-0.0222960955570826,-0.003720425792251,-0.0166580850774991,0.238512010483203,-0.05323031549441973
2020-03-09,-0.178968445289221,-0.0944189050254876,0.0076097960861032,-0.0390982247221937,0.0585562785807438,-0.17737659501044997
2020-03-10,0.0150563122726132,-0.2409984479145521,0.0144487977851244,-0.0844659905961063,0.2985217183529056,0.022113045950238344
2020-03-11,-0.0176601257997459,0.0832363375887117,0.0010486546000192,-0.0165761701125651,-0.1314726398784228,-0.022394446881632907
2020-03-12,-0.139328050216049,-0.0384202111304704,-0.0071464116497941,-0.0015326220807987,0.139534934360995,-0.13689286517406324
2020-03-13,0.02195493411006,-0.0718077571691045,-0.0048592785421385,-0.1240139838305027,0.4001855117660406,0.026732902137040715
2020-03-16,-0.0620110603598537,0.0189643958539456,-0.0068004722000278,0.0160260720545919,-0.2337352471753954,-0.06598575423241251
2020-03-17,0.0273162295371993,-0.1122599529794872,-0.0026438297866444,-0.0524550859309814,0.4298806817087415,0.03148910052545537
2020-03-18,-0.0831430403828345,-0.0439267796451811,0.0007032639633588,0.0327011345145165,-0.0819929686675381,-0.08708312618877982
2020-03-19,0.0333289212141496,-0.1340062806408957,-0.0132296054750471,-0.0571744444341533,0.0071135984729553,0.03848578391501683
2020-03-20,0.0500237065199702,0.1442926155017312,-0.0048998489149221,0.0286107115414468,-0.0582079414765039,0.045329902558736604
2020-03-23,0.0135397464931574,-0.0523357852846608,-0.0277517255719607,0.0384746702915823,-0.0827777650621202,0.012751142590938198
2020-03-24,0.1624292051738892,0.0018532670592119,0.0034757157946578,-0.0247047129438885,-0.0673834146161128,0.16150639707531037
2020-03-25,0.0651497306131262,0.0044394720250249,0.0065664173699062,0.0923622491496716,0.0012988799506288,0.05724175818831956
2020-03-26,-0.0001761482300615,0.0088397706994574,0.003532443485666,0.0313172511581822,0.0369710177021258,-0.0001487620274707622
2020-03-27,-0.0618448418756776,-0.038335131816665,0.0080474222426447,0.0170134845209062,-0.0461298002774857,-0.06250723988424797
2020-03-30,0.0459286836303753,-0.0535307456053137,0.0145725707300834,-0.041832629531621,0.0744262445168417,0.04851478153434383
2020-03-31,0.0749562329790389,-0.0870437244175815,0.0082206951676806,0.0135489037314735,-0.1290814611885116,0.07089132706001823
2020-04-01,-0.0057032356652942,-0.0008787547259464,-0.0097509241085856,0.0076943991779645,-0.062018234091951,-0.007972047019928284
2020-04-02,0.0557662414182889,0.0879507484665931,-0.0003528575408736,-0.0382503345118264,0.0657452446315296,0.056460072360433225
2020-04-03,-0.0468180915944554,0.2101859664934195,-0.0066160628366506,0.0030556061847741,-0.1077813070077778,-0.05044674954018214
2020-04-06,0.0002753914554119,0.1392785571780619,-0.0096974891832934,-0.0094848781630676,-0.0807307134682792,0.0035640066493076634
2020-04-07,0.0181417833120377,-0.0310759705166739,-0.0037284638271861,0.0499363425910008,-0.0333332817099364,0.0159034462843291
2020-04-08,-0.0135356160911899,-0.0357034319233496,-0.0002916541788892,0.0220674584556996,0.0322723039413055,-0.013985248500799711
2020-04-09,-0.0004616567837058,0.0304361244998896,0.0084545906839619,-0.00223955268408,-0.0717345232139028,-0.000264168910943291
2020-04-14,-0.0279913054341682,0.008259219589028,0.000481095720048,0.0,-0.0119990406040532,-0.02872127008449947
2020-04-15,-0.0625222213397436,-0.0674227915904313,-0.0008847468401703,0.0086248745449777,-0.0828273014105763,-0.0615067035947115
2020-04-16,-0.0250031047824828,-0.0645270210404392,0.0057122925772936,-0.0375427692080612,0.0815678487278499,-0.023184764534279284
2020-04-17,0.0413579622027447,0.0046948052820261,-0.0073085676162415,0.0014778671592252,-0.0178746214375337,0.041017279600684825
2020-04-20,-0.0075969949091771,0.0093458027222843,-0.0042759718063084,0.0270058664585073,-0.0488655959772491,-0.01005036484365074
2020-04-21,-0.0370122175916404,-0.0893874727813945,0.000782325031349,0.0073399407310457,0.1488859784533107,-0.03614075176950745
2020-04-22,0.0440572966501287,-0.2440359736250306,-0.0001955929174959,-0.0406117587590221,0.0360483219336293,0.044736538314782165
2020-04-23,0.0300277854495734,0.053802427296024,-0.0007706749407427,0.0156053411915286,-0.0755340303171406,0.026960439173858645
2020-04-24,-0.0216206513400261,0.0471280827158171,-0.0043131349122905,0.0061942429005101,-0.0142924840558283,-0.02223785204317112
2020-04-27,0.0131721948256002,0.0051570844231136,-0.0030176057328222,-0.0152113940852176,-0.1317061532687796,0.013832343176547511
2020-04-28,0.0203702513837624,-0.0676306309151492,0.0043295545274324,0.0259943745632151,-0.0734761861181543,0.01877425444552584
2020-04-29,0.0425223218652319,0.0235117217976936,0.0001082651224513,0.0173381015788085,0.0084108973144028,0.04166099280686731
2020-04-30,-0.0387434678413682,0.1016618731245802,0.0010836352792,0.0218344843734048,-0.0697050990128149,-0.041003782624482434
2020-05-01,-0.019333937655625,0.1211179871938552,0.0037526459272465,-0.0227464369133366,0.0934999047852525,-0.017079874764346973
2020-05-04,-0.0403622379262292,0.0462999626078157,0.006271686807133,0.0,0.0890189448022824,-0.041179025972433364
2020-05-05,0.0729482905842448,0.0287443348536575,0.0012933299570614,-0.0380644188125859,-0.0328044488049452,0.07459089417660002
2020-05-06,-0.029131671065426,0.1386028839951996,-0.005048729550992,0.0211007825557965,-0.0656102454896004,-0.034026069588358875
2020-05-07,0.0215679246133762,-0.0403616411919321,-0.0060262262134445,-0.0111790366618852,0.0151740051256092,0.024622532925123994
2020-05-08,0.0035717418244995,-0.0087483255346175,-0.0036931120457727,0.012954710581805,-0.0785462626530951,0.0004368610594699656
2020-05-11,-0.006888762845822,0.051255949620097,0.0035762058614008,0.0095500967968473,-0.1100509202623332,-0.006221216024537776
2020-05-12,-0.0007417064764445,-0.0432676842847093,0.0002168107414928,-0.0083766111055096,-0.0146533185889873,-0.0013914487491203343
2020-05-13,-0.0318120620192485,0.0118123655546087,-0.0027780072010433,0.0001560298818812,0.1984041088593127,-0.03212491054705343
2020-05-14,-0.0147088997025374,-0.0263508679199859,0.0034601259496873,-0.0255356437107716,0.0677965436349861,-0.013711319828900441
2020-05-15,0.0103718552631552,0.0664610685582371,-0.0021322207671115,-0.0179039929854144,-0.0756802228267686,0.009935035559397083
2020-05-18,0.0690735708059553,0.04400902268446,-0.0015454488283191,0.0037931515769373,-0.0220791538554762,0.06813305746628852
2020-05-19,-0.0119543767272944,0.0710769653320313,0.0013310858459365,0.0509546086290984,-0.081216688684811,-0.015434008679309708
2020-05-20,0.0178507805760369,-0.0045963757856922,0.0086666098234355,-0.0031937459860184,0.0419795727512912,0.019417743681522465
2020-05-21,-0.0210980686651044,0.0317459863111273,0.0011583319408448,0.0137153199503943,-0.0831968836685417,-0.023347832151378103
2020-05-22,-0.0117309903487379,0.0086713670850633,0.0050521028101613,0.0,0.0550196830339531,-0.010317374355041292
2020-05-25,0.0111988776268815,-0.0257903568984502,-0.0027381401530067,-0.0125475967573592,-0.0463935254784115,0.010422753612683064
2020-05-26,0.005919331216534,0.0,-0.0041177797772541,0.0226745165558128,0.0,0.0051014021020817785
2020-05-27,0.021646984138289,0.029604243359218,-0.0004404310453832,0.0093795319066771,-0.0053266910278075,0.02109894155188574
2020-05-28,-0.0050688363053346,-0.0395354316524758,0.0072249397748569,0.0172911983543897,-0.0139235768104813,-0.006490150326135872
2020-05-29,-0.039358970226098,0.0158318713439054,0.0031947931525848,0.0142211582348208,0.0351194527111178,-0.03909915937210192
2020-06-01,0.0209552716062688,0.0011334914845453,0.0056504236059351,-0.0143061719617175,-0.0377754430899608,0.022037183106685218
2020-06-02,0.0402119390026714,0.084630560679489,0.0035579530369997,0.0,0.026172275803858,0.03804640826481077
2020-06-03,0.0287542734150422,0.0326200420134354,0.0006675319779554,0.0356763720744166,-0.0492383780442075,0.027225029363687404
2020-06-04,-0.008208232491494,0.0055597983927178,0.005706559007063,0.035001382604654,-0.0439642436090674,-0.009498320850760847
2020-06-05,0.0598591348851063,0.0050264075983321,0.0041573002584596,-0.0024223727754003,0.0058456593695344,0.060205027138084635
2020-06-08,0.0163984889801082,0.0577643776353629,0.0090702762598349,0.0375942753634035,-0.0499805902700978,0.012741909184773968
2020-06-09,-0.037402633637615,-0.0354609935473898,-0.0016186702973106,-0.0053186930766094,0.0526100727608374,-0.037093682941831047
2020-06-10,-0.0156060378240626,0.0093137518436534,-0.0012322681759292,-0.0135401517979995,0.0681906340681737,-0.014640172578202798
2020-06-11,-0.0601962385619921,0.0133559794313895,0.002357072805333,-0.0081307914023233,0.0,-0.06057546575786497
2020-06-12,0.0084412145680369,-0.0762041778111498,0.0029323119315063,-0.0452802142103838,0.479506759776459,0.010814278013347941
2020-06-15,-0.0105520376298146,0.0046692687091607,-0.0068067781648591,0.0029161130697221,-0.1152243358040799,-0.01274055890712827
2020-06-16,0.0317748107276337,0.0255616238101725,-0.003195541723474,-0.0054982617287153,-0.0468273377546051,0.03265993443525948
2020-06-17,-0.0128056953640873,0.03121847496629,0.0076190256228736,0.0338764198789198,-0.0212210268765371,-0.015389669954512603
2020-06-18,-0.0075405339038734,-0.0061035157614242,-0.0063539438275659,0.0075895049305467,-0.005939915625735,-0.006360206811861318
2020-06-19,0.0098223372056838,0.0196511730545745,-0.0020237334999584,-0.0053133535041554,-0.0158351531121637,0.008959021043001216
2020-06-22,-0.0119838538076377,0.0163816028106904,-0.0028374877932146,0.005907934363964,0.0661809470571184,-0.012695048227704864
2020-06-23,0.0176127283155603,0.021095122856493,-0.0029832625318877,-0.0083846182225045,-0.095387203189226,0.017861429610932157
2020-06-24,-0.0403122977230078,-0.0104456997171031,0.0091365429402481,0.017626650836928,-0.0125904819882533,-0.04192240231089028
2020-06-25,0.0069593863646222,-0.0544217601852101,0.0028959802817161,-0.0311352687180173,0.0787376234388028,0.008977783275564297
2020-06-26,-0.0125584935611839,0.0183576739905508,-0.0054341211212455,0.0071304563302612,-0.047872308645982,-0.014507795764292602
2020-06-29,0.0161151975494993,-0.0007307863545534,-0.0025587216499913,-0.0045791869411827,0.0779018692252684,0.016981285618776713
2020-06-30,-0.0217105071525955,0.0168210292298618,0.0003368470878872,0.0086918291898678,-0.0849409413899711,-0.02354400710902622
2020-07-01,0.007358407553386,-0.0134259786834236,0.0019007239932979,0.000634293357014,-0.0424795579704634,0.008602595016679607
2020-07-02,0.0173105219686421,0.0213851086460967,-0.001000017276398,-0.0017377846084674,-0.0594807574035588,0.01571137796636181
2020-07-03,-0.0140495316829327,0.0264097226407327,0.001372673547505,0.0283851811565132,-0.0328441826168303,-0.014764498424488367
2020-07-06,0.0146437645306178,0.0,-0.0012024360215885,-0.0077438275460951,0.0,0.014992063051765077
2020-07-07,-0.008642204379599,-0.0009272349581196,0.0008322910247819,0.0168924497064573,0.0093930717491075,-0.010159220024124392
2020-07-08,-0.0111952506976038,-0.0004639592523051,0.0058374087437864,-0.0084984225377526,0.0533285519913258,-0.01072064056374784
2020-07-09,-0.030606347788333,0.0048746303516002,-0.0033261636145835,-0.0106787082206611,-0.0458715721192943,-0.03096023143543172
2020-07-10,0.0068060300138322,-0.0217140776513379,0.0056695953320384,-0.0075835309894445,0.0420228030050522,0.007766086228072676
2020-07-13,0.0175717819559298,0.0210154247086822,-0.0045152571937764,0.0107476916774618,-0.0673273854389773,0.016134229678880466
2020-07-14,0.0191204866045756,-0.0120259120624093,0.0019566960604067,0.0163156675752447,0.1795528599045837,0.018316123108372218
2020-07-15,0.0061762901650938,0.0042134901692967,0.0031347394074614,-0.008540330573694,-0.08294496063538,0.004996775502089473
2020-07-16,0.0046881044597886,0.0207459057807155,0.00574753827034,0.0171073165744086,-0.059620603034881,0.004300256627364449
2020-07-17,-0.0114188140146119,-0.0095912759730875,0.0005686381091167,-0.0038067093016567,0.0086455248249048,-0.012113575384141477
2020-07-20,-0.0151304679131411,-0.0053031945561621,-0.0021964124845104,7.428647621954276e-05,-0.0828571319580078,-0.014916351593234161
2020-07-21,0.0227326006780445,0.0032452339274262,0.0044627684065128,0.0067565930516257,-0.0475078351325889,0.02268920103152756
2020-07-22,-0.0312687597161417,0.0240295966927066,0.0013750321906922,0.0050201601151005,0.0155356125240602,-0.032982024939044285
2020-07-23,-0.0077376899617525,-0.0006768677685793,0.006574425313873,-0.0101575717323254,-0.0209339957556118,-0.00609828269058222
2020-07-24,0.0003848472726297,-0.0221268801530495,0.0030078212447555,0.0002907298252947,0.0723684313719954,-0.0006879686889144788
2020-07-27,-0.015326190425812,0.0006926524669974,0.0023655928604167,-0.0180470907698966,-0.0092024452385066,-0.01549070482728785
2020-07-28,-0.0055091665290877,0.0016151290857815,0.0048708296200636,-0.0024313115049657,-0.0425696739541063,-0.0053628142390446006
2020-07-29,-0.0014670991300691,-0.0043768400685749,0.0100156707774068,0.0002179853350348,0.0282942914072554,-0.0019337153245259598
2020-07-30,-0.0407232404224419,0.0122628126868955,-0.0042891650419982,-0.0010292370727542,-0.0526729608670398,-0.041089037850041414
2020-07-31,-0.0247219102533538,-0.0185143171037946,0.0054673047121602,-0.0278653045266287,0.027385885351254,-0.023277193060817755
2020-08-03,0.0172647502253107,0.0083838058189327,0.0075863622126015,-0.0105604025086168,-0.0121163627478175,0.01708885298209075
2020-08-04,0.0368951498334182,0.0196305381938861,-0.0075760337032135,0.0232994655059235,-0.0073588881669832,0.035503917602667724
2020-08-05,0.0239303392837346,0.0063419879868578,-0.0016115393013034,0.001850212946981,-0.021416822201726,0.022189035623621938
2020-08-06,-0.0226605681769074,0.0166553648140157,0.0044307793335691,0.0043296213861929,-0.032407426361372,-0.02362118403269263
2020-08-07,-0.0147913122666513,-0.0017710431613968,0.0048559695029375,-0.0085638730006774,-0.0147890454968609,-0.013918230335059416
2020-08-10,0.0192194894530804,-0.0153026973691279,0.000308746037257,0.0037834983357112,-0.0194260724709967,0.018845917168694756
2020-08-11,0.0349442051396505,0.0132882912682785,-0.0078943324396346,0.0021705559484477,-0.003601977802961,0.03355465387397138
2020-08-12,0.0134989734290838,-0.010891346081041,-0.0038148260412615,0.0222136807009587,0.0858563758668071,0.011849235509146447
2020-08-13,-0.0197712217965079,0.0208988832623771,-0.0001056227670687,0.009321336974893,-0.0728256325424305,-0.020281614577996532
2020-08-14,-0.0184506496387453,-0.010345613417255,0.004879068455049,-0.006044824956617,-0.0067325637906652,-0.017928975244232016
2020-08-17,-0.0101522874612165,-0.0035587155398179,0.0019295773993015,-0.0113077307458768,-0.0036149989489328,-0.010185100504566608
2020-08-18,-0.0120571764378459,0.0127232076904297,0.003046169826061,0.0002420685969366,-0.0317459809438132,-0.012218560714049373
2020-08-19,0.0045706534577216,0.0019836930726626,0.0020189802651064,-0.0049034906602745,0.0074941379181883,0.004560742976004629
2020-08-20,-0.0189892390501774,-0.0019797658249102,0.0060098063610558,0.0085055585179709,0.0478847362010954,-0.019858594713632886
2020-08-21,-0.0073062740644906,-0.0103592113085891,-0.008734567738023,-0.0131540487389333,0.0079857316111797,-0.006650512216692731
2020-08-24,0.0395073137811473,-0.0122495107587202,0.0025469429035471,-0.0043463859136709,-0.0079224649325296,0.03888295613496682
2020-08-25,-0.017951645281342,0.017587432262242,-0.0063709595805448,0.0220845126878979,-0.0075421503721783,-0.02018217462184334
2020-08-26,-0.0027070378252487,0.0161754824941069,-0.0002949409890677,-0.0006093000362649,-0.0151989333854465,-0.001451557036039362
2020-08-27,-0.007096238451916,-0.0047972354508313,0.0034321894453757,0.008123845363549,0.0562868693812546,-0.008224219585909643
2020-08-28,-0.0037804759737519,-0.0120508160476726,0.0006513943384394,-0.0076621416569249,0.0515684929946127,-0.0035645040091145798
2020-08-31,-0.0124961502067849,-0.0008871349610107,-0.0019502937318516,-0.0046532013479977,-0.0617082252249084,-0.013077797123717304
2020-09-01,-0.0083722892401983,0.0051054283270024,0.0083427920410898,-0.0129782867315462,0.1502613632625364,-0.00816108602917674
2020-09-02,-0.0083717101208572,0.0066255092722082,0.0017430930674866,0.0015492904052991,-0.0109806516415836,-0.008733685542015382
2020-09-03,0.0001895909541217,-0.0252303966581981,-0.0013234919979406,0.0183641406072625,0.017228133274594,0.00010081061375041871
2020-09-04,-0.0037526576639722,-0.0081026470375609,-0.0063619804083556,-0.0100516358622085,0.2645840745216983,-0.004376997300307039
2020-09-07,0.0212343702491707,-0.0319945508776053,-0.000639345722124,-0.013204291239489,-0.0848213870103649,0.021051965587691387
2020-09-08,-0.035326478181962,0.0,-0.0004497614814279,0.0164019330940639,0.0,-0.03690254919457483
2020-09-09,0.0187419952881655,-0.0675105738025441,-0.0010758034478896,-0.0140914193751472,0.023089401121062,0.020508116627795864
2020-09-10,0.0031122274234589,0.0253896975169369,-0.0043549400692805,0.0175859969567697,-0.0842339381960822,0.0007253349385605299
2020-09-11,-0.0044074704640111,-0.0178965316462751,0.0030697019536041,-0.0036272706605658,0.031239140410058,-0.004074718713716633
2020-09-14,-0.0167333921528689,-0.0057413762943521,0.0015253577729836,0.0009176728371051,-0.0955906540812896,-0.01734102069068686
2020-09-15,0.0171349656982883,-0.0055235051616692,0.0015513640318849,0.0002955478303741,-0.037960566650759,0.017559165047362203
2020-09-16,-5.137987379683073e-05,0.0232264113801827,0.0023028061782486,0.0046641392795239,-0.0100580357851063,-0.0017225212249715456
2020-09-17,-0.0091566953114529,0.0416975695116359,-0.0021557096226498,0.0019746592720004,0.0175850238474479,-0.009015347197750614
2020-09-18,-0.0194773197507685,0.0255802459765877,-0.0034583984219509,-0.0066699868652049,0.0161289613739941,-0.019768859157047444
2020-09-21,-0.0368193957904823,-0.0034641504347477,0.0037913635082373,-0.0099138948598754,-0.0238094929162828,-0.0364159590354725
2020-09-22,0.0178529146820017,-0.0396292662503003,-0.0002250731487734,-0.0373786783845405,0.0754936418389145,0.018746127101257552
2020-09-23,-0.0123739895901987,0.0067568195770564,-0.0065453970179799,0.0010060050585256,-0.0331173525397431,-0.01430269098055809
2020-09-24,-0.0215118706682754,0.0011984476413613,-0.0050673064474923,0.0050504325679483,0.0640357138596499,-0.020664337881445987
2020-09-25,-0.008973511252938,0.0040698627503537,-0.004255377205412,-0.0064369515998756,-0.0024492545490231,-0.009016721513056195
2020-09-28,0.0126668993154313,-0.0004768826518495,0.0012607496030632,-0.0071463314656249,-0.0747106647146728,0.012454662294430116
2020-09-29,-0.0250334585953889,0.0121660820254587,-0.0032462486057818,0.0274556053131826,-0.0072023742514578,-0.026189684219791672
2020-09-30,-0.0011747914393937,-0.032995557761241,0.003737229825137,-0.0027581038473477,0.0030545980173624,-9.61223989900885e-05
2020-10-01,-0.0313308248225051,-0.001949744546368,0.0054130305305293,-0.0064368419537538,0.0038066379797176,-0.03244706726991014
2020-10-02,-0.0028622411065885,-0.0004884116579009,-0.0013602105026768,0.0001502940097899,0.0125142174138681,-0.0015044838905996804
2020-10-05,0.0258754205186837,-0.0405570445891786,0.0016089994172752,-0.0009893760548522,0.0348313996723932,0.024706034372733346
2020-10-06,0.0265290020849012,0.0514387683783261,-0.0020861974904528,0.0091791545693515,0.0119435372323368,0.025203675461494254
2020-10-07,-0.0122844591702077,0.0329377713779639,0.0061439279661417,0.0040618585823328,0.0543633944039645,-0.013566395832980051
2020-10-08,0.0211210562283786,-0.0154747907104209,-0.004648194991886,4.017035553105508e-05,-0.0481682529967307,0.021656050736729392
2020-10-09,0.0098654702787482,0.0321504744024194,0.0025417808980194,0.0069060034072456,-0.0605844222361507,0.007952794620394584
2020-10-12,-0.0153644630046358,-0.0113059916184042,-4.001510240880801e-05,0.005332121338736,-0.0515933451768393,-0.015577491398955652
2020-10-13,-0.0113732389797688,-0.0263709986851089,0.0042351855630269,0.0076379720587467,0.0027999877929687,-0.011201949057952224
2020-10-14,0.0002307408471427,0.0174975915838198,-5.911618479070846e-05,-0.0057396865816375,0.0398883132099301,2.987053827902469e-05
2020-10-15,-0.0316827499387117,0.0204946741165741,-0.0062585142175263,-0.0018022475718013,0.012658225069775,-0.03225560681793054
2020-10-16,0.0153983229109465,-0.0036934406403337,0.0001526893942394,-0.0246205907130825,0.0215908978432004,0.016513721183070925
2020-10-19,-0.005264252049807,-0.0053289977536947,-0.003137572239784,0.0165315236573293,0.0163144436507176,-0.007182652804358482
2020-10-20,-0.0067812774812363,-0.0072210894732661,0.0007147180392022,-0.000912028447103,0.0645749896978122,-0.006275263662781536
2020-10-21,-0.0238221743621834,0.0126701297292468,0.0045544851656165,-0.0045149876281131,0.0058259107099389,-0.024400006034704016
2020-10-22,-0.0005069690137025,-0.0331325373084199,0.0051814977763844,-0.0146134027402332,-0.0238501108634193,0.00023864352203455976
2020-10-23,0.0205237917929939,0.0174933992390167,0.0020388792804699,-0.0029207530433913,-0.0188481331716824,0.01953469265387871
2020-10-26,-0.0324168896199767,-0.0162505567966748,-0.0032845519559783,0.0086555179157659,-0.019921784458617,-0.03357478374764165
2020-10-27,-0.0254942082609596,-0.031362254223953,0.0028316561500716,-0.0292635827383274,0.1782214150048733,-0.024065177058525875
2020-10-28,-0.0274129746227346,0.0182897107071557,-0.0032947233516975,-0.0111584904093873,0.0274183430299039,-0.027544830407021877
2020-10-29,0.0071153040263042,-0.0504854804013913,-0.0021447579912096,-0.0348661679114344,0.2077961206071215,0.007818334603616682
2020-10-30,0.0176786308249156,-0.0375766218338962,-0.0030076178282917,-0.0011843976188475,-0.0667824902738475,0.016348954891811197
2020-11-02,0.0498151380477176,-0.0050465453839531,-0.0059561660031286,-0.0006148817212531,0.0114392206286324,0.048954293375917904
2020-11-03,0.0160228206474662,0.0403097216533667,-0.0031317368936795,0.0207321586144493,-0.0234087159109094,0.013416998285043799
2020-11-04,0.006974958608766,0.0189889104590637,5.826265274877507e-05,0.0262225142294216,-0.0425532395799332,0.0068008207151382455
2020-11-05,-0.0153093458960676,0.0382775243718909,0.0102565987569174,0.0201212430441406,-0.1682137741370816,-0.01621424898720579
2020-11-06,-0.0038317706865768,-0.007276236730326,-0.0025108289252275,0.0172378305624385,-0.0672979300526162,-0.003333287792598085
2020-11-09,0.1352013954854639,-0.0361592849059709,0.0072324091424917,-0.003579472799727,-0.0986221653690633,0.1344875099385469
2020-11-10,0.0514007649908168,0.0747782181467224,0.0063864906722495,0.0636256800532224,0.0358004572726295,0.044682297773028574
2020-11-11,-0.0001020501695176,0.0285377132294235,-0.0055233356520971,0.0101851885681569,-0.0368932335122117,9.264868016363957e-06
2020-11-12,-0.0151845431198779,0.0043567673480813,-0.0007209612763262,0.007168938424954,-0.0544354240182268,-0.015890456438234196
2020-11-13,-0.0009935058152941,-0.006164394120245,-0.0032572067704471,-0.0112768139779149,0.081023435254341,-0.0005957860234107678
2020-11-16,0.0555660595980151,-0.0172294973818539,0.0019605283529799,0.0011289064939683,-0.0887573951140726,0.05476582876667327
2020-11-17,0.0060471607597339,0.0243104475269562,0.0035464667435043,0.0099473180611504,-0.0281385111600123,0.003140168982421051
2020-11-18,0.0056641865976331,-0.0015974371362783,0.0011978037781641,0.0006548996041302,0.0115812166012221,0.006105905279626283
2020-11-19,-0.0224092208324837,0.0134857177734375,0.000355935881684,0.0039469570195991,0.0497578649788603,-0.023545631927747217
2020-11-20,0.0060326587897891,-0.0031574061607274,-0.0013506884371141,-0.0086727390820759,-0.0306207859716428,0.006977638725352421
2020-11-23,0.0435182260598158,0.0171945318645885,0.0015900757859319,0.004527886130464,0.0255300794896393,0.042124475415948937
2020-11-24,0.057999647514914,0.02446624357691,0.0,-0.001315047429152,-0.0438818937573044,0.05594597633062015
2020-11-25,-0.0136588839898892,0.0390794438426638,-0.002001341527696,0.0129770204500483,-0.0450132596925044,-0.016083604109488465
2020-11-26,-0.0154483815438137,0.0156707060266476,0.0048792071107257,0.0011174299445335,-0.0180221534495511,-0.014303573775404562
2020-11-27,0.0060648155577846,0.0,0.0016378050687413,-0.0002733451875605,0.0,0.0055928259313764
2020-11-30,-0.0478150224076641,-0.008845922645066,-0.0003360261092286,0.0047993124170335,-0.0192941104664522,-0.04853485517562038
2020-12-01,0.0198702960264556,-0.0122457482119299,0.0046545255772312,-0.0099920912553422,-0.0129558759974454,0.02181953337004614
2020-12-02,0.0174999310269374,-0.0035722206996743,-0.0027816090374511,0.009362799225246,0.0097229346575915,0.01497233176290232
2020-12-03,-0.0044444735870239,0.017503202511683,0.0114103064020958,-0.0011119588697107,0.0192585271889464,-0.00472583227402635
2020-12-04,0.0399385923726578,0.0095336597818167,0.0033314170009388,-0.0011984058879064,0.0051960609331664,0.03962544959018916
2020-12-07,-0.0083503001985779,0.0110860383017228,0.0025627638016205,0.0063034662817171,-0.0230263042907544,-0.010749598066513568
2020-12-08,0.0009973500741713,-0.0093400829334548,-0.0019999980370044,-0.0025965640811624,0.0245309427164239,0.0018787059144375427
2020-12-09,0.0095557154896118,0.0010247845075288,-0.0006783939588516,-0.0011925964409669,-0.029107932117012,0.008430688664537262
2020-12-10,0.0196489864163708,0.0004095097809415,-0.0001815724171323,0.0008933687966539,0.0768858863212853,0.019075167244829105
2020-12-11,-0.0202252563278234,0.0284486158879406,-0.002657344584665,-0.0019013666401335,0.0112258641608085,-0.02153968844272177
2020-12-14,-0.016311169971992,-0.005572115010883,0.0054260627277287,-0.0103539921518678,0.0350798841971764,-0.015384730357651859
2020-12-15,0.0040907676666633,0.0064038360417657,-0.0008966983830569,0.0051981366299105,0.0604890553289039,0.00376371817795807
2020-12-16,0.0038899833644569,0.0093457426416698,0.0012768419520983,0.005005776109898,-0.0740291251835688,0.00319452144257367
2020-12-17,-0.0073347530745319,0.0063042458649122,0.0004448921931232,0.0061053528325998,-0.0170379816534554,-0.007845094259037257
2020-12-18,-0.0061768836217683,0.008222360099642,0.0037257618774535,0.0050437813117414,-0.0253333197699652,-0.006244035535115552
2020-12-21,-0.043272533608897,0.0147572489618097,0.0051748361354004,-0.0042489971426071,-0.0164158962764171,-0.04360576381809518
2020-12-22,0.0043778995870727,-0.0258323482104828,-0.0037991731468713,-0.0273737101031298,0.1664348726648021,0.005927788346153474
2020-12-23,0.0273033276684376,-0.0163032413837183,0.0017008809157941,0.0141532585108672,-0.0369634463758329,0.025699573582754
2020-12-24,0.0004847812578477,0.0223641951065236,-0.0041068435930385,0.0119428560618841,-0.0379694632139903,-0.0007010950079765786
2020-12-28,0.0013603675436055,0.0,-0.0005483581913253,0.0,0.0,0.001245015319273546
2020-12-29,-0.0003965222499272,-0.0083837063267745,0.0016721969568598,0.0102139719161644,0.0078959624185888,-0.0010636257588364278
2020-12-30,-0.0053207054630813,0.0045222087981948,0.0015034610957831,0.0016669990923106,0.0635944291358481,-0.0056416209123629464
2020-12-31,-0.0075174017081194,0.0048933254893979,0.0024138441191721,-0.0027308066401569,-0.0134315193659932,-0.007770203599332611
2021-01-04,-0.0052720965308629,0.0,-0.0097259122761499,0.0,0.0,-0.0054533646866559244
2021-01-05,0.0490425091437424,-0.0137065462341683,0.0057822080635769,-0.0020159635163374,0.1854944753122853,0.04872083887308287
2021-01-06,0.0401388547136104,0.0491289550604172,7.356497217481106e-05,-0.0046402877968863,-0.0604374935953183,0.03731259890705437
2021-01-07,0.0102421292912649,0.0130597160982648,0.0039729946895057,0.0178220552527066,-0.0106551087662917,0.009031299488457415
2021-01-08,-0.0005621788769861,0.0014733302427025,0.0033197592840159,0.0031402914099563,-0.1076984000182593,-0.0011275956301459145
2021-01-11,-0.0051217831696987,0.0296064836103058,-0.0056448353591296,0.0062472400884465,-0.0362092687931598,-0.005483327635633815
2021-01-12,0.0188440162129248,-0.0058939421532756,-0.0069461592996487,-0.0067022211803317,0.1168831410104824,0.018601163411109012
2021-01-13,-0.0028595852248948,0.0165289613037136,-0.0020928282920177,-0.0023449669117994,-0.0311461795006754,-0.004293671094053927
2021-01-14,0.0141297283304961,-0.0091905344810057,0.0039629900042505,0.0012126161282202,-0.0480068942518659,0.014291030785260268
2021-01-15,-0.0181445563730723,0.0064216337287821,-0.0038007870478363,0.0068740601725822,0.0468257973164178,-0.019548097903648688
2021-01-18,-0.0004048335745128,-0.023395954230122,-0.0009234867417119,-0.0114847068585479,0.0468817269930275,0.00046557241646519646
2021-01-19,0.0021512755647453,0.0,-0.0068425908803061,0.0008667397326203,0.0,0.0010978543662546751
2021-01-20,0.0070358881678906,0.0145191120492236,0.0007608065497719,-0.0020123964052267,-0.0451931131706575,0.006778497544893543
2021-01-21,-0.025688673036745,0.0032200411495955,0.0050983257706982,0.0079601598170415,-0.0714285655662999,-0.026556775954936176
2021-01-22,-0.0123515178774103,0.0003565735095132,-0.0019143025297213,-0.001570054785521,-0.0120482034198814,-0.01137917004716696
2021-01-25,-0.0226842488570913,-0.0122994410958368,0.0041816027191092,-0.0044053740286768,0.0276735535193803,-0.02322065065622202
2021-01-26,0.0101569581991621,0.0084822454791086,0.0002591656707486,-0.0136769609048739,0.058420844160649,0.01082894714612702
2021-01-27,-0.0019336488955914,0.0005368428547505,-0.001906945525246,0.0111704539496968,-0.0073307491323373,-0.0033925343279079378
2021-01-28,-0.0106110481160639,-0.0017885615166161,0.0013792318288194,-0.0157119023402185,0.6164204319953999,-0.01048176245780909
2021-01-29,-0.0201952879014921,-0.005017068394629,-0.0047620037051636,0.0058421767272267,-0.1881214773509905,-0.020412221388122195
2021-02-01,-0.014146659284088,0.0063029406899401,0.0012362042296443,-0.0212536538318458,0.0953327095463401,-0.01374479360620243
2021-02-02,0.0038800034461888,0.0084108338765589,0.0003152348219104,0.014192448263244,-0.0861287509316265,0.003700529340926604
2021-02-03,0.0170804191561168,0.0196983254730935,-0.0045499467121143,0.0168825811440758,-0.1547619160250652,0.016324589658350434
2021-02-04,-0.0043139947490928,0.0174034113458632,-0.0024559571827412,0.0053725815835203,-0.1036776085250426,-0.00542005805600663
2021-02-05,0.0060561814498724,0.0065001894298037,0.0002769556190749,0.0089674124766259,-0.0497599038516454,0.006129980956282752
2021-02-08,0.0148640387762271,0.0084976206441769,-0.0062825879677145,0.0037477902717526,-0.0413412769685686,0.013884448301674355
2021-02-09,-0.0050616321121324,0.0205595082164811,0.0068558584207756,0.0026642787107336,0.0177287454243513,-0.005956099137926866
2021-02-10,-0.0001316708320121,0.0087516308995763,0.0004002080092257,-0.0011949570295689,0.0183615533828185,-0.0001233382166624055
2021-02-11,-0.0071677144449335,0.0062203481284348,0.0055084964933749,-0.0034851988411833,0.0166435794877213,-0.007823135771264951
2021-02-12,0.00878848329534,-0.0053685021067405,0.0001006197804718,0.0063891035460772,-0.0336516497871949,0.00878257970527755
2021-02-15,0.0461242942336997,0.0210991319660653,0.0008492320522894,0.006517500497533,-0.0602353264303768,0.04505333639670283
2021-02-16,-0.0021969432108427,0.0,-0.0007758942166107,0.0104420765795882,0.0,-0.004527866796453539
2021-02-17,0.0092110707938976,0.0147364754837113,0.0008334358533188,-0.0020888139173365,0.0746119089809762,0.009768504763812955
2021-02-18,-0.0169832302556456,0.0156274331115249,-0.0032733877135847,-0.0071247867602189,0.0018639756399749,-0.01834272686101617
2021-02-19,0.0117097026323337,-0.0063723353442809,-0.0036781674916279,-0.0050840055940821,0.0460465009822401,0.012504130596432924
2021-02-22,0.0222250423463827,-0.0159549578115846,0.0036431642335863,0.008807272273859,-0.0195642747236782,0.020634278422375085
2021-02-23,0.0120670903738937,0.0370370055954349,0.002849729464986,-0.0036650087585201,0.0634921348897759,0.011115452199202357
2021-02-24,0.0266030207408573,0.0019927174596781,0.0033349308049044,-0.002905523120196,-0.0144989399371461,0.025827650297097594
2021-02-25,0.0198577101070893,0.0255468578671986,-0.0012042622122976,0.0045783232037686,-0.0765902384689182,0.01831011621611761
2021-02-26,-0.0308803698009545,-0.0023866894380115,0.0015822117375803,-0.0055882398474018,0.3537956505658677,-0.031740505452019355
2021-03-01,0.0169180424736615,-0.0112141152930694,-0.0008997964463965,-0.013252748095765,-0.0325371632595393,0.01813239214415073
2021-03-02,-0.0030812502488093,-0.0368970017851145,-0.0058271329000382,0.0192991433688054,-0.1645796155959014,-0.0051187698740814
2021-03-03,0.0145633040591224,-0.0155440082448732,-0.0031815938102786,0.00029672679715,0.032119913822151,0.015022745688928323
2021-03-04,0.0217159609146731,0.0218500624436122,0.0028521567302313,0.0013647359114854,0.106638989798534,0.02014977501187037
2021-03-05,0.0167551269175343,0.0416731415898696,-0.0028800481356082,-0.0021358474183903,0.0712410803560184,0.015815875245902094
2021-03-08,-0.0060083947320156,0.0392568599107541,-0.0068814116613133,-0.0095307657969988,-0.1368568389631607,-0.00701162356511093
2021-03-09,-0.0035716579169587,-0.0161476749816359,-0.0035180865848333,0.0255345220857199,0.0328466938748739,-0.003466656523042244
2021-03-10,0.008243216833514,-0.0105510147016782,-0.0061984547096171,0.0060612819413436,-0.0565370500796975,0.00770458086960734
2021-03-11,0.0085445359092205,0.0056280346816564,0.0038977317898647,0.0089459654811903,-0.0611735821347715,0.007753336182945756
2021-03-12,0.0109874371218953,0.0254785815708664,0.0023661697837031,0.0067331177692595,-0.0288120405105303,0.010302363480094938
2021-03-15,-0.0135417065006433,-0.0058882098073717,0.0050341338122206,-0.003193170837433,-0.0556823058809191,-0.014393026858911234
2021-03-16,-0.0145097049266889,-0.0049119324081067,-0.0030114376748069,-0.0009182595510489,-0.0318994601438356,-0.014120452297710685
2021-03-17,0.0022985853106275,-0.007113790408074,-0.0020273558871979,0.0055145574128938,-0.0119820151218555,0.002142311898428732
2021-03-18,-0.0046915252898848,-0.0057025792239949,-0.0020231777805499,-0.0003167965171021,-0.0282971878415445,-0.0053835422092369896
2021-03-19,-0.0106578444534638,-0.0694117826573988,0.0068181290054791,0.0046237015677106,0.1222049109417937,-0.0107635382731789
2021-03-22,-0.0058369854537498,0.0197534769929381,-0.0053870439354967,-0.0078913260685073,-0.0291936590822011,-0.005939693480568828
2021-03-23,-0.0206358406638942,0.0013947616455562,-0.0029470645630589,-0.0008287503386582,-0.0988067554553355,-0.020968214402527625
2021-03-24,0.0211472735758855,-0.0592696017992241,0.0042004233227372,-0.0017789131009706,0.0752118717910095,0.021625025122261835
2021-03-25,-0.0230568721441536,0.0595493122563415,-0.0077789028578187,0.0014449961768301,0.0443350522021608,-0.02494350251069451
2021-03-26,0.0199937023120042,-0.03819287004042,-0.0022918192834598,5.223553768418654e-06,-0.0655660965553824,0.021326959288865136
2021-03-29,0.0059257739856466,0.0422921533433158,-0.0030854165403151,0.0088999973054246,-0.0479555215144791,0.003685957287916304
2021-03-30,0.0024299580483357,0.0063497547475168,0.0009666010928697,0.0041871025875175,0.0996818186598964,0.00255939508102279
2021-03-31,-0.011155484785522,-0.012927114864415,-0.0014419787844358,0.0111592282710091,-0.0544840488542435,-0.01198991382616705
2021-04-01,-0.0064789595131487,-0.0093545132496201,-0.0040270457380195,-0.0017803449445534,-0.0107088722735906,-0.006210733739731382
2021-04-06,0.0071201285944861,-0.04178228583057,-0.0010002289071011,0.0,0.0334679703554217,0.006641332432685836
2021-04-07,0.0044481670974181,0.0094931639276343,0.0043139819531365,0.0061987352075636,0.0117253486102979,0.0036816153155692405
2021-04-08,-0.0221979094957905,0.006694264547485,0.0046784281635243,-0.0034378989155645,-0.0529801847328117,-0.02270079068070192
2021-04-09,-0.0096272977860525,0.0006333267198224,-4.748602650883616e-05,0.0053225379513579,-0.0122377089941714,-0.008994313052128632
2021-04-12,0.0046500414260956,-0.0039556961547791,0.0035389311542404,0.0002539097311318,-0.0153392458512636,0.004146429490034333
2021-04-13,-0.001472178208311,0.0052422241836047,-0.0012733601511304,-0.0042575688322914,0.0131815042729064,-0.0021099551183009196
2021-04-14,0.0262528086790757,0.0061630751765442,0.0011914405802817,0.0012847593367044,-0.015375531119335,0.025968840522135786
2021-04-15,-0.0071567088737075,0.0457044722129222,0.0033112327681075,0.0023418357710429,0.0204204300527126,-0.008921963448565889
2021-04-16,-0.0051150204302473,0.005407038156368,0.0026729526194118,0.0043130519524257,-0.0247204286022367,-0.004592410327702714
2021-04-19,-0.0044949969121045,-0.0025396742177989,-0.0011971556290383,0.0099062858923124,-0.0193119915943132,-0.005159628244555571
2021-04-20,-0.0296817378143132,0.0041935962673211,-0.0001914837240327,-0.0032432706643638,0.0640000563401441,-0.02980979037190724
2021-04-21,0.010322924153378,-0.0071588864293274,0.0063358094540364,-0.0197641123579769,0.0803932513618401,0.01113155587496828
2021-04-22,0.000700383648084,-0.0187772270651999,-0.0010708288987623,0.009123288024305,-0.0631691801872632,-0.0008314942120041635
2021-04-23,-0.0045090605359857,0.0012247677805947,0.0004453360191536,0.0096544716383089,0.0691428048270088,-0.00446968854113438
2021-04-26,0.0092518108680678,0.0108562548609683,-0.0019103788602828,-0.0003636447443817,-0.0737573077655496,0.008788840201234393
2021-04-27,-0.0046682252063787,-0.0069580862233517,0.0062505047771013,0.0018662734954792,0.0178880246570762,-0.005543244677461278
2021-04-28,0.0215926112031064,0.0117288137878088,-0.0006766122021124,-0.0022184886807712,-0.0045351432241546,0.021573047809712944
2021-04-29,-0.0051961285444844,0.0127973275753341,0.0007145647376214,0.0007777136715065,-0.0159452612649523,-0.006866783484457094
2021-04-30,-0.0126890440915488,0.0191764676661434,0.0037730907940705,-0.0045155644717058,0.0190972170482082,-0.012304350913544886
2021-05-03,0.0105887966417929,-0.0191073162958353,-0.0007276763569032,-0.0055442749758082,0.0567859151243967,0.010348497863532872
2021-05-04,0.013033670500807,0.0046096291240707,-0.0081908458732979,0.006418032331247,-0.0161204263605616,0.01198920862725831
2021-05-05,0.0258782496980701,0.0195381844660282,0.0027861315251114,-0.0188613089611586,0.063899514495902,0.025101363897108195
2021-05-06,-0.0007935508665335,0.0011614668154,-0.003832777477315,0.0198710734977853,-0.0169404482269392,-0.002306108301731376
2021-05-07,0.0038825824140637,-0.0126160492768615,-0.000588454212835,-0.000836940639793,-0.0396866968157236,0.003983474739949041
2021-05-10,0.0063356709258326,0.002790460443901,0.0050446648660809,0.0087037332985953,-0.092441485155662,0.005446074399536209
2021-05-11,-0.0252714726964604,0.0005858365003292,0.0084953989264737,-0.0027018410717605,0.1779508219483823,-0.02580506440389808
2021-05-12,0.0258379376335235,0.0033665596891245,-0.0024767285752498,-0.0192103687689332,0.1108850621615207,0.026631078576988144
2021-05-13,-0.0144361468085691,0.011232627407544,0.0002938764513156,0.0003471495685656,0.2632783864389609,-0.016695195229001456
2021-05-14,0.0181395058804872,-0.0327466337717814,-0.0054340864261213,0.0,-0.1616528077982975,0.019242140674510067
2021-05-17,0.0038849730312413,0.0247575832537016,-0.0001002745212409,0.0177355927725175,-0.186770421598279,0.0018428756962349802
2021-05-18,0.0013495315454421,0.0109154418569841,0.0060509305490807,-0.0026384597331191,0.0483785153242437,0.0014813410582660918
2021-05-19,-0.0275215341805178,-0.0107975814840984,0.0005349045844815,-0.0003743598364539,0.0821501468378005,-0.028305941592862153
2021-05-20,0.0017189806691638,-0.0298354744531869,0.0055215159477557,-0.0171271592800943,0.0393627060253805,0.0027382089518226235
2021-05-21,0.0102947640591708,-0.0232523697360499,-0.004183833562572,0.0160462519830371,-0.068079360149038,0.009069850836029096
2021-05-24,0.0063221519240582,0.0204269976745052,0.0043155984577913,0.0064676749616736,-0.025157254757829,0.005760956467728032
2021-05-25,-0.0170928209418398,0.0304033198199811,-0.0034478427848436,0.0,-0.0868486368799069,-0.017782314650404432
2021-05-26,0.006474498242816,0.0027753789650479,0.0025772895778577,0.002548576844974,0.0239130729988983,0.006954738112100815
2021-05-27,-0.0057629476968387,0.0032046790358801,0.0028209965686414,-0.0010827734970922,-0.0785562383359659,-0.0069560850680345215
2021-05-28,0.0004509162118677,0.0085668115922923,-0.004612427257485,0.0018702024740639,-0.035714332801561,0.0006348224785353355
2021-05-31,-0.004137153921047,0.0024474254417794,4.869039459753921e-05,0.0077614429453856,0.0011947704920629,-0.0049038500540380505
2021-06-01,0.0290779294044456,0.0,-0.000255954310689,-0.0076402502870807,0.0,0.02898158705109977
2021-06-02,0.013309000205865,0.0089042477529552,0.0035108358588156,0.0079936524621488,0.0680190557327036,0.011320553576121835
2021-06-03,0.005322949584495,0.0156583412686277,-0.0012340095487372,0.004113710321115,-0.023463691913108,0.004983006536610189
2021-06-04,-0.0060395459701688,-0.0005606295218332,-0.0006471845860595,-0.0022648917122721,0.0320366926748427,-0.006787199162487499
2021-06-07,0.0025446271047524,0.0081335275685308,-0.0062945361793529,0.0024857308229964,-0.089800485422317,0.0025292756802341
2021-06-08,-0.0002345055991217,-0.005564077469397,0.0029179878293212,0.0020223162846788,0.0,-0.001005345931324021
2021-06-09,0.0040390518736087,0.0102112656140329,0.0020728666661506,-0.0004002627744775,0.0395858474732102,0.0037599149999624736
2021-06-10,-0.0011473553006715,0.0,-0.0017042140583581,0.0002051586981803,0.048037475658119,-0.0018632077113814901
2021-06-11,0.0048364569620335,0.0041539105136054,0.0007517140274577,-0.0001904569166312,-0.1000558451228592,0.004574327130248988
2021-06-14,0.018093716906491,0.0023442609791695,-0.0007754178831091,0.007477990466042,-0.0279503572843005,0.01733200462967834
2021-06-15,0.0002414244318023,0.002338673314564,-0.0051225717313796,0.0014466101921533,0.0472843315754443,-0.0009098090207723125
2021-06-16,-0.0084129598363801,0.0155091578911876,0.0009939190502792,0.0026254450177156,0.0384381385952417,-0.008533303907122567
2021-06-17,-0.0101966510756642,0.0054061567431775,0.0004002410493513,0.0019885860463833,0.066392428341631,-0.01039865916717142
2021-06-18,-0.0333516195618946,-0.0176098611284037,-0.010843962346389,0.0015367871586831,-0.0220385469386948,-0.03343025164355491
2021-06-21,0.0096182733394632,0.0058839668090027,-0.0068501992571124,-0.0179816016470892,0.166197226081096,0.010577097029575232
2021-06-22,0.0091105655314307,0.0189089831214051,-0.0033365033317003,0.0070921714432896,-0.1357488536097999,0.007540455768652924
2021-06-23,0.0050499236228467,-0.0012016550794602,0.0032758882417007,0.0026262008356159,-0.0687534703297997,0.004709341880829766
2021-06-24,0.0118210870276345,0.0050796002568356,0.002029224312545,-0.0114451745997534,-0.0204081726111603,0.011086664638220547
2021-06-25,0.0025894687723267,0.0049208020371569,-0.0002983044780925,0.0114060155555089,-0.021446043770847,0.0017222029895295368
2021-06-28,-0.0285031183185194,0.0082054362971788,-0.0002385549563488,-0.0004293631318847,-0.0219161161939569,-0.028869991565719573
2021-06-29,0.0012008033829143,-0.0196902073246393,0.0009912185233162,-0.007462455765488,0.0089628901631546,0.002067474564154235
2021-06-30,-0.005696215961248,0.0010712617933552,-0.0011094247801214,0.0043032374535965,0.0164974762123009,-0.006823875359998089
2021-07-01,0.0208637807591978,0.0049491052249206,-0.0022613871320087,-0.0105196869301418,-0.0118602077795533,0.021013315620774558
2021-07-02,-0.0065923582180588,0.0094502743302091,-0.003794147491687,0.0035897555728461,-0.0221099420819066,-0.008309112520790175
2021-07-05,0.0051510842181169,0.0043512901765505,-0.0008884818090965,0.0013288336185508,-0.026485779039815,0.005623856185356653
2021-07-06,-0.0233853648272105,0.0,0.0008417743052644,0.0007492228919572,0.0,-0.024512285674150477
2021-07-07,-0.0117890816517099,-0.0215307789034064,0.000640678371012,-0.0084896141816432,0.0909091484390622,-0.010802410213007695
2021-07-08,-0.0100190496326051,-0.0147591371546708,-0.0033109661497897,0.0063810050955026,-0.0145985257494957,-0.010588907614134703
2021-07-09,0.0097401913809697,0.0093967375532968,-0.0026321867575267,-0.0212993692736096,0.1728394509379327,0.009828497298995844
2021-07-12,-0.0030170474638535,0.0192930417186436,0.0046301331645948,0.0191474668343829,-0.1484210365696957,-0.004177971438748099
2021-07-13,-0.0086927268641813,-0.0051621359880191,0.0021062849877842,0.0062166260764859,-0.0006180611058849,-0.008654180069336522
2021-07-14,0.0006022476372258,0.0176955047479681,-0.0006526261676987,0.0002883132802322,0.0587508199416897,0.0003377450333862475
2021-07-15,-0.0220918688592018,-0.0226172803746212,-0.0075714891402415,0.0012064645128069,-0.0461449110280953,-0.02265198243077035
2021-07-16,-0.0101534792297049,-0.0172552284465783,0.0049226055054825,-0.0105159427788449,0.0416411701379515,-0.009498233460019566
2021-07-19,-0.040529399453212,0.0016332532352494,-0.0018189650274356,-0.0050833064850601,0.0846561149136608,-0.041018710830691286
2021-07-20,0.0090564405488027,-0.0675362663219701,0.0001854978993724,-0.0265723739745781,0.2195121446930119,0.010550856952685964
2021-07-21,0.0288290034711932,0.0106382351839153,-0.0017066072430054,0.007078998604149,-0.1231111314561631,0.02703018748834913
2021-07-22,-0.0104769483794756,0.0415285500530646,-0.0008248939468996,0.0177790185341479,-0.0922452983806774,-0.011642075404544358
2021-07-23,-0.00056550061338,0.0215976392924257,0.0007310905803727,0.0080389099051911,-0.0122836021903306,-0.00017176304080585025
2021-07-26,0.0260667746515797,0.0042010781236963,-0.0016952306802585,0.0123304832968429,-0.0276992513468156,0.025248178255999728
2021-07-27,-0.0032839123525725,0.0053981313645856,5.8932597006622345e-05,-0.001584350283889,0.0220929734831976,-0.00478551287270591
2021-07-28,0.0033155406619269,-0.0002684113163275,0.0029164853819827,-0.0092038851221074,0.1012514615682811,0.0035291156351487723
2021-07-29,0.0144859507258045,0.0034907961213421,0.0013005454274701,0.0093976147334726,-0.0542355945922726,0.013569487152023656
2021-07-30,-0.0160763438693175,0.0175274983333029,0.0019309420276776,0.0033488020059491,-0.0333150584814359,-0.016983001703473336
2021-08-02,0.0052923183478376,0.0036817720981063,0.0039710748841614,-0.0066726998527483,0.0305084172261376,0.005827951032078401
2021-08-03,0.0246567554052284,-0.0450675010989806,-0.0021824136133373,0.0066808666601034,0.0668859281065497,0.023493183446709448
2021-08-04,-0.0056135801154881,-0.0065852069084696,0.0006411984735799,0.0003230995542791,-0.0729701046120986,-0.006883980827085263
2021-08-05,0.006776740829731,-0.0280348889107109,-0.0004391046481545,0.0065444470557043,-0.0038803546907029,0.006990405172909709
2021-08-06,0.0075915197019762,0.0129298621429709,-0.0026989581497277,0.0039036348675394,-0.0383972539273392,0.00651114381224873
2021-08-09,-0.003888314292498,-0.0082761110914314,-0.000141994930076,0.0032347276872319,-0.0653935777322354,-0.0043904232575047285
2021-08-10,0.0050849794626169,-0.0234794357053521,-0.0072847700795747,0.0006251858304935,0.0352940995843868,0.004850732578310556
2021-08-11,0.0113386962154415,0.0230300741136437,-0.0009390033374948,0.0025543545538102,0.0041866988664849,0.010551926469538812
2021-08-12,0.0002276960877718,0.0114682885386787,-0.0012895376634771,0.0044200215585212,-0.0369267900789703,-0.0005917781031854954
2021-08-13,-0.0028529909959609,-0.0018197771328343,0.0015839553267043,0.0047547386031376,-0.0358688881242718,-0.0031308279376593756
2021-08-16,-0.0167349459793055,-0.0100967780865721,-0.0004801103451749,0.0007974098390808,-0.0089801373927193,-0.01712511587782669
2021-08-17,0.0095871108224822,-0.0152995361621862,0.0049774049805537,-0.0064449612614295,0.0433657629928558,0.009907725663454572
2021-08-18,-0.0004377841267306,-0.0069055293077512,-0.0012487248704858,-0.0014372695735608,0.1110421163144204,-0.0017021974375814948
2021-08-19,-0.0375273435630632,-0.0115890980227456,-0.0059601863558819,-0.0016633258581603,0.2043551020990632,-0.0375615801456119
2021-08-20,0.0018132405960402,-0.0260883236276511,-0.0005500445339591,-0.0154460431621136,0.0046360863646057,0.002948600541653139
2021-08-23,0.0240848076026709,-0.0191120647312535,-0.002281654337924,0.0055252464484363,-0.1435164097555205,0.022800074083193147
2021-08-24,0.0066990681774058,0.0547713973321466,0.0017944800214149,0.0069728563893911,-0.075969821550882,0.005513501432491611
2021-08-25,3.5764910110351135e-05,0.0334545898437499,0.0040166663014904,0.0003975070230137,0.004081614949343,-0.00037394882211576065
2021-08-26,-0.0007372813226745,0.016889470748763,0.0007286823861358,0.000727616274857,-0.0249708719496681,-0.0012013557347051859
2021-08-27,0.015743401218492,-0.016332184154682,0.0018131273830515,-0.0026906665402302,0.1220964339057726,0.015341839121370701
2021-08-30,-0.0011666601268876,0.0229350958268919,-0.001528285068751,0.0050624750143268,-0.1300425022875022,-0.00237829463568587
2021-08-31,-0.0133146823850494,0.0097662550711339,0.0036235084018041,0.0018658700960616,-0.0122024931689219,-0.013339569075811927
2021-09-01,-0.0043890977626904,-0.0057213700774766,-0.000178121758093,-0.0005691265477416,0.0179122296857658,-0.004404537518118328
2021-09-02,0.020414701093494,-0.0191807311529438,0.0011337958991552,0.0073538720316193,-0.0224513921214926,0.019972178454386737
2021-09-03,-0.0083480150965669,0.0201145762685854,0.0025931695403567,0.0011425998582261,0.0186219258655881,-0.009761286158708181
2021-09-06,0.0096539740074053,-0.0057510362312148,0.0030046697470782,-0.0071170616224744,0.0,0.010065202903432699
2021-09-07,0.0005114043728018,0.0,0.0007963691029264,0.0105069282930816,0.0,-0.0007993684216602183
2021-09-08,-0.0055798597360745,-0.012670405745929,-0.0009143836244995,-0.0049739687127777,0.1054234953274027,-0.0056369368117882715
2021-09-09,-0.0112938940846724,0.0126934858658793,-0.0026530050492223,-0.0113277521085611,-0.0099228396489636,-0.011660192719051774
2021-09-10,0.0023962276255732,-0.0158402417362147,-0.0020659064935996,-9.585258713751266e-06,0.0467706122164623,0.0024478581908734657
2021-09-13,0.0259113466799322,0.0205738458151087,0.0005771297849097,-0.0016182877267417,0.1143617879324481,0.02511560334561725
2021-09-14,0.0015469788396251,0.0080911133036263,-0.0011812139205829,0.0045990593237672,-0.0754176547096396,4.1843434950023656e-05
2021-09-15,0.0220493433725529,0.001224273367913,0.0,0.000510829813487,0.0046462695580771,0.02203588593535254
2021-09-16,-0.005218943147683,0.02527174794719,-0.000590296192645,-0.0109097284187621,-0.0657758910337359,-0.006914132549846149
2021-09-17,-0.0067053102602053,0.0027829192555062,0.001271870723404,0.0057719542780287,0.0280528173993837,-0.006307841855164371
2021-09-20,-0.0088727978783875,-0.0043610656672398,-0.0044434220098149,-0.009360069340439,0.1134295811293115,-0.009402484828783902
2021-09-21,0.0209803790333034,-0.0188478661795628,-0.0031904699626886,-0.0211119201509226,0.2354637070774368,0.020995267222520535
2021-09-22,0.0255615128972018,0.0059524141275086,2.337450871614521e-05,0.0133246326627263,-0.0525086939787724,0.02390342158370588
2021-09-23,0.0060133233925129,0.0246100298014244,-0.000621340895115,0.0128566321484324,-0.1432676389028956,0.004935814383142265
2021-09-24,0.0031875075427189,0.013912554464202,-0.0030036928399174,0.0107778152567141,-0.1073311733776182,0.002758751331026647
2021-09-27,0.0303358848535077,0.0108737390018203,0.0044965722892382,-0.0086795831453502,-0.0472355985189636,0.02973166908065684
2021-09-28,0.0171033849298172,0.0184402933658165,-0.0014654093037853,0.0016761328544583,0.0569014213454555,0.01529747353604621
2021-09-29,0.004208092810703,-0.0055325342406618,-0.0022399812243447,-0.0256056715215259,0.2393390040691798,0.0036014946990476078
2021-09-30,0.0097737329881494,-0.0056896822490634,-0.0008940088868886,0.0052724442038152,-0.0296774423250587,0.00920597143017201
2021-10-01,-0.0001641692937778,-0.0015259759348094,-0.0072508895299713,-0.0078769999678685,0.0257092170849404,-0.0010139473772445972
2021-10-04,0.018405883713722,0.0096790902791967,-0.0023381317695233,-0.0031570594084676,-0.0881589914428128,0.01816104479124597
2021-10-05,0.0146516974266275,0.0249748156839104,0.0028322114278427,-0.0096374832721656,0.0881515957050125,0.013239301581499016
2021-10-06,-0.0236396047557804,0.0159979742577889,0.0009642726160647,0.0172705055410145,-0.0722996478050702,-0.02431770908581251
2021-10-07,-0.0006993158969812,-0.0179263053694822,-0.0019249431217834,-0.0129826439477153,-0.0140844717279881,8.545084271547763e-05
2021-10-08,0.0222958665727688,0.0107300826040963,-0.003512824105595,0.0213549508408892,-0.0695237659272693,0.021297210045962883
2021-10-11,0.0114269750749366,0.0053691575081344,0.0003814994434316,-0.0061121833821812,-0.0394063675376696,0.010189738290609675
2021-10-12,-0.0023522447366162,0.0152931441384229,0.0005435686067938,-0.0001890411740548,0.0655300752391603,-0.0029611700706814992
2021-10-13,-0.0094895894435971,-0.002749591784077,-0.0010629439476148,-0.0042798885105618,-0.0074999809265137,-0.009745644010449781
2021-10-14,0.0129578294580447,-0.0028769823667879,-0.0017069772903097,0.0069517423276073,-0.0609572276356651,0.012871484554631288
2021-10-15,0.0106357371077766,0.009858135270687,0.0056837713460531,0.016109605225435,-0.0954934998702511,0.009405727272964745
2021-10-18,0.0023070317972544,0.0102381025041853,-0.0006954468119872,0.0081584978713764,-0.0332147896214897,0.0017321225016810374
2021-10-19,-0.0002758966339877,-0.0062455665270432,0.0004754378697422,-0.0075330936427521,0.0006135110030618,-0.0007687583101739822
2021-10-20,0.0087490579897753,0.0088936319662666,0.0014517452243154,0.0037168608527784,-0.037400348047283,0.008339374040565227
2021-10-21,-0.0157813636555719,0.0086976709901693,0.0015586486059819,0.0012815122406917,-0.0133757987705862,-0.01665798109429859
2021-10-22,-0.005494817735959,-0.0140992669398206,0.0019814300628668,-0.0039403815554237,-0.0309877049276211,-0.004987470461601061
2021-10-25,0.0147721496609411,0.0108733974980346,-0.0025459926952552,0.0079601124905783,0.0279813504256842,0.014132775220578583
2021-10-26,-0.0041246427614614,0.0053782192334603,0.0012687600472558,-0.0001193656415559,-0.012313709027853,-0.005176933324768183
2021-10-27,-0.0077933452600473,0.0047680389847075,-0.0024384463829575,0.0085142111618099,0.0485564161569451,-0.007754142943443886
2021-10-28,-0.023805049396066,-0.0210648109106698,-0.0011598870049537,-0.0007316178557297,0.0625782245710913,-0.024112445486081498
2021-10-29,-0.0032745434722559,-0.003074037959349,0.0001623959612329,0.0030776128995986,-0.0265017001014331,-0.0026586528100616073
2021-11-01,0.0137446652861544,0.000711546001078,0.0071971863610365,0.0039420060002541,-0.0163339653084106,0.012948432071389945
2021-11-02,-0.0127883218025466,0.0039109011827007,-0.0108633668203222,0.0070367565303606,0.0092250686604442,-0.01371719499678595
2021-11-03,-0.0155223231221967,0.0001180750364604,0.0037119176436002,0.0036795022998601,-0.0231565608957959,-0.01513177146969904
2021-11-04,0.0111489820238894,-0.0322238351935535,-0.0017369213195504,0.0031166112926981,-0.0580162361409353,0.011040031566239419
2021-11-05,0.0112632840930975,-0.0176850467864559,0.0031362426898386,0.0055062943564647,0.0225165026704774,0.010129689322507766
2021-11-08,0.0046843213928223,0.0273155813662033,-0.0051999189655006,0.0068538809286644,0.0673575123133007,0.0040337419477049895
2021-11-09,-0.006458048037553,0.0083394060819572,0.0011684323137661,-0.002408929052255,0.0449028999801626,-0.007027391527059311
2021-11-10,0.0068820947807403,0.0161812114249428,0.0019590596513674,-0.0018150139651408,0.0325204062497681,0.006801560660540429
2021-11-11,-0.0024655132167753,-0.0252417954760695,0.0003478111346459,0.0009643954765456,0.0534307547189445,-0.0034106386907641305
2021-11-12,-0.0134440529911056,0.002783196498455,-0.0094529173798839,0.0021109579500455,-0.0571275878790792,-0.0135344851763508
2021-11-15,0.0094887293902078,-0.0084470200849074,-0.0030573628652154,0.0028292974128041,-0.0775763841292175,0.009510658848961743
2021-11-16,0.0139515285160965,-0.0014603276117979,-0.0008008833973945,0.0036289852248538,0.0122773998987431,0.012834150247406046
2021-11-17,-0.0049981450812422,0.0046312887176647,-0.0065698404346761,0.0034882878245452,-0.0072770729866801,-0.005783728905805683
2021-11-18,-0.0194781585038825,-0.0260827552822889,-0.0039850473413807,-0.0001545330660824,0.0452046263397025,-0.019524734056231712
2021-11-19,-0.0272957582835146,0.0119581352649476,0.0,-0.0038878895143039,0.0280537419704081,-0.027009051063317226
2021-11-22,0.0137928040179566,-0.0289266191028436,0.0041721000208909,-0.0062116429626887,0.0181921371261124,0.014290764614778325
2021-11-23,0.0120096248372575,0.0102674301541449,-0.0081522417301577,-0.004081348559877,0.0703517721729014,0.01046155687767722
2021-11-24,0.0063539217454317,0.032747813178042,-0.0029791387340473,-0.0126467016377104,0.0109545687864835,0.005865577840821151
2021-11-25,-0.0037807173528743,-0.0007289218852307,0.0002473862995919,-0.0017670734366449,-0.0412796321828582,-0.004506442036871497
2021-11-26,-0.0621975969898943,0.0,-0.0037306549991689,0.003973162087109,0.0,-0.06233034499895483
2021-11-29,0.025062346067187,-0.1158662465568008,0.0005940791916181,-0.0474374004555672,0.540366036423789,0.027412671787248703
2021-11-30,-0.0085201680846547,0.0099010067191547,0.0074535376866893,0.0048732845718324,-0.1977638570506886,-0.011484774351008994
2021-12-01,0.02116584471052,-0.0390795567970173,2.258954749967401e-05,-0.0113029800828775,0.1842335199588756,0.02232471382628354
2021-12-02,0.006795301318398,-0.0240895133285209,0.003263165872567,0.0285720225829444,0.144538441632362,0.004583116929033966
2021-12-03,0.0060874724139451,0.0116160213512259,-0.0009509143844581,-0.0170201798151842,-0.101863752917946,0.006162570123047076
2021-12-06,0.0178210172715318,0.0030141967847252,-0.0011758203729809,-0.0067843187362752,0.0973166096281865,0.01683932650697991
2021-12-07,0.0184070649731934,0.04579285494291,-0.000124415707462,0.013960261828807,-0.1137919713869098,0.017373601654994988
2021-12-08,-0.0055091306122232,0.0322933846636646,-0.0016026315298297,0.0336201688202046,-0.1946284347362568,-0.006545661307688317
2021-12-09,-0.0122696478559634,0.0050370790180329,-0.0009020955422791,-0.0100814624183771,-0.0909090829878787,-0.012172409690589423
2021-12-10,-0.0048679759994794,-0.0184648052164853,0.0061265951569515,-0.0058562515745091,0.0844221275065459,-0.004991107085434524
2021-12-13,-0.0165048550982019,0.0098092364269664,-0.0046076814514265,-0.0021718149518054,-0.1339202687611558,-0.016873371110118107
2021-12-14,0.0066903274131067,-0.010113135339974,0.0016402570745917,-0.0038388907752201,0.0866773079504594,0.006989726691287782
2021-12-15,-0.0146250198092133,-0.0092754731424593,-0.0023361654386201,-0.0092110697190781,0.0777941883433104,-0.01574217256111442
2021-12-16,0.0253328568094905,0.0024423380275333,-0.0021395631044885,0.003660362989629,-0.1187756302702597,0.02590011550481908
2021-12-17,-0.0152754033625779,0.0154304200328823,0.0026193465162343,0.010142592608896,0.0663555582450257,-0.017402865413901365
2021-12-20,-0.0135056864617705,-0.0199946689832147,0.0038423143418986,-0.0096433298510358,0.0486144878384036,-0.012426041785378367
2021-12-21,0.0320176048144967,-0.0272034832878167,-0.0079940957745389,-0.0130294768696072,0.0602689458878906,0.03148470065186356
2021-12-22,0.0022184967731838,0.0343960686427922,0.003022341214965,0.0165225725747026,-0.0813292759990081,0.00029897195776448
2021-12-23,0.0078227410855666,0.0177074547060152,0.0008917295886046,0.0100766281732507,-0.1132794403706629,0.00797502172202747
2021-12-24,-0.0015060075059022,0.0207198504399543,0.0036592128826935,0.011571996606511,-0.0359635054468985,-0.002606645679795463
2021-12-27,0.00109733456861,0.0,-0.000135952044705,0.0,0.0,0.001035604523897039
2021-12-28,0.0047926153224376,0.0227716335035361,-0.0002717305796564,0.00518538299345,-0.0155901332722755,0.004112404455089028
2021-12-29,-0.0092089138181441,0.0043257503038895,0.0005098175404814,0.0055854261031045,-0.0079185173773698,-0.009769259767215781
2021-12-30,-0.005552764544037,0.0036736876939242,-0.0013464403555435,-0.0062849110610516,-0.0336374071717174,-0.005507348508097014
2021-12-31,-0.0019652454891839,0.0011358870892026,0.0040101045954374,0.0049569634516393,0.0224188285346544,-0.0023816833034830515
2022-01-03,0.0095334634332786,-0.0194150393526518,-0.003091740091515,0.0,-0.0063474097424022,0.009167331624181544
2022-01-04,0.0300413073645259,0.0154281897206216,0.0042764713968936,0.0059799309001384,-0.0360045851688242,0.02910679202091275
2022-01-05,0.0157537142886641,0.0129146188872231,-0.0062614580888774,0.008264492620075,0.0186746661938892,0.01411919662895055
2022-01-06,-0.0014105085114153,0.0100000381469727,-0.0016473983257058,0.0056162817502649,0.1667652111336823,-0.0020349066592164652
2022-01-07,0.0069983724434989,0.0147276580082484,0.0026473285678321,-0.0153318637221525,-0.0060820544687738,0.00670510716757489
2022-01-10,-0.0017278555016375,-0.0029271602637226,-0.0014686344133981,-0.0043886275262043,-0.043345250128194,-0.002577081535279301
2022-01-11,0.0097445345608965,-0.01076449239655,0.0050525979445388,-0.0154000639576156,0.0341151056417969,0.009573464846598257
2022-01-12,0.0241753305673934,0.0352417259469124,-0.0020735181836278,0.0099115039763146,-0.0510309170404594,0.02313784001024075
2022-01-13,0.0001451754644425,0.0113473116864606,0.0031826550455393,0.0081396173662504,-0.0429114076440234,-0.0011625327187496939
2022-01-14,0.0173755273927844,-0.0023620757360018,0.0066132886860921,-0.0001135750846128,0.1526673381717058,0.017334328502024602
2022-01-17,0.0008447041182931,0.0188232072323082,0.0013518511765533,-0.0101276586404989,-0.0551451975054395,-0.0006159807738160659
2022-01-18,0.0101538893339063,0.0,-0.0040508067641772,0.0070105018089718,0.0,0.010152492281946542
2022-01-19,-0.0007400566760005,0.016848763871385,-1.1387388185513103e-05,-0.0103019220879687,0.1875977217968596,-0.0018778075179023282
2022-01-20,-0.0114764437431655,0.0106273601013975,-0.0070923341737112,0.0024566471502629,0.0465116026046397,-0.011556746703650044
2022-01-21,-0.017179644217459,-0.0006784846939373,0.0012138050969503,0.0073402119125265,0.0729559640791477,-0.0172556991535994
2022-01-24,-0.0283848487579467,-0.0055442167797824,-0.002613516237083,-0.0162921304292574,0.1273935212756205,-0.02819291194316242
2022-01-25,0.0292423358214665,-0.0184321624511563,0.0024497759060904,-0.0414227363472232,0.0363951203874146,0.029837034261610815
2022-01-26,0.0380515298327464,0.0223716283792263,-0.0015288134830733,0.0058948642228398,0.0421404764199715,0.035725894445308784
2022-01-27,0.0058979581081757,0.0199546734368174,-0.0017295885653036,0.0211708149269245,0.0256739165910806,0.004547316728352192
2022-01-28,-0.0134193556735942,-0.0068919825799447,-0.0053968500693719,0.0048912540723811,-0.0459949735752236,-0.013712453343269662
2022-01-31,-0.0094887553174307,0.0077233318747473,-0.0085832327600328,-0.0114839667014319,-0.0928173153476632,-0.009371388667308122
2022-02-01,0.0178557718757021,0.01310674576447,0.000479530855415,0.0091106502154292,-0.1023138083629032,0.017591385244871353
2022-02-02,-0.0074926233569187,-0.0224755557827022,0.0069287002327025,0.0119412869472783,-0.1155860188502582,-0.008869656293627064
2022-02-03,0.0024320628766641,0.0034768679437089,0.0039458137962296,-0.000568213735284,0.005919903166442,0.0027855194789615347
2022-02-04,0.0280439616447589,0.0183301594643205,0.0023053140014888,-0.0191920486267801,0.1023087466396903,0.02710264741692818
2022-02-07,0.0025746395106995,0.0237075624875962,0.0120188853730771,-0.0131465052449595,-0.0464066139799801,0.001037926607169852
2022-02-08,-0.0165674519635919,-0.0062184434709452,0.0016954011306149,0.0083150164242813,-0.0155038205705666,-0.016614511409607204
2022-02-09,0.0187826205918415,-0.0206063611155559,-0.0010641802908315,0.0021089223995476,-0.0621172370245228,0.018931751751576367
2022-02-10,0.0049531339371206,0.0084820916811527,-0.0018959171784534,0.0181243188835744,-0.0690299166380133,0.0033351041137723108
2022-02-11,0.0153125688487585,-0.0015292122881666,2.2753724643775897e-05,-0.0016698072096832,0.1978958388836926,0.015191662246571723
2022-02-14,-0.0190320604613814,0.0331473433749882,-0.0005249937193843,-0.0099688224171462,0.1442911244231088,-0.020357080030740105
2022-02-15,-0.0168607851282887,0.0216010256542826,-0.0044210355494658,-0.0218471732548084,0.0354531904866806,-0.015985790271694274
2022-02-16,0.0198903862215734,-0.033167542146512,-0.0051669335969315,0.0195007961022555,-0.0928344217384152,0.01961388079529923
2022-02-17,-0.0090255366387432,0.0164022169738327,0.0044630990903944,-0.0015661680365972,-0.0548638056635932,-0.010493121136125378
2022-02-18,-0.0032939452534282,-0.0194071973976529,0.0016266791759769,-0.0058083138410865,0.1572663462677059,-0.0028247491572155766
2022-02-21,-0.0035025119136483,0.0061310066402073,-0.0007728770560625,-0.0094597897650386,-0.0128068517443927,-0.004227900264454324
2022-02-22,-0.0026860995995895,0.0,-0.0043345006598396,-0.0217388269148156,0.0,-0.0028321795034536817
2022-02-23,-0.0021875589793631,0.0352789757329956,-0.0006672941795093,-6.021266894151722e-05,0.0381981789528786,-0.0026484361899687604
2022-02-24,-0.0075931626331267,0.0,0.0017219991211343,-0.0030260066397194,0.0767095117246994,-0.007927585713009536
2022-02-25,0.0123747892300077,0.0231309952279255,-0.0020689076079442,-0.0362710810701042,-0.0225661106579467,0.0122360151042782
2022-02-28,-0.0142604387511022,-0.0116067975840353,-0.0101722876992428,0.0369258794453626,-0.0900395636449281,-0.01543785274718198
2022-03-01,0.0118083793302922,0.0312467839176757,-0.000861044944032,-0.0117007274864291,0.0927872218841672,0.012387102319656255
2022-03-02,0.0408156729224606,0.0394098766325594,0.0031181271875186,-0.0403594803568524,0.1051409657181439,0.03932305931091027
2022-03-03,-0.0392198530621535,0.0758311802601248,-0.0074143915658386,0.0145358919805234,-0.0774309708084066,-0.04109844654895225
2022-03-04,-0.0361055431243333,-0.0218719668292599,-0.0018336334242975,-0.0206277189598378,-0.0084580426420861,-0.034010884599334684
2022-03-07,0.0390784230440761,0.0692558536056902,-0.0040946345579689,-0.0496474988045083,0.0492125991642959,0.03913166754153734
2022-03-08,0.0288670203029659,0.043180073217899,-0.0173775268103488,-0.0123143745215121,0.1397748994586303,0.026333797649009224
2022-03-09,-0.020367968387177,0.0387144250296651,-0.000847600972439,-0.00197309157696,-0.0362139826390985,-0.0211848187115761
2022-03-10,-0.018214974028329,-0.1315830874009178,0.0030297926871347,0.0743818564407534,-0.0762880792397188,-0.017518964779794262
2022-03-11,-0.0079504595901754,-0.0162857438234099,0.0161123811815666,-0.0304380025487471,-0.0684129789987108,-0.008077532489968984
2022-03-14,-0.0072261479632056,0.0305496778738909,-0.0054077760234486,0.0096922371370651,0.0172014709109453,-0.007446845526246167
2022-03-15,0.0011791762782002,-0.051211473656141,-0.0074338960897553,0.0147337427043985,0.0331707465939405,0.000968815306911363
2022-03-16,-0.0078771801883259,-0.0653881923666517,0.001017721749225,-0.0007992275417191,-0.0610639126882208,-0.00849041651780196
2022-03-17,0.0249359914827968,-0.0189170948830597,0.0023914422685595,0.0405498579839633,-0.1059336190242776,0.02494356866011553
2022-03-18,-0.0145024560246583,0.0879412675147421,0.0047944042064085,-0.0011234502268052,-0.0374953129786027,-0.01634433987806601
2022-03-21,0.0340806178958849,0.0120967828479991,0.0070371838891372,0.0044062967131828,-0.0701207336077428,0.03498753829051002
2022-03-22,0.0007672490490819,0.0712499066030065,-0.0050798248213314,-0.0052889712303137,-0.0142438265870965,-0.0019362834779088863
2022-03-23,0.0253849047679559,-0.0012108578647528,-0.0023466984352716,0.0114174011545893,-0.0250743788937816,0.02597961478708418
2022-03-24,0.0008007267017016,0.0529961459930981,0.0011360200928076,-0.0144927166734613,0.027462909594587,-0.001342285031158878
2022-03-25,0.0136532462634468,-0.0211348661765909,-0.0021242026269255,-0.0015067838399326,-0.0806109309771224,0.01397918252366629
2022-03-28,-0.0191030618911743,0.0136100374963945,0.0002973109121553,0.0011233885295818,-0.0396862301487652,-0.020562522048062453
2022-03-29,-0.0230331835054392,-0.0677165194000671,-0.0025148600444545,0.0050081358536699,-0.0567035240489538,-0.022090742031770805
2022-03-30,0.0352969815991006,-0.0200035555907662,0.0010883301611175,0.0296055751313846,-0.0371879558556139,0.035280556516029
2022-03-31,-0.006910343341493,0.0292115893427127,0.0088843308570178,-0.0107541489382403,0.022751339357393,-0.00923132447147353
2022-04-01,0.0061614155974495,-0.048832026753251,0.0063399066102995,-0.014301053911486,0.0636316372007779,0.006937265033136155
2022-04-04,-0.0016684721658199,-0.0326198142248503,-0.0080163610277056,0.0041408915338032,-0.0452334790531646,-0.0029876977300145567
2022-04-05,0.0056831528622367,0.0300795038605949,-0.0022647094954257,0.0082783452878973,-0.0539989562536989,0.00573331079508333
2022-04-06,0.0010705330191673,-0.0082767543918153,-0.0064647832792281,-0.0084204019479247,0.1324717841813931,0.0001198729494112917
2022-04-07,-0.0135820842408009,-0.0522318053891971,-0.0063257951203956,-0.0237783871071868,0.0508796795001387,-0.013837291482518914
2022-04-08,0.0355105557273566,-0.004848103940329,-0.0007518871777932,-0.0059298745749534,-0.0248869291816999,0.03561756513362057
2022-04-11,-0.005938458584279,0.0218731050724929,-0.0030639568589273,0.014823766186073,-0.0180974201139523,-0.008328390021214833
2022-04-12,0.0137887414475154,-0.0418368892141827,0.0018505415077689,-0.0048595649018937,0.1517013712178205,0.014551444423197103
2022-04-13,0.0166402942789949,0.0625507293129183,-0.0006418824756008,-0.0021226439688374,-0.0045137712992801,0.014966221398271168
2022-04-14,0.0037976348850774,0.0395642145813888,-0.0047634577791746,-0.0009161000327456,-0.1005771026808468,0.003150116976946748
2022-04-19,0.0022336068168673,0.0130707856200185,-0.0005298930750686,0.0,-0.023348047085126,0.0017047839214842514
2022-04-20,-0.0031829323831114,-0.0522269659848755,-0.0030944085600286,-0.0046561216295689,-0.0360847647409786,-0.0036942862125353155
2022-04-21,-0.0009126663253616,-0.0041957757411859,0.0011765266514078,0.0172420221208704,-0.0491343520437056,-0.001175902514468198
2022-04-22,-0.0257903878181777,0.0143258308574709,0.0051320477169671,0.0080116737109818,0.1161417640647251,-0.02627938181525305
2022-04-25,-0.0480344293475283,-0.0155081720371039,-0.0013543875200776,-0.0224081839687477,0.2438271033900683,-0.04723797930249552
2022-04-26,0.0123465612663021,-0.040600110352591,-0.0022270377031916,-0.0214634653725891,-0.0421835755168097,0.01358340545970325
2022-04-27,0.0126639049326014,0.026094587342736,-0.008957144158284,-0.0096418128697716,0.2405625421864992,0.010832098341707489
2022-04-28,0.0224580484753184,0.0031431739953255,-0.0065884266661325,0.0035685299925058,-0.0572792377706918,0.022073980218668205
2022-04-29,0.0135376409141367,0.0215533293737557,-0.0083173965659463,0.0113478482992022,-0.0509493857884782,0.011999764041198843
2022-05-02,-0.0070169601767408,0.0162654527332082,-0.004821411811928,0.0068413955332522,0.1137046275687116,-0.007582505528323616
2022-05-03,0.0276691155691636,-0.0160965297766891,0.0030238676157681,-0.0185176851176274,-0.0317365666127202,0.027613232519453378
2022-05-04,0.0093842927901901,-0.0242610203190956,-0.0025537982360225,0.0077027361327528,-0.0955473141004492,0.007443260002783855
2022-05-05,0.0086663057595491,0.0492521492695348,0.0018530708557986,-0.0096246006545313,-0.1309401683318309,0.00848957586312376
2022-05-06,0.0145471064395902,0.0069003281318511,0.0089229212996915,-0.0076134721156903,0.2273800420652159,0.013563362466436066
2022-05-09,-0.0502738660767594,0.013435508054721,-0.0077888804347093,-0.0182490438794414,-0.0323718014161573,-0.05115134812735215
2022-05-10,0.0035080285813283,-0.0573894206181146,-0.0007161781962646,-0.0281909683634397,0.151043371489782,0.005648827485181508
2022-05-11,0.0345513536773665,-0.0328488132597347,0.0031908163887828,0.0079220441285587,-0.0506474337131857,0.03270710868421107
2022-05-12,-0.0189270698022936,0.0492875570650197,-0.0031072179748384,0.026181519939513,-0.0130342613912762,-0.020341465086419257
2022-05-13,0.024383275061054,-0.0005581358645333,-0.0019448387415861,-0.0094411764784619,-0.0242629263577176,0.025295902729655765
2022-05-16,0.0063002623373955,0.038157340343998,-0.0126422717669991,0.0249043130590098,-0.0912810694600287,0.0040531277059606685
2022-05-17,0.0106110119499061,0.0241146995824248,0.0020281326891944,-0.0048819292345387,-0.0484932970274233,0.010726207227793591
2022-05-18,0.0070055119813794,-0.0202205672425555,0.0036849476364928,0.0152414486954852,-0.0498725506417738,0.005790541603249672
2022-05-19,-0.0170222403862462,-0.0251943150820649,0.0104318536164844,-0.0135693929452911,0.1862068441368067,-0.01743244652000165
2022-05-20,0.0061669088951675,0.0268536365941309,-0.0071214621126167,-0.0155551223497945,-0.0520025436244405,0.0065106764852942865
2022-05-23,0.0199952391183829,0.0045519647631473,0.0101451639359098,0.0065229281849628,0.0027257213855629,0.018881718029814913
2022-05-24,-0.0065066874183411,0.0077298542301009,-0.000866660100889,0.0140441458970257,-0.0322800119975662,-0.007580247951209916
2022-05-25,0.0242227770000795,0.0012343448413736,0.0106179285943315,-0.0164033005553483,0.0340590321732483,0.024384895623975864
2022-05-26,0.0090498604707485,0.0041387920993976,0.0050997951957603,0.0080985750989632,-0.0366723224355617,0.007168076852565434
2022-05-27,-0.0045107049066647,0.0295536506415703,-0.0046486684542744,0.0,-0.0306662253612012,-0.004699844046754624
2022-05-30,-0.0004204337993936,0.0172913011321331,0.0043361754067283,0.035832587165524,-0.0647272976962003,-0.0007744000422224113
2022-05-31,0.0075804445543825,0.0,-0.0001395020177811,0.0086010010453756,0.0,0.007111395078999952
2022-06-01,-0.0142557620293405,0.0285522567529212,0.0039214867302408,-0.0136427222503119,0.0182737649008835,-0.015048753408536258
2022-06-02,-0.0021419907316567,-0.0533213580074236,-0.0036603042876901,-0.007830107642718,-0.0190912558153558,-0.001746735538219522
2022-06-03,0.0076178476447064,0.0113509302986682,-0.0074472314707665,0.0094665420184951,-0.0377579291762637,0.006873166387546611
2022-06-06,0.0138278403350346,0.0179406564016788,0.0090954131655403,-0.0030222867351841,0.0028317801018318,0.013164466132888122
2022-06-07,0.0139448877695817,-0.0017540852182712,-0.002327509956866,0.0,0.01129482730763,0.012948745505435356
2022-06-08,0.0072919625081161,0.008869530078206,-0.0032288394982695,0.0060999346297307,-0.0418826984380586,0.0064489023711230805
2022-06-09,-0.0148113338001621,0.0249647685481388,0.0006740176401955,-0.0046785592500246,-0.0024979755265417,-0.01541238385204649
2022-06-10,-0.0257958183160622,-0.0041268985974582,0.0017791217108895,-0.0170179923176435,0.0888982115819689,-0.025465754200986613
2022-06-13,-0.0257396333706864,-0.0086129646641929,-0.0091856846357648,-0.0336291268890835,0.0636259040898261,-0.02533335442459342
2022-06-14,0.0208626793526449,0.0021309278115217,-0.0121683401558255,-0.0268670683717892,0.2259459624419342,0.021229968188684518
2022-06-15,-0.009338778986357,-0.0089964709603471,-0.0071343835809628,-0.0078001622724839,-0.0390947035026029,-0.0111592799971207
2022-06-16,-0.0398325742495415,-0.0219525961286725,0.0024430976853351,0.0164423534443507,-0.0939124477346193,-0.039180319703178194
2022-06-17,-0.0421994109150145,0.0109694996112557,0.0014952837362545,-0.0295585208105149,0.1124240320511833,-0.04128214660231738
2022-06-20,0.0179326501678337,-0.0558383686531663,0.008669524471857,0.00307769139173,-0.0552352522012654,0.01883564709001666
2022-06-21,0.0093905546601048,0.0,-0.0052562673335938,0.0091233044862755,0.0,0.007453414139873339
2022-06-22,-0.0367295744613967,0.013525448569202,0.002798596815599,0.0069657364570603,-0.0301959091567748,-0.03690845618853202
2022-06-23,-0.0154751896507951,-0.0253816277660713,0.0011269656037542,-0.0084030072758657,-0.0410731947394075,-0.014308650523333903
2022-06-24,0.018125064796064,-0.0151243497791374,0.0029896728110676,-0.0081826263030554,0.0034541786350867,0.01764398550004422
2022-06-27,0.0079985588128658,0.0278964071757485,-0.0041659566929178,0.0281931623091196,-0.0626505935498391,0.006712069215120088
2022-06-28,0.0219078468873949,0.0174150772938177,0.0043743212396905,0.0016161014227331,-0.0102827316931302,0.02148471692814245
2022-06-29,0.0056139607496401,0.0251108446520256,0.0013967370732717,0.0029416528943408,0.0523191023189537,0.004120752955170139
2022-06-30,-0.0198140379390122,-0.0145787520915682,-0.0054197351365693,-0.0098526663975767,-0.0070522129278958,-0.020025731333877812
2022-07-01,-0.0177132550071679,-0.0124720845604117,-0.0073125889945274,-0.0169193356839744,0.0195312230128115,-0.017331937364163507
2022-07-04,0.0392739930426627,-0.0276979389669689,0.0029757272313561,-0.0018958940809365,-0.070010393090548,0.039273173407340996
2022-07-05,-0.0613071925137111,0.0,-0.0041735912693062,0.0011918485320099,0.0,-0.06382390312032675
2022-07-06,-0.0186824160733314,-0.079369352578572,-7.300662772213862e-05,-0.0268188244319117,0.0314606789732321,-0.01523786026633424
2022-07-07,0.0393021096927099,-0.0202393137063557,-0.0168225721438698,0.0184562934207168,-0.029411813593453,0.03788699195109365
2022-07-08,-0.0027676501164342,0.0393286223900637,-0.0069472013164806,0.0194807210147762,-0.0243172326846921,-0.004611524996831064
2022-07-11,-0.0020296595474204,0.0226468713103784,-0.001627153998353,0.0051741576116166,-0.0552147445655739,-0.0016773717213429975
2022-07-12,-0.02073363111739,0.0007475409602328,-0.0003659561389494,-0.0099414258848309,0.0620941852493828,-0.021463149005448504
2022-07-13,0.0025967443142235,-0.0710550954133802,-0.0116651647434818,0.0044243891825355,0.0427971278551102,0.003268436198116049
2022-07-14,-0.0399978891992614,0.0008041193363399,-0.0014347791267103,-0.0094865509992083,-0.0172224699499993,-0.04109869646364613
2022-07-15,0.0207182080541326,-0.0047203095525123,-4.0159774116754754e-05,-0.0166069374568341,-0.0156599582801262,0.022478947777504553
2022-07-18,0.0249872405770648,0.0207871364248934,-0.0007017548862624,0.0237265512382196,-0.0821969737746061,0.02250935006552987
2022-07-19,0.0067372842771234,0.0505139659546201,0.0070472089756434,0.0099678352515559,0.0441601203070209,0.006077745521924516
2022-07-20,0.0046277442102928,0.0101628104372877,0.0048393004184708,0.0215213111207495,-0.0316205241575134,0.003965474390961442
2022-07-21,-0.0222990529358199,-0.0040055920939714,0.0084919707576336,-0.0006132370737369,-0.0253061567034039,-0.02286014523016932
2022-07-22,0.0111411194139895,-0.0286195062756979,-0.0047451478340868,0.0031434491308663,-0.0322444965442084,0.011806640802564364
2022-07-25,0.0100704830867862,-0.0063547434838315,0.0037613253014305,-5.566377181076554e-06,-0.003461701496893,0.008568085723612825
2022-07-26,0.0105926036425407,0.0188953937529154,-0.0020399891999886,0.0021326131577805,0.0143291321696492,0.01017429771540006
2022-07-27,0.0100312074206133,-0.0071326675141836,0.0024232829634851,-0.0079907122297036,0.0569349267532419,0.009071417662754098
2022-07-28,-0.0155955492319904,0.0212643791978568,-0.0093292663235053,0.0090675962423201,-0.0587282596830772,-0.016270645579380655
2022-07-29,0.0328948022429305,0.0048771021353501,0.0078713340219451,0.0123122589277309,-0.0391566203259186,0.03329729120532744
2022-08-01,-0.0179337858482637,0.0267874067848774,-0.0016614562011467,0.0153058833666646,-0.0447828035565005,-0.020340724090858686
2022-08-02,0.0045510499552232,-0.0907190542963074,0.0015618813922195,0.0,0.0707923222823656,0.0058897756995229655
2022-08-03,0.0041138954891165,0.0050984918769789,0.0052025510261874,-0.0063294447899571,0.0477232988312563,0.0026026007181727427
2022-08-04,-0.0109654093959671,-0.0373980714341706,-0.0102978095575549,0.0130027052305807,-0.0827413086914201,-0.011097460859993758
2022-08-05,0.005820627421075,-0.0274849769194651,0.0001928583032602,0.0059102001218696,-0.0232346337656135,0.005745045133257406
2022-08-08,0.0073174604200391,0.0084997386211012,0.0088747004260489,-0.0077798445422613,-0.0135261617678915,0.006420229433816983
2022-08-09,0.019423265415359,0.0182259101380766,-0.0075061033766065,0.0085440931131566,0.006619446785919,0.01884683030365534
2022-08-10,-0.0122035069298966,-0.00351788889723,0.0026309358534308,-0.0111385156690182,0.0225457736775507,-0.013506005371592002
2022-08-11,0.0246599509413691,0.0113176616645849,0.0010310493136156,0.0091457861254675,-0.0932476180045996,0.025200914163098824
2022-08-12,0.0012496948167561,0.02258723730777,0.0090749826116649,0.0020536762295653,0.0233029887109887,-0.0008333741501091328
2022-08-15,-0.0151481906153078,-0.0145582025146209,0.001547519865644,0.0052594481065773,-0.0331683193558676,-0.014872084133066192
2022-08-16,0.0118509232394994,-0.0310749159892129,-0.0058462301088649,0.0033917667012672,0.021505379494489,0.01177881323111143
2022-08-17,0.0043489482170958,-0.0290221049475781,-0.0092067366365633,0.0041164689423283,-0.0130325924280079,0.0031645591166498707
2022-08-18,0.0206526084135584,0.0141867580673786,0.0008543621622787,-0.0129190723500516,0.010665265554941,0.02035359920406148
2022-08-19,0.0057996862000724,0.031393430476339,0.0009366167938638,0.005676113769792,-0.0170854351309279,0.004306741562637212
2022-08-22,0.0103875577287188,0.001345945623165,-0.0088690996306454,-0.01245832188265,0.053169782409155,0.010166945764134452
2022-08-23,0.0316907068545503,-0.0024813674600963,-0.0054189367655235,-0.0193281263631515,0.1553397473948257,0.030646388290094594
2022-08-24,-0.0116531018350405,0.0387644872889689,-0.0095419947076295,-0.0015581214955697,0.0130252682028784,-0.013313368985624316
2022-08-25,0.0097260790532068,0.0099780481722187,0.0027609102128491,0.0040903106146883,-0.0535048064235006,0.01041152448033215
2022-08-26,-1.950754208440708e-05,-0.0185734524811285,0.0002192958849878,0.0019305127255404,-0.0455740149906571,-0.0014644075297991772
2022-08-29,0.0050179473382302,0.0166096394876709,0.0002194271731077,-0.0192840754675662,0.1735536574897629,0.0050499418456751025
2022-08-30,-0.0241091337291832,0.040598064767283,-0.0032698833770288,-0.0092044583604012,0.0254303455442701,-0.025019641666079426
2022-08-31,-0.022352061975268,-0.055000466083496,0.0075805721787405,-0.0024058433857153,0.0,-0.021434283462579327
2022-09-01,-0.0054350524386174,-0.0283959295554346,0.0011028088293274,-0.0125409674711287,-0.0129720815381745,-0.00547196873405767
2022-09-02,0.0232643044997154,-0.0428023354218428,0.0013954237236539,-0.0172151677668989,-0.0119830445780612,0.022881539767099626
2022-09-05,0.0262645742778425,0.0071459076261728,-0.0086385618866865,0.0253652133188186,-0.0035211328039271,0.02468790403819783
2022-09-06,-0.029468998739096,0.0,-0.0043106533134793,-0.0153397420266735,0.0,-0.030618605781745235
2022-09-07,-0.0345852027199321,-0.0020425157908869,0.0043193306859965,0.0029025368936348,0.0565371249657864,-0.03329968900755827
2022-09-08,-0.001980750915552,-0.0520306122566389,-0.0054538906853782,0.0005571763907594,-0.0843552757575349,-0.0016137838421211494
2022-09-09,0.0134003578080039,0.0130681991577148,0.0098758238509715,0.0029381868151978,-0.0418018995458899,0.012661527056003041
2022-09-12,0.0127239466149231,0.0413908552872046,0.0016320209803157,0.0164162642350147,-0.0347310323433324,0.011784012001202814
2022-09-13,-0.0021922305791782,0.0124946543285886,0.0059319986564565,0.0214199196273456,0.0473892005405855,-0.0030042785760479545
2022-09-14,0.0067731595475638,-0.0088298067133477,0.0057739188978693,-0.0165446078478961,0.1424381859652865,0.006606353555391523
2022-09-15,-0.0220636131765423,0.0099817572550491,-0.0145638214729427,-0.0051921190240883,-0.0407040921055631,-0.022962457105227478
2022-09-16,-0.0128621639378979,-0.0346440190126785,0.0001996169837927,-0.0072234297693667,0.0042049163223694,-0.012046790112458149
2022-09-19,-0.0012252499351105,0.0056142905855418,0.0004294818964187,-0.0116833935656102,0.001141940570009,-0.0016626490267173015
2022-09-20,-0.0052083589898914,0.0071155066966208,0.0034075863686757,-0.0002628040424116,-0.020532282275422,-0.005599533904986278
2022-09-21,0.0094200582525678,-0.0149999701458475,0.000722224680387,-0.0092584640716689,0.0543478107954598,0.009195428590222928
2022-09-22,0.0042979746687661,-0.0087177321957997,-0.0058628896568675,0.0071472124083027,0.0305596439016599,0.003301377295606038
2022-09-23,-0.0519287524673786,0.0070132165265099,-0.0140480728293452,-0.0185374090206744,-0.0228652874198601,-0.052314864811225506
2022-09-26,0.0020563809475832,-0.0476453416119209,0.0011022116201444,-0.0229170087547234,0.0939670807670429,0.004041304199775277
2022-09-27,0.013996438863673,-0.0242600572288711,-0.0154068872005989,-0.0018037504886676,0.0782084973018857,0.012295224515757344
2022-09-28,0.004642507578015,0.0262907345783847,-0.0068329364477182,-0.0041615276931933,0.0105393729162392,0.004133100169012206
2022-09-29,-0.005352531024609,0.0353541575337819,-0.0028596715824626,0.0019978509844764,-0.074233076141595,-0.00598718866322163
2022-09-30,0.0112252124436185,-0.0092924522379144,0.0116692582202269,-0.0168680505327826,0.0550033078405047,0.011123471793541211
2022-10-03,0.0291270987384524,-0.0059893636805462,0.0125032463326417,0.0119424928158458,-0.0069095261400811,0.027986458089001083
2022-10-04,0.0192592025098231,0.010231941055554,-0.0037506538312601,0.0072237873111473,-0.0480708544408919,0.01776622355042357
2022-10-05,0.0145183428192899,0.0330857801171764,0.0040213872626548,0.0425801386285926,-0.0342192914814579,0.013660509553079788
2022-10-06,-0.0067033193805305,0.0171023926212621,0.0154856416978379,-0.0105496401103386,-0.0178878728318754,-0.007639458676014345
2022-10-07,0.0156374647710563,0.0112455327351022,-0.007344075551207,-0.0041389729016593,0.0690017959140916,0.015743387003777216
2022-10-10,-0.0128016136214673,0.0370684184269678,-0.0123048633269738,-0.0168897147356356,0.0275229403666084,-0.014250139966265455
2022-10-11,-0.0187317798242713,-0.0176674403583446,-0.0055197212885381,-0.005504458159782,0.0347576572504304,-0.018092890874021716
2022-10-12,-0.010420877498264,-0.0197525883943737,-0.0025634555979036,-0.0049241515136969,0.0363636449131747,-0.010496254273364846
2022-10-13,0.0259050889384661,-0.0195143063890049,-0.0010184906511189,-0.0026404622574033,-0.0017841620988797,0.025776710252973924
2022-10-14,-0.0056378461355257,0.0229313446897019,0.0008058162804014,0.0092659747249495,-0.0485552331124361,-0.007460804310488223
2022-10-17,0.004550954105704,-0.0310881088177391,0.0044659963486877,0.005748893256726,0.0025046938750283,0.005029160128732675
2022-10-18,-0.0110194655249194,-0.0001090746167796,-0.0012270756894514,0.0177157586369656,-0.0202998004134217,-0.01212056365453211
2022-10-19,0.0126667176865245,-0.0173543322377216,0.0109885832638869,0.0064475616971804,-0.0277335293579373,0.013055619345544204
2022-10-20,0.0173598664711083,0.0264356871607533,0.0017754761762938,0.0021392250607703,0.0085245976682568,0.015917098965433047
2022-10-21,0.0012435348282589,-0.0003247095282142,-0.009873983931927,0.0062254720165331,-0.025357629416177,0.0004516904138164461
2022-10-24,0.0067262820426104,0.0121238664200176,0.0012713727108562,-0.0046438336574002,-0.0096730824752067,0.0063871799047151585
2022-10-25,-0.009816991977777,-0.0025668220724014,0.008302191277957,0.0147154451219906,0.0053890146357045,-0.010631486462747537
2022-10-26,0.0053823089338111,0.002787845816861,0.0026792235915789,0.0163813714599232,-0.0465662070094965,0.0055776616833885665
2022-10-27,0.0392961595711707,0.0232036556483423,0.0078114524802854,0.0055025909445223,-0.0414616456706401,0.03829053149563685
2022-10-28,-0.0002720673715253,0.0132719888249983,0.0128673293664824,-0.0002219084669896,0.0040322104191432,-0.0023108558707011484
2022-10-31,0.0053705564505526,-0.0122731276056377,-0.0123002963358982,0.0023609338696712,-0.0598758461553031,0.005697602818036076
2022-11-01,0.0169556553794016,-0.009815128380082,-0.0012842637772675,0.001251036392496,0.005048511097732,0.01588780807560073
2022-11-02,-0.0023625215317812,-0.0018981366835409,-0.0069005455305419,0.0092549025324475,-0.0027047796404234,-0.003313945437578743
2022-11-03,0.0168266958945232,0.0159535352550164,-0.0008494874618303,-0.0079457273886297,0.0019372780102207,0.016734389925233115
2022-11-04,0.0131795892427189,-0.0154950648546114,-0.0064285266897661,-0.0079596903507358,-0.0216551183323194,0.011769250346177002
2022-11-07,0.0034921970496133,0.0411957494592856,-0.0066003896793398,0.0264807630830026,-0.0296442696686475,0.002882808833185549
2022-11-08,-0.0212717437797121,-0.0065943139686652,0.0183781847282216,0.0055499291737823,-0.0081465931489278,-0.021804281434034945
2022-11-09,-0.0124498857099568,-0.0261437664058865,0.0090468237664322,0.0082182862563271,0.0488706577172459,-0.011846613445201142
2022-11-10,-0.0206749353363993,-0.0284186143784324,0.0062097227113933,-0.003008600562637,0.0215348166540654,-0.021030749180462056
2022-11-11,0.0123211388125072,0.0110091378981953,-0.0060817640734361,0.0317942796504862,-0.0981218647363041,0.012811914704582235
2022-11-14,0.0051067720966014,0.0247677990837558,0.0172349832801863,0.0057037823593142,-0.0429239353764686,0.003631804584527223
2022-11-15,0.0060809602922554,-0.0296905775346079,0.013375543780961,0.0049140518975379,0.0537299760158536,0.005884584857398199
2022-11-16,0.002183701783796,0.0077303116321809,-0.000897830698377,0.0070945355910898,0.0341340661153117,0.0013317250144079186
2022-11-17,-0.0135930261540989,-0.0106541657095377,0.0037391823288055,-0.008252698627213,-0.0175224241700702,-0.013947976416954342
2022-11-18,-0.0049546656712203,-0.0331682297093517,0.0035863385602117,-0.0011229344410387,-0.0074657943019088,-0.004799592770002589
2022-11-21,-0.0287295219435184,-0.0240587665636383,-0.0032017323001336,0.0119688344611181,-0.033848702700066,-0.02922654778833625
2022-11-22,0.0526994506444429,-0.0019402624173791,-0.0029753632285509,-0.0039645076602631,-0.0328719810248516,0.0536388819266121
2022-11-23,-0.001389536364424,0.0104059884947504,-0.0082478035897222,0.0052745960617672,-0.0478532945266944,-0.004990070461099217
2022-11-24,0.0030387980877421,-0.033386112809698,0.0063826477429311,0.0042087685369889,-0.0441522073102426,0.0041632028618318745
2022-11-25,0.0106102107375966,0.0,0.0101975058632999,0.0039402725137085,0.0,0.009272675589951474
2022-11-28,-0.0124243415283967,-0.0208407251184918,-0.0007806339603811,0.0001059876163329,0.0073709884873938,-0.0129467871724549
2022-11-29,0.020910162501323,-0.0052612080170041,-0.0038983162082381,-0.0067887732315483,0.083414589486471,0.021089745914541883
2022-11-30,0.0130504374950809,-0.001923352054498,-0.002120752501491,-0.0002719008099889,-0.014407911211844,0.011317163731256482
2022-12-01,-0.0133198962655289,0.0289052337849404,-0.0020338840871586,0.0076961472910557,-0.0598446552064257,-0.01376923339417301
2022-12-02,-0.0143576929338807,0.0169729245354379,0.0097684768344052,0.0049890104327765,-0.0359572290506066,-0.01417055902035935
2022-12-05,0.0013720734976778,-0.0150782412523868,0.0098862021622514,-0.0016564431311958,-0.0393145504358156,0.0013049489596671164
2022-12-06,-0.0087961662486096,-0.0337735117442479,0.0014973029524858,-0.005372149518967,0.0886673967162179,-0.00948681312218853
2022-12-07,-0.0195699055060184,-0.0402757839714984,-0.0044822536852026,-0.0043826503937104,0.0684337386165756,-0.019481919129078554
2022-12-08,0.0042350700136862,-0.0274732242860313,-0.0026591461795627,-0.0046430965083066,0.0230040697846984,0.004461978062253478
2022-12-09,-0.0075883057370713,-0.0132175284082988,0.004226465299703,9.43959796777527e-05,-0.0171957400529415,-0.008554659817242967
2022-12-12,0.0042974394492611,-0.0006566388805759,0.0044137990466213,0.0054446894883311,0.0242260648720988,0.004459663922945225
2022-12-13,0.0162119665910833,0.0248357349217445,-0.0035459127400659,-0.0052756918520882,0.0950503759765972,0.015273492978121465
2022-12-14,-0.0076857594389116,0.0344916337362268,0.0018552850472817,0.0165764896482925,-0.0980000305175781,-0.008663643357576117
2022-12-15,-0.0124057959036568,0.0250371422338333,0.0080550244417878,-0.0029020721055702,-0.0625277115351204,-0.012233461469623525
2022-12-16,-0.0174345080480546,-0.018016903491569,0.0046763155264422,-0.0351071522997002,0.0799432631433827,-0.017586990087603716
2022-12-19,0.0161940020804435,-0.0267208249403886,-0.0033518427765883,-0.0082592309210594,-0.0091983830562609,0.016434436596684407
2022-12-20,0.0068525516105982,0.0096154115312157,-0.0052183801164021,0.0018979844128199,-0.0088417663801568,0.005313556889679277
2022-12-21,0.0220248606351742,0.0023808872775166,0.0027916391825502,-0.0022958407296366,-0.0419268747037846,0.021776352133545968
2022-12-22,-0.0001289927362494,0.0276284428490234,0.0011690042821561,0.018319551738013,-0.065642452395756,-0.001710978986996673
2022-12-23,0.0031054260218623,-0.0148417717348185,-0.0015915521649506,-0.0126182778336334,0.0946686421236098,0.00320795029048868
2022-12-27,0.0053214079891629,0.0,0.0060805750109222,0.0,0.0,0.004467827837459782
2022-12-28,-0.0063616850183542,0.0048856490831179,-0.0025855972022179,0.0041602937303995,0.037374161376676,-0.0068644249506202145
2022-12-29,0.0022389695616317,-0.0126882446530457,-0.0002871494728964,-0.0062798110285813,0.0226327842841518,0.0021221246069379617
2022-12-30,-0.0145674476098769,-0.0120105689928255,-0.0007441358397561,0.0108301256713783,-0.03161693201844,-0.01527543677257276
2023-01-02,0.0158624350117303,0.0443715223813652,0.002963731578736,-0.0146620581364977,0.010727590322163,0.01623192807296548
2023-01-03,-0.0090770995618292,0.0,0.0045944889391436,0.0,0.0,-0.010661915878800993
2023-01-04,-0.0308183724900938,-0.0443487955485757,-0.0029897675594858,0.0233734320084577,0.0567604770607221,-0.030290853155130863
2023-01-05,0.0100970883882155,-0.051887968518943,-0.0122553955983153,0.0236149104570158,-0.0388646028154632,0.0106470361370396
2023-01-06,0.0152389348757127,0.0109199144849119,0.0056424849810841,-0.0036462253970709,0.0204451999505355,0.013841058501939176
2023-01-09,-0.0013513762773775,-0.0015250062632974,-0.0079336748915171,0.0147368083546521,-0.0592163837008136,-0.0020642043617741094
2023-01-10,-0.0030121098370084,0.0137457278255002,0.0127450016291523,0.0126411615411576,0.0397539132016422,-0.0032660219775389947
2023-01-11,0.0039799946036053,0.0056496790912927,0.0072126366961056,-0.0027429831069396,-0.0632680670501215,0.0035859536874616646
2023-01-12,0.0129145622566926,0.0320848906839186,0.0005368935499137,0.0104251933709103,0.0247813523213071,0.012256278299239587
2023-01-13,0.0008429023669147,0.0164509573058444,0.0025192926532231,0.0065663384430394,-0.1071598014476314,-0.00011242737475563897
2023-01-16,-0.0081077009002748,0.0148756398686034,0.008753345079312,0.0058448020875967,-0.025491213180093,-0.008349905084989133
2023-01-17,0.0062924658967349,0.0,-0.0032798297386377,0.0014937350882349,0.0,0.0061340936092453046
2023-01-18,0.0040971298289633,0.0075046833819116,0.0005090112725842,0.0041688905761365,0.0550408832635098,0.0032170240550629106
2023-01-19,-0.0169263818485613,-0.0109403495349639,-0.0033999007811912,2.3394472448146075e-06,0.0506198094700645,-0.017358514396611457
2023-01-20,0.0085787258121455,0.0138856231885462,0.0004211359670549,-0.0191790360751279,0.0088495724594612,0.00892840687417215
2023-01-23,0.0049702695032598,0.017061206230601,0.0033367572336886,0.006257479425821,-0.0326510751143991,0.003739742674184913
2023-01-24,-0.0136975210246439,0.0063905649382687,0.0028793633886876,0.0075050177450695,-0.0020151594336836,-0.014003953636568688
2023-01-25,-0.0098029060099619,-0.0233587156249026,0.0008481189095626,0.0005300628323259,-0.0307924643840423,-0.009666013192642018
2023-01-26,0.0076352855697384,-0.000116039790487,0.0012739505666399,-0.0011823097955001,-0.0062500434617184,0.007376464606760372
2023-01-27,0.0111748292215789,0.0156757829896223,0.0031127790358256,0.0062366036677332,-0.0183438355801494,0.010279029786855003
2023-01-30,-0.0059408357298638,-0.0092602897826647,-0.002527594746602,0.00096545387738,-0.0117458258799415,-0.006700579459544299
2023-01-31,-0.0025002050329058,-0.0203092783505154,-0.0021090037851332,-0.004638544163288,0.0772555530790592,-0.002514466559537125
2023-02-01,-0.0061183774368925,-0.0048292538838694,-0.001909724925485,0.001159110725367,-0.0270812889199787,-0.0066508908994846565
2023-02-02,-0.0211641130796569,-0.0195289568895402,0.0009449341051008,0.0019190204563381,-0.0788659180093729,-0.021278284943775858
2023-02-03,0.0148516979231987,-0.0080878585051175,0.013986332519027,0.0167041061983406,0.048125274908483,0.015250448045318511
2023-02-06,-0.0131073127016567,-0.0271388070735268,-0.0097819392200904,0.0039753326516087,-0.0213560933425689,-0.014658222147691963
2023-02-07,0.0309876407528563,0.0131347934738041,-0.0104779445121833,-0.0123367853764467,0.0600109321357444,0.03168980687945671
2023-02-08,0.019339053800876,0.0333375064681233,-0.0055692473876857,0.0009178240383282,-0.0396294619490334,0.016879559716144202
2023-02-09,0.0120008466602613,0.0167283290195212,-9.653820013244552e-05,-3.804809999041758e-05,0.0519828146455756,0.011599950791981386
2023-02-10,0.0306693383969908,-0.0069337920235389,-0.00129666986603,0.0097383641176989,0.0550178283178224,0.02963457668371765
2023-02-13,-0.0008410185748021,0.0223668566822299,0.0024707762019642,-0.0122819939186288,-0.0086913764260908,-0.0024574848288132587
2023-02-14,0.0044660579225901,0.0025466051887654,-0.0060115712648403,0.0103431498499368,-0.0092547748515765,0.00461872879899648
2023-02-15,-0.0032365546877706,-0.0118923770007891,0.0049359637633363,-0.0006130339655353,-0.0703048325687372,-0.004178457499151825
2023-02-16,0.0045938248924186,-0.0023370480644713,0.0004939271183097,0.0097387622134827,-0.0359598260530309,0.004538361308710113
2023-02-17,-0.021788441134077,-0.0028109378249004,-0.0040949284314707,0.0040186996279285,0.1064180242880923,-0.022637179614202863
2023-02-20,0.0001179327731242,-0.0251350646580885,-0.0024318489142922,-0.0051941039557091,-0.0074367683670248,0.0008963944026053692
2023-02-21,-0.0116259886711861,0.0,0.0017521907973379,-0.00087481079461,0.0,-0.012660332129040445
2023-02-22,-0.0083886593883846,0.0006024464067206,-0.0001708178795777,-0.0048652298854845,0.1423576581570211,-0.008002862615392866
2023-02-23,0.0035124994088214,-0.0295003550585042,-0.0028654545340924,-0.0017692498833117,-0.0253607303201784,0.0030680738581341112
2023-02-24,-0.00315313466055,0.0199751940549788,-0.0043377281741824,0.0036013919459279,-0.0515927087772261,-0.003765267844996319
2023-02-27,0.0108964156269381,0.0115558276148448,-0.000731274741359,-0.0186325382606374,0.0250709887392444,0.010679808123331646
2023-02-28,-0.0050064314621868,-0.0085378388961121,-0.0040846825304964,0.016557292325755,-0.0332256257877054,-0.006076750629639879
2023-03-01,-0.000696070090651,0.0174651606392441,0.0053479946234307,-0.0022669163546715,-0.0119331737897714,-0.0006065258277002165
2023-03-02,0.0157268881075731,0.0050065344141263,-0.0031943562553166,-0.0053392766666029,-0.0057971417782864,0.015059476205676596
2023-03-03,-0.0043486618400449,0.0052188643594783,0.008663242754052,0.0058921529383857,-0.0481049453249893,-0.0054327893896396265
2023-03-06,0.0060254551755458,0.0127433844372235,-0.0064871027797622,0.0127835897681538,-0.056151116534035,0.006090439661646649
2023-03-07,-0.0025131949370815,0.004077810400261,0.0024971602730636,0.0044192934087485,0.006490040060511,-0.0034871287439379953
2023-03-08,-0.0024538889556379,-0.0335344555513406,0.0058465965081069,-0.0080717667458513,0.0526598339653581,-0.002528331319481151
2023-03-09,-0.0094288928787269,-0.0075639001860128,-0.0128719320278116,0.0022178834253268,-0.0245022735322908,-0.009934912194306807
2023-03-10,-0.0045037280722106,-0.0129446803389052,-0.0001160371996958,-0.0005433380402894,0.1831501773005757,-0.004473793570965759
2023-03-13,-0.0415287500261817,0.0145851513030845,0.0033341684009291,-0.0132031605470692,0.0968597331972798,-0.04198747449761398
2023-03-14,0.0111755289968254,-0.0242812535137795,0.0093481437115903,-0.0314431515674589,0.0693548900651896,0.012702679269804095
2023-03-15,-0.0666976904180697,-0.0411043683646014,0.0038717522649844,0.0202439558726317,-0.1052036526157215,-0.06861243771359765
2023-03-16,-0.0101217701662491,-0.0485473809553361,0.0002467546484075,-0.0345857933035069,0.101559203282858,-0.0067089460576915515
2023-03-17,0.0023642040050981,0.0137059909536443,-0.0134514781679897,0.0203374689417918,-0.1205049614414944,0.0005589103284257581
2023-03-20,0.013940736531713,-0.0231592476334067,0.0029083254589652,-0.0126281863115729,0.1096128961658144,0.014031667052086513
2023-03-21,0.024441149644141,0.0112374904907026,0.0060976342522351,0.0133899300542894,-0.0533124499470525,0.023080100744140325
2023-03-22,0.0021030722227048,0.0207345000720133,0.0037731329048111,0.015094400901219,-0.1146998137274608,0.0009370125237011212
2023-03-23,-0.0115980233615744,0.0181890965498261,0.0051393074613041,0.00337193833149,0.0411600141561314,-0.011799439345405368
2023-03-24,-0.0272228827792572,-0.010170801336104,0.0089245675383669,0.0027265869518109,0.0157232874155863,-0.02723544946229439
2023-03-27,0.0133743278312938,-0.012119691133661,-0.0032505566006554,-0.0181881318531332,-0.0384785853935397,0.014011495886435589
2023-03-28,0.0214867992066453,0.0417389648216635,-0.0052489216485011,0.008231209609067,-0.0524378749609252,0.019892186564096772
2023-03-29,0.0073249190313979,0.0067844183392589,0.0026801168005341,0.0008619858832223,-0.0305825755557722,0.006410067411267017
2023-03-30,0.0079262229737374,-0.0047044213528754,0.0030025495197298,0.0151288104929259,-0.0425637708236011,0.007357834130633164
2023-03-31,-0.0010281257843335,0.0126468814410785,0.000379529012304,0.0127975530027149,-0.0052301452447914,-0.001790134922876667
2023-04-03,0.0409295827777878,0.0063075567197432,0.0056267933115663,0.0069141142181314,-0.0168243789233769,0.040683810017908655
2023-04-04,-0.0177512872140313,0.064686020800502,-0.0092908617594588,-0.0009269881417486,-0.0080214716448667,-0.020229617199818566
2023-04-05,0.0056284777951626,0.0001177691769047,0.010082984873371,0.0009904825331887,0.0242588022343639,0.006992594164024519
2023-04-06,0.0056709937441481,0.0005885969028287,0.0043840464450453,-0.0039301747328936,0.0042105223003185,0.0040965852132654555
2023-04-11,0.0098878250567197,-0.0110432614083062,-0.0006001876104815,0.0,0.0309782449261675,0.009712138173784973
2023-04-12,-0.0008702934785828,0.0169874114990691,-0.0040543001173898,0.0055319919408585,0.0068529822256617,-0.0019123671812595836
2023-04-13,0.001782860901701,0.0200911249671822,0.004432512299495,0.0001707123426037,-0.0005235721823093,0.0016631166421800067
2023-04-14,0.0007440532152837,-0.0141990778331017,0.0075459674748579,0.0067397896799865,-0.0675746938300819,5.904044992239275e-05
2023-04-17,0.0039598275753862,0.0025554794989146,0.0049745447704152,0.0063048936449268,-0.0410112119958089,0.003593448821840997
2023-04-18,-0.0042440374659538,-0.017958469078985,-0.0061525162782226,-0.005270201382167,-0.0070298145301754,-0.004914552605764352
2023-04-19,-0.011432706937373,0.0001179153679098,-0.0055719125780892,0.0060308344508273,-0.0070796952113285,-0.011569836421143554
2023-04-20,-0.0077426264794543,-0.0194643619420189,0.0045767137198737,-8.656700163689468e-05,-0.0219846013613006,-0.007793664086232996
2023-04-21,0.0039156106445141,-0.0243022642650718,-0.0021137596072823,-0.0019824337124422,0.0431349350736636,0.003648828806465647
2023-04-24,0.0088565675908831,0.0069051195872338,0.0017114824208963,0.0054117990559892,-0.0232964249710482,0.00814067008430077
2023-04-25,-0.010058083094564,0.0131031061332256,0.0019455441063704,-0.0015401838917099,0.0071555711752655,-0.010793824827405492
2023-04-26,0.0063574801987941,-0.0236916068455945,0.0061159403126738,-0.0054408896573955,0.1107164539259537,0.006526707529239162
2023-04-27,-0.0213092552474369,-0.038132899958769,-0.0073335351862772,-0.0068846890703009,0.0042643882052246,-0.022348599127680675
2023-04-28,0.0198733579339046,0.0087527388828265,0.0062748219335901,0.0023782275825432,-0.0960721577114084,0.02071999030453243
2023-05-02,-0.0494308345173123,-0.0028916690254738,-0.0019159632229287,0.0,0.0190114192529442,-0.05143298956855256
2023-05-03,-0.0089938846538066,-0.05030888900005,-0.0037843921728094,-0.014786734614214,0.1057214409829203,-0.006356890328310912
2023-05-04,0.0012368671708417,-0.0396972633548085,0.0037987682014573,0.0035694093568867,0.0314960317387948,-0.00025200383584348166
2023-05-05,0.0326071866268485,0.0023503133505013,0.0052688093114561,-0.0053710957966632,0.0954198465343558,0.032600658449350964
2023-05-08,0.004893171464686,0.0386207317483835,-0.0041556061589043,0.0124562676960859,-0.144350403011655,0.002694820398742898
2023-05-09,-0.0100955290961937,0.0227091502678595,-0.0003856510137344,0.0018937585054044,-0.0122164622045953,-0.009936969554141242
2023-05-10,-0.0040811507655346,0.0055836942377318,-0.0020453015080595,-0.0058776997844719,0.0429917292059116,-0.004336445640039884
2023-05-11,-0.0109675658525923,-0.0133006036521784,-0.0028618103774721,-0.0037774089170524,-0.0434781812659798,-0.01131033415424558
2023-05-12,0.0133679674241455,-0.0187148309990842,0.0017684600274869,0.0006943118580393,-0.0005903322648502,0.013392931628322655
2023-05-15,0.0006398812785095,-0.0108029494761736,-0.0065473574790112,0.0018863931347525,0.0059066969679353,-0.0006626052115331461
2023-05-16,-0.0095381081694437,0.0142915628172699,-0.0054479186774499,-0.0003403815303779,0.0052848002911982,-0.009605217865688506
2023-05-17,0.0041736319376216,-0.0042536179787997,0.0019354338392483,-0.0002085970962921,0.0508176921283214,0.003999517997087347
2023-05-18,0.0029888149293533,0.0273661102942943,-0.000738802142888,0.0017889462110003,-0.0622567507578768,0.0022165285785082697
2023-05-19,0.0056311336475265,-0.0142931196362634,-0.0025144866312231,0.0,-0.0486070872187409,0.005200078702263948
2023-05-22,-0.0020489852471269,-0.0036909936335891,-0.0058080499224361,0.0166703655702664,0.0473520414335562,-0.00276779816913808
2023-05-23,0.0104392073395931,0.0054246629105847,0.0043941525765185,-0.0022000596784518,0.0237953379677784,0.010221176182471224
2023-05-24,-0.0007011262554529,0.0111856625610771,-0.0010810927507085,-0.0098617533069762,0.0766996904354162,-0.0017491203766851174
2023-05-25,-0.027523156874453,0.0197814204177857,-0.0038232600379183,-0.0181098039691925,0.0809498081174409,-0.0276480881746115
2023-05-26,0.0057241866569341,-0.0267993677611544,-0.0011510590374074,0.0013837386940658,-0.0444334132045465,0.006429133027695149
2023-05-29,0.0013608164460282,0.0090479254220201,-0.0030564423990097,0.0158935791093159,-0.0621733889580256,9.60894210526521e-05
2023-05-30,-0.0250938367915691,0.0,-0.0001287194559457,0.0,0.0,-0.025213078157882488
2023-05-31,-0.0229719536801213,-0.0443144401293279,-0.0014348841948289,-0.0105867255043227,-0.0272981424869062,-0.02238473517717057
2023-06-01,0.0166906370083117,-0.0119662393590229,0.0023721243822814,-0.0171358888157179,0.0274914933994372,0.016840640518565417
2023-06-02,0.027065523361461,0.0222955551271502,-0.0035294963065128,0.0093810926051676,-0.1276477618370169,0.025546122181620803
2023-06-05,-0.0006043511651581,0.0249057418487292,0.0061336817148627,0.0154805532602755,-0.0670926046424501,-0.0018191779417852454
2023-06-06,-0.0058841401986069,0.0076185715484002,-0.0057772391842383,-0.0070035029372971,0.0089040518746559,-0.005934127587479253
2023-06-07,0.0115176736167651,-0.0054751424059178,0.0012318024997735,0.0004611855756164,-0.0522742381546912,0.01116240156163489
2023-06-08,0.0037166540110207,0.0086511472643135,-0.0012837051905092,-0.0007706376921748,-0.0014326975436259,0.0026830200767988246
2023-06-09,-0.0009828504387018,-0.012865469824975,0.0008779639082063,0.0013443942955906,-0.0208034412182567,-0.0013237857224142795
2023-06-12,-0.0106469680968777,-0.0154028196820301,0.0070303534203541,-0.0018359059762551,0.0131868359125391,-0.011095601678542738
2023-06-13,0.0135178157608546,-0.0394438366295601,-0.002945761613426,0.0062241263720066,0.0853217868174487,0.013578065146888148
2023-06-14,-0.0041909416879437,0.0341036289327385,0.0011193590458071,0.0071955613533312,-0.0266489384480433,-0.005517342435110272
2023-06-15,0.003611228346865,-0.0146722836701074,0.0024492036405445,0.0065393559725519,-0.0499657467070983,0.0037842322738080012
2023-06-16,0.0001845421007039,0.0337431874819558,0.0049769290143746,-0.002481698574884,0.0446685792829373,-0.0007265813518749029
2023-06-19,-0.0006734941534128,0.0124223928129025,0.0094900870258129,0.0068038693630236,-0.0662068991825498,-0.0009056006562059259
2023-06-20,-0.0102360592407778,0.0,-0.0003501367384702,-0.0073814041766813,0.0,-0.01075121567163137
2023-06-21,0.0163329625144893,-0.0092677075945188,-0.0016277528317081,-0.0044103784197138,0.0251107942057453,0.016405467594455304
2023-06-22,-0.0177601938485497,0.0160737970510731,-0.0003603241433216,-0.0046947913437936,-0.0489913760496515,-0.019225719100496343
2023-06-23,-0.0113822961518549,-0.0386411209906973,0.006617638951915,-0.0042287398429818,-0.0219696943972282,-0.010500541346205315
2023-06-26,0.0097978943822693,-0.0039115311291442,-0.0030685508135466,-0.0076340060268468,0.0410534267417077,0.009258788843390259
2023-06-27,-0.0098108754818084,0.0044685421512951,-0.0047662377712595,0.0020975606912325,0.0602678902459905,-0.010675457217466424
2023-06-28,0.0031058946909425,-0.0258829625376982,0.0003492116615053,0.0057679099793113,-0.0357894897460937,0.003324833421643912
2023-06-29,0.0044850660557964,0.024494832420977,0.00428424362903,0.0091725555540937,-0.022561824680231,0.0035759713284531486
2023-06-30,0.0089654911941004,0.0041874586479182,-0.0037769329228853,0.0022878051455779,0.0081905922693727,0.008528810335413656
2023-07-03,0.0188698934747512,0.0075330268438935,-0.0043797721688494,0.010195881438441,0.0036927762832887,0.01799589792950502
2023-07-04,0.0010777973804079,-0.0033377836436174,0.0036322098498984,-0.0002136672447337,-0.0014717040131794,-5.666083953370844e-05
2023-07-05,-0.0150199843984239,0.0,0.0005129030135702,-0.0016278817520373,0.0,-0.015187922760820368
2023-07-06,-0.0262060125805157,0.0267916940270478,-0.0025796948868493,-0.0091733917151909,0.0449521462100124,-0.026072525411509742
2023-07-07,0.002574163645814,-0.001696084543046,-0.0026056420166346,-0.0293331705246562,0.0888574928131427,0.00309356734247715
2023-07-10,0.0035605841098202,0.0254835946573896,0.0031365420823148,0.0031991395888117,-0.0395077508585076,0.0025334385776024215
2023-07-11,0.0095885445568121,-0.0099400887876001,0.0072619281134465,0.0046994447221404,0.0161833966522495,0.009251905478021814
2023-07-12,0.0115142075111336,0.0220105422929075,0.0033018654170349,0.0070598435392847,-0.0152620800858623,0.010563025784874133
2023-07-13,-0.0006341989003479,0.0089420537887678,0.0007378319201123,0.0172399083026013,-0.0876010901191373,-0.0013836108134565935
2023-07-14,-0.0211251948266956,0.0156035450065703,0.0118467190092028,0.0071780970282708,0.0051698445362948,-0.021395622802087944
2023-07-17,-0.0048974929698576,-0.0183136412560444,0.0070819305569254,0.0019013102040799,-0.0198383182145702,-0.004426101339650916
2023-07-18,0.0118816315492371,-0.0171529072176056,0.0003818403728801,-0.0098451687718645,0.0104947067501552,0.011231116225241798
2023-07-19,0.0123979196341577,0.0143948694702926,0.0008764642952547,0.0029700631176237,-0.0133530680722562,0.011487790607802304
2023-07-20,0.0143240003667357,-0.0021348508703862,-0.0007747078827242,-0.001704955534049,0.0345864685376036,0.013513180329035942
2023-07-21,0.0108131095362677,0.00226529457903,-0.0021066989289,0.002624819102952,0.0167150827333248,0.009863761097026968
2023-07-24,0.0168287736909602,0.0179558050745245,-0.006080769970569,0.0040423564921021,-0.0278770118676897,0.016111681207717686
2023-07-25,-0.0075911394413078,0.020599459420646,-0.0010570004201242,-0.001908355356382,0.0227940777387596,-0.008703753792727963
2023-07-26,-0.0079616907931884,0.0108774661483646,-0.0055868675395923,0.0018868271347955,-0.0035945500563154,-0.007729612886678938
2023-07-27,-9.921420984711678e-05,-0.0086083360348785,-0.0011491887255589,-0.0102816715669367,-0.0483405550425943,-0.0004905798580015232
2023-07-28,-0.0041525170469714,0.0159189547029992,0.0025258379500301,0.0233056938528231,0.0924943370614841,-0.004618947059421524
2023-07-31,0.0129794119630255,0.0089031341289071,-0.0089916195794154,0.0042856247290263,-0.0749479483096602,0.01274066627157258
2023-08-01,-0.0062371069534643,0.0067066679509495,0.0041451095633622,0.0010769189731894,0.022505640844104,-0.0073954922767617715
2023-08-02,-0.015784882857775,-0.0075969368283261,-0.0024194883487713,0.0,0.0220102852689645,-0.015595093220160113
2023-08-03,0.0104133645082454,-0.0201390488766433,0.0009356727174658,-0.0301500134920521,0.1550610050316758,0.010412544015285062
2023-08-04,0.0167791087185393,0.0233173378914077,-0.0057894235267617,-0.00734927180618,-0.0105655733176983,0.015628798251142596
2023-08-07,-0.0048720796246724,0.0129198788114488,0.0006790391062911,0.0065697340322841,0.0741206218291976,-0.00577583647105617
2023-08-08,-0.004092115684204,-0.0104360105307587,0.004665144346476,0.0010592981586241,-0.0777777715810636,-0.004088329120230675
2023-08-09,0.03463128012784,0.0097258245450166,4.398837146823986e-05,-0.011216115814121,0.0139504950519,0.03416553214929486
2023-08-10,0.001129945907793,0.0160149113628487,-0.0040219420813472,0.0066404700141684,-0.0018761559349974,-0.0009453347317728196
2023-08-11,-0.0031424432541338,-0.013135368198663,0.0017124995716848,0.0154516702986193,-0.0068922090485168,-0.0028643798236099235
2023-08-14,-0.0144556040792707,0.0047453243689126,0.0003623732155264,-0.0143041487711663,-0.0637224103831965,-0.01509705623498418
2023-08-15,-0.006447432947794,-0.006911628740873,-0.0033927209667745,0.0020595284745319,-0.0013477397276295,-0.006114951919113565
2023-08-16,-0.0023193400674774,-0.0153114454105355,-0.0031529859911221,-0.009620772207921,0.110661229650443,-0.002830258009585087
2023-08-17,0.0059603398074878,-0.0169631576364676,-0.0005233900728965,-0.0010026197225979,0.0194411676775074,0.005656009262960995
2023-08-18,0.0002932505915556,0.0080288295127848,-0.0026861019315007,-0.013173759158258,0.0661500987831502,-0.000501555442291611
2023-08-21,0.0090979478664508,0.0080836933306378,-2.170454328709326e-05,-0.0035195082435998,-0.0329793277091601,0.00880524845745866
2023-08-22,0.0005397413868215,-0.0040094806019952,8.703930010756089e-05,0.0028293526679386,-0.0098265944387885,-0.0004091582929595367
2023-08-23,-0.0139120970228014,-0.0050911710849738,0.0020924881975554,0.0084026251731572,-0.0093403301372344,-0.014143013200214789
2023-08-24,0.0048361948033711,-0.0097584161220557,-0.0047401063201417,0.0014786989191584,-0.0583382328329905,0.004947249535684928
2023-08-25,0.0060464559074384,0.0018026863060847,0.0017603294476837,-0.0080741439253663,0.0763455103661656,0.00510686661413116
2023-08-28,0.0083427329817569,0.0134357334258818,-0.0061339247178405,0.0009521681178394,-0.0883721157175057,0.007846664618716413
2023-08-29,0.0072399218242212,-0.000710288655349,-0.0001620492921271,0.0135591481631749,-0.0382653297061271,0.006423719426760633
2023-08-30,0.0030406914583814,0.0126747182898876,0.0026089969157065,0.0076345227263345,-0.0417771961291952,0.002429302726915753
2023-08-31,-0.0028226420783175,0.0043280238136353,0.0040325355806294,-0.0025795060859798,-0.0394463461832534,-0.0033328497011802997
2023-09-01,0.0215697308191814,0.0116468669099849,0.0058270923050685,-0.004217586932428,-0.0223343239957304,0.0212888903964189
2023-09-04,4.614528751149353e-05,0.0194566247931253,-0.0080898408386976,-0.0033673159455716,-0.0353721114982343,-0.0014988809844578234
2023-09-05,0.0144669973690452,0.0,-0.0062929455470306,-0.000646801842513,0.0,0.014543611704864024
2023-09-06,0.0007705391947997,0.0168266269047854,0.0017269857930499,-0.002502403260905,0.0702826635270941,-0.000608601170293324
2023-09-07,0.0006526429779291,0.0062194308407339,-0.0063283953943982,-0.0072380490527539,0.0314061080082093,0.0006158866432926097
2023-09-08,0.0082418346652013,-0.0075055222585904,-0.0001823788064491,-0.004067647347521,-0.0034602208577749,0.007570773162127778
2023-09-11,0.0070087929796268,0.0081183648998972,-0.0024603954040161,0.0038308090935792,-0.0388888528317571,0.00628078323049057
2023-09-12,0.0054596132252728,-0.0001103379598688,0.0018970398979003,0.0040451660076068,-0.0028901706222559,0.004817127608299704
2023-09-13,-0.0061669584823679,0.0156663523665854,0.0030101195583809,-0.0028347726603914,0.0311593728665424,-0.006776866144842967
2023-09-14,0.0216815327066891,-0.0019552499451372,0.0002689045736952,-0.0044292416503408,-0.0527055533469211,0.02160655312870661
2023-09-15,-0.0017198137438212,0.0198084430695444,-0.0017711890280066,0.0133231410570116,-0.0489614146754351,-0.0033682628929495176
2023-09-18,-0.001348935125923,0.0024546783823338,-0.0090415732459608,0.0035749295373561,0.0756630491512744,-0.0011394123069026546
2023-09-19,0.0118291607233803,0.0053231129391622,0.0029230866127047,-0.0114480446353234,0.0152284292043429,0.011135467247266967
2023-09-20,-0.0040137950827937,-0.0009531289526027,0.0022882530643852,-0.0007488877659661,0.0078571183340889,-0.0049008577505247255
2023-09-21,-0.0038932399921187,-0.0085859401106254,-0.0009934598434746,0.0078440105650214,0.0729979242882605,-0.003938046482305072
2023-09-22,0.0034956223737125,-0.0024590583827739,-0.0027165130783666,-0.0148247038125283,0.1585205097609572,0.003043621984242912
2023-09-25,0.0001036305327421,-0.000321612086923,0.000799538069538,-0.0012889190976083,-0.01938427222583,-0.0005040928421104403
2023-09-26,-0.0022500721516152,0.0002144770363559,-0.001224568977325,-0.0094576953538099,-0.0174419262268631,-0.002622972509925039
2023-09-27,0.0142495914168585,0.0071818861868377,-0.0053381976116032,-0.0091640387900137,0.1207101160695029,0.013876191247307547
2023-09-28,0.006507748279126,0.0275649637347981,-0.0020927596526203,0.0006054470605723,-0.0380148469060721,0.005353413633850949
2023-09-29,-0.0143392362841859,-0.0121181332093033,-0.0060719632993376,0.0072318963572368,-0.0482985287557941,-0.014754779721807212
2023-10-02,-0.0152182466991576,-0.000733903300901,0.0054396663644062,0.0031478814367218,0.010380640345549,-0.014998961129526745
2023-10-03,-0.0089542711926836,-0.0482635462380863,0.0002640956540915,-0.0088702486074371,0.0051369948765045,-0.00899597904836929
2023-10-04,-0.0245565597080149,0.0023150599337686,-0.0079968262729717,-0.0101603565598039,0.1232254401523627,-0.02477042381056513
2023-10-05,-7.680410886022153e-05,-0.0562032634542764,-0.0008064248286944,0.0010401455404973,-0.0606673772134717,0.0005300818536270447
2023-10-06,0.0069564968405085,-0.0202773326334312,0.0033202797285585,-9.76598205937318e-06,-0.0048439264239749,0.006013159756673175
2023-10-09,0.0290948490941711,0.0060663986925393,0.0037651591734484,0.0108834596114935,-0.0562465668497852,0.02855748155017369
2023-10-10,0.0107419011988184,0.0422085554213531,0.0019761152623509,-0.0076875107580969,0.014326646938088,0.008962881174028534
2023-10-11,-0.0083279051215262,-0.0056721496465681,0.0010790061501657,0.0225309624421032,-0.0378531100234076,-0.00864613883293002
2023-10-12,0.0153119391038228,-0.0208785145373258,0.0024497971874435,-0.0010534919140751,-0.055196740819555,0.015200234049996316
2023-10-13,0.0157050817341481,0.0020974167538552,0.0018379162458757,-0.0006117464145476,0.0372902657414346,0.014375705790521078
2023-10-16,0.0040247314804412,0.0568604580191678,-0.0082397416422752,-0.0147942974944681,0.157579333529668,0.0032571810314677885
2023-10-17,0.0046943747429742,-0.0136428415897948,-0.0014413625107041,0.0033218924268314,-0.1092132838344105,0.004212017062780857
2023-10-18,0.0073893844617192,0.0027886223730608,0.0031134862333037,0.0005927816886701,0.0389308606586991,0.006739377133291797
2023-10-19,-0.0084082423300532,0.0177975355613371,0.001776226820302,-0.011188916775273,0.074944083640015,-0.009105929116285197
2023-10-20,-0.0088686197660727,0.0096174563215079,-0.0032668776936237,-0.0037823466151714,0.113423537099768,-0.008795643774644557
2023-10-23,-0.0075042761889452,-0.0023813985478382,0.0045521953316327,-0.0160500852572926,0.0144859566106698,-0.007776862876274229
2023-10-24,-0.0048967626344177,-0.0252821369191486,0.0003282438458782,0.0042413480448908,-0.0617226302048831,-0.0050692212082999585
2023-10-25,0.0004919277326796,-0.0195925871129396,0.0075436415434082,0.005844032210676,-0.0687285944133321,0.0001482880191575861
2023-10-26,-0.004409916571913,0.0233904572014529,-0.006982386055249,0.0019629161032626,0.0643121383691494,-0.0049270840360966465
2023-10-27,0.0010377594095756,-0.0244091536146003,-0.002652332475175,-0.0058797291512655,0.0242694283386275,0.0008353857413338177
2023-10-30,-0.0011650815621574,0.0290003757865073,-0.0002640885189518,-0.0086530833622024,0.0285299876151465,-0.0017754299265101846
2023-10-31,-0.0124871860792651,-0.0334881332479439,-0.0001901352849225,0.0034775058948224,-0.0714621732510994,-0.012798768280524505
2023-11-01,0.0005863722998955,-0.0004573274731671,0.0049784288024075,0.0081423641298401,-0.0815190182456487,0.0006684167949883948
2023-11-02,0.0146905565550764,-0.0318042133877233,-0.0033853528824687,0.0075323661618718,-0.0700109478029951,0.013966002702674006
2023-11-03,-0.0256894195341292,0.0262318479587739,0.0007517134694974,0.0190409772427146,-0.0717250107662871,-0.02669724381202169
2023-11-06,0.0069235103969066,-0.0225676352205888,0.0030264395151795,0.001211094667038,-0.0478927207731704,0.00796249587662063
2023-11-07,-0.0256385556798906,0.0034161964614491,0.0106463435265231,-0.0038397730733763,-0.0013413483765277,-0.027119294000439744
2023-11-08,-0.007547296139548,-0.0419112430386701,-0.0009864732863567,-0.0012672458683593,-0.0053727281303878,-0.006285290371671396
2023-11-09,0.0064744293556459,-0.0253645347303386,-0.0023744990630868,0.006048128743342,-0.0243079405909213,0.005572498799738857
2023-11-10,0.0072563761029081,0.0059089918945598,0.0013388626477159,0.0121359529622271,0.058131499216304,0.0067220942889219875
2023-11-13,0.0088860234977625,0.0177477581681291,-0.004000421167261,-0.0075286887734803,-0.0732504832147394,0.008139469981869577
2023-11-14,-0.0009293368140681,0.0133856850522613,0.0021166411059054,0.008298091957684,0.0416372723649414,-0.0016518600390178742
2023-11-15,0.0013558461545297,-0.0006058582694753,0.0010916021349414,0.0140660684566817,-0.0406504317185353,0.0010865741286594228
2023-11-16,-0.0266586241833714,-0.0156420625249549,0.0164915183135498,0.0055477918225306,0.0014124617216946,-0.027252143215404544
2023-11-17,0.0154365548722952,-0.0463168529452535,-0.0021817144951142,-0.003030819040744,0.0098730173931897,0.016323936306184277
2023-11-20,0.0129676055917349,0.0412038558105498,-7.599816506165258e-05,0.0089065119825209,-0.0363128153052476,0.01115608570444101
2023-11-21,-0.0071932488088417,0.0212132374584435,0.0049080753199057,0.0003778446476938,-0.0282608940530736,-0.0076013659579652814
2023-11-22,-0.0163574812046035,0.0015791697509706,0.0035684002956233,-0.002420373370563,-0.0044742331562338,-0.016480060705652704
2023-11-23,0.0159250066844301,-0.0059429700655674,-0.0025329643120814,0.0046446403751421,-0.0374531824503928,0.01610019568897481
2023-11-24,0.0075287873011591,-0.0071985888784911,-0.0025048944362017,0.0021368938207462,0.0,0.006033629301913127
2023-11-27,-0.0050606228906051,-0.0097087487877777,0.0014178090521081,0.0024717915383403,-0.0303502203692656,-0.005362043679575011
2023-11-28,0.0026463148654451,-0.0074459972758385,0.0031289075821303,-0.004046097072602,0.0184590322256958,0.0023719067206957765
2023-11-29,-0.0126548441504331,0.0212552747798153,0.0016438017038615,-0.0014675091434779,0.0,-0.013307011840232882
2023-11-30,0.0082054440469925,0.017384894265914,0.0043364265486818,0.0051770151756169,0.0228526376235127,0.00845777639195043
2023-12-01,0.000737958549063,-0.0032490571362704,-0.0029300982241451,0.0027320325622888,-0.0046224551662846,-0.00042849120488188525
2023-12-04,-0.017757890287845,-0.047688089947087,-0.0074392180331486,0.0082235700448531,-0.0224458173483396,-0.017894489351821335
2023-12-05,0.0005710218384851,-0.0107758430998711,-0.0003593113742242,-0.0008056042650833,0.0356294382571393,0.0008191957227636379
2023-12-06,-0.0110239295706134,-0.0106369581448065,-0.0046277283347853,0.0085663082357994,-0.0175840629646701,-0.01182694713179678
2023-12-07,-0.0030979659369645,-0.0375646892632475,-0.0040692432417508,0.0068473660126195,0.0093385122176437,-0.0028509418225950594
2023-12-08,0.0141683992678641,-0.0033647374122696,-0.0024977977499498,-0.0021167067245382,0.0069391018299884,0.01353963714938523
2023-12-11,-0.0029121512931826,0.0241727645153733,0.0023634374695518,0.011073443392535,-0.0543644728433945,-0.003940916111068048
2023-12-12,-0.012308548114038,0.002505306574116,-0.0024438021602751,0.0037317545323762,0.0226720424552626,-0.01233796516373219
2023-12-13,-0.0038309791818778,-0.0366960536672672,7.529635204672758e-05,-0.0007885304736592,-0.0443389085148466,-0.0038918946006387665
2023-12-14,0.0076427299882917,0.0139268746888578,0.0029805145498138,-0.0014151364275253,0.0099419957409394,0.007195460671159803
2023-12-15,-0.0094117614532348,0.0316455481621182,0.008099171382361,0.0019800968523993,0.0237899894861119,-0.01021808387654462
2023-12-18,0.0161748325091226,-0.0007831556992005,0.0098723733424674,0.0022646887975732,-0.0160256263302152,0.01634710425977814
2023-12-19,-0.0043847507308609,0.0182886197344471,-0.0089450322713845,-0.0062227568576274,0.0228013593431699,-0.005890346080440116
2023-12-20,0.0082742662861176,0.0164208654112112,0.0026216654758792,0.0031562949751784,-0.002388589621275,0.008541864449018187
2023-12-21,-0.0038832981594909,0.0059320152896025,0.0052379143458374,-0.0003483878288623,0.0909816733932546,-0.0050602831886420695
2023-12-22,0.0033249263756421,-0.0038895554637858,-0.0032180185590533,-0.0019762498918985,-0.0014630912693524,0.0034121415829239618
2023-12-27,0.0047228987133873,0.025294043350438,-0.0005730958886397,0.0,-0.0030698359687461,0.0038662238841816908
